player,player_id,position,team_name,player_game_count,avg_depth_of_target,avoided_tackles,caught_percent,contested_catch_rate,contested_receptions,contested_targets,declined_penalties,drop_rate,drops,epa,first_downs,franchise_id,fumbles,grades_hands_drop,grades_hands_fumble,grades_offense,grades_pass_block,grades_pass_route,inline_rate,inline_snaps,interceptions,longest,pass_block_rate,pass_blocks,pass_plays,penalties,positive_epa_percent,receptions,route_rate,routes,slot_rate,slot_snaps,targeted_qb_rating,targets,touchdowns,wide_rate,wide_snaps,yards,yards_after_catch,yards_after_catch_per_reception,yards_per_reception,yprr,year,fantasyPts,ptsPerSnap,ptsPerTouch
AJ Brown,48327,WR,TEN,19.0,13.2,18.0,61.3,29.2,7.0,24.0,2,6.6,4.0,0.07,42.0,31,1.0,69.4,44.4,81.8,66.2,80.9,0.0,0.0,2.0,91.0,0.2,1.0,487.0,4.0,47.0,57.0,94.7,461.0,12.5,61.0,122.8,93.0,8.0,87.5,426.0,1115.0,498.0,8.7,19.6,2.42,2019,243.5,0.32,3.48
AJ Brown,48327,WR,TEN,16.333,12.0,18.0,66.9,61.3,15.0,28.667,0,7.8,6.0,0.197,54.0,31,1.667,59.667,33.333,87.533,,87.233,0.467,2.0,2.0,79.0,0.067,0.333,467.0,2.667,50.6,69.667,94.7,442.333,15.1,70.333,129.933,103.667,10.667,84.433,394.667,1143.667,466.667,6.833,16.667,2.587,2020,180.9,0.3,2.78
AJ Brown,48327,WR,TEN,15.0,12.686,12.286,63.986,50.0,13.857,27.143,1,10.029,7.714,0.159,51.143,31,0.714,51.514,60.914,86.829,,88.129,0.486,2.0,2.0,66.429,0.029,0.143,424.714,2.857,49.971,68.714,94.7,402.143,25.5,105.0,114.257,107.286,8.0,73.843,317.143,1067.857,338.286,4.986,15.657,2.663,2021,303.6,0.3,3.45
AJ Brown,48327,WR,PHI,17.571,12.829,16.286,64.129,46.9,15.0,30.143,0,8.257,7.571,0.12,60.857,24,1.429,59.943,46.943,87.686,,89.086,0.243,1.0,2.571,71.286,0.0,0.0,578.714,2.286,47.343,88.0,94.7,548.143,26.6,151.571,114.7,137.286,10.286,73.014,425.286,1392.571,487.286,5.357,15.743,2.57,2022,293.6,0.29,2.77
AJ Brown,48327,WR,PHI,17.429,12.629,17.714,66.914,45.2,14.143,30.571,0,5.586,5.571,0.081,66.143,24,1.714,76.514,41.714,88.814,80.3,89.743,0.186,0.857,3.429,64.143,0.286,1.714,603.571,2.143,46.443,99.143,94.929,572.857,25.786,153.286,107.529,147.714,8.286,73.9,448.429,1445.571,488.0,4.886,14.614,2.534,2023,216.9,0.28,3.24
AJ Brown,48327,WR,PHI,17.429,12.686,18.0,67.271,59.4,17.0,31.714,0,3.386,3.286,0.14,65.571,24,0.857,86.329,61.943,89.786,,90.471,0.057,0.286,3.286,66.286,0.143,0.857,562.286,2.571,47.571,89.857,94.471,531.286,20.343,117.0,113.071,133.429,8.857,79.557,444.571,1360.286,457.571,5.1,15.214,2.564,2024,220.3,0.26,2.82
AJ Green,6156,WR,CIN,16.0,14.3,8.0,56.0,43.2,19.0,44.0,0,6.3,5.0,-0.05,55.0,7,2.0,71.7,27.8,82.2,,82.7,0.0,0.0,7.0,77.0,0.0,0.0,543.0,5.0,41.2,75.0,95.2,517.0,13.6,74.0,80.4,134.0,8.0,86.2,468.0,1078.0,292.0,3.9,14.4,2.09,2017,151.4,0.33,3.29
AJ Green,6156,WR,CIN,16.0,14.167,5.333,49.667,46.3,19.0,42.0,0,6.1,3.667,-0.037,41.0,7,0.667,71.7,62.067,71.6,,71.367,0.0,0.0,4.333,47.667,0.0,0.0,539.667,3.0,42.067,56.333,95.333,514.333,18.533,100.0,64.6,112.0,4.0,81.4,439.333,708.0,152.667,2.5,12.2,1.377,2020,156.8,0.18,2.9
AJ Green,6156,WR,ARZ,16.571,13.557,6.286,54.486,50.0,15.571,32.857,0,5.643,3.286,0.036,38.714,1,0.286,69.757,72.314,69.429,,70.414,0.114,0.571,3.0,44.429,0.0,0.0,570.143,4.143,45.4,55.0,94.514,538.714,12.857,72.0,79.286,101.143,3.429,87.0,497.429,788.0,176.286,3.129,14.2,1.459,2021,59.6,0.11,2.48
Adam Humphries,10075,WR,TB,16.0,6.9,6.0,74.4,56.3,9.0,16.0,0,6.2,4.0,0.09,34.0,30,1.0,70.3,50.3,63.0,,62.4,0.6,3.0,0.0,43.0,0.0,0.0,534.0,0.0,48.9,61.0,93.4,499.0,82.0,438.0,100.2,82.0,1.0,16.5,88.0,631.0,300.0,4.9,10.3,1.26,2017,188.7,0.24,2.42
Adam Humphries,10075,WR,TB,16.0,6.3,8.0,74.0,46.2,7.0,14.0,1,4.6,3.333,0.183,43.333,30,0.333,79.567,75.1,71.133,,70.133,0.4,2.333,0.667,48.333,0.0,0.0,580.667,0.667,51.1,71.0,93.733,544.333,83.267,484.0,105.867,96.0,3.667,15.633,90.667,754.333,388.667,5.433,10.567,1.38,2018,86.5,0.23,2.28
Adam Humphries,10075,WR,TEN,14.286,6.871,4.0,76.743,66.7,6.429,11.143,0,3.343,2.0,0.061,31.714,31,0.143,81.529,81.557,71.286,69.4,71.314,0.171,1.0,0.286,37.857,0.4,1.143,418.0,0.286,46.357,53.857,93.429,391.0,84.143,350.857,109.086,70.857,2.714,14.986,63.429,551.286,240.857,4.157,10.071,1.42,2019,57.8,0.25,2.51
Adam Humphries,10075,WR,TEN,10.0,8.657,1.571,72.886,33.3,4.286,9.571,0,3.629,1.286,0.081,19.714,31,0.0,77.343,80.214,71.086,,71.029,0.043,0.286,0.714,29.0,0.2,0.571,266.857,0.143,46.771,35.714,92.786,248.429,82.5,221.857,102.529,48.429,2.429,17.171,43.714,360.857,124.714,2.871,9.957,1.46,2020,79.3,0.12,1.93
Adam Thielen,8288,WR,MIN,18.0,11.1,8.0,65.8,47.4,18.0,38.0,0,4.8,5.0,0.15,63.0,18,3.0,76.9,27.4,82.4,66.8,80.1,0.7,5.0,3.0,65.0,0.3,2.0,694.0,4.0,47.7,100.0,92.4,641.0,48.7,338.0,95.2,152.0,4.0,50.4,350.0,1378.0,436.0,4.4,13.8,2.15,2017,307.3,0.3,2.6
Adam Thielen,8288,WR,MIN,16.667,10.367,6.667,72.467,38.9,10.667,24.667,0,4.4,5.0,0.063,70.333,18,1.667,85.633,51.067,87.067,77.7,86.3,0.833,5.667,3.0,67.0,0.367,2.667,694.0,2.0,47.9,108.667,93.733,650.333,53.967,374.667,108.667,150.0,7.333,45.133,313.333,1374.667,424.667,3.933,12.733,2.117,2018,114.4,0.26,3.36
Adam Thielen,8288,WR,MIN,14.0,12.329,4.0,69.743,37.5,6.286,15.143,1,5.714,3.857,0.021,45.571,18,1.286,70.929,42.114,80.4,,81.729,0.357,2.429,1.857,53.857,0.157,1.143,474.0,3.143,43.843,70.571,93.257,442.714,40.671,214.857,117.543,99.714,6.571,58.714,256.0,930.286,264.286,3.629,13.571,2.096,2019,252.0,0.27,3.27
Adam Thielen,8288,WR,MIN,14.286,12.514,3.714,70.057,40.7,8.143,20.286,0,6.114,4.429,0.114,47.429,18,0.429,74.314,66.071,84.257,,85.371,0.357,2.0,3.0,51.429,0.057,0.429,493.714,1.286,48.8,70.429,93.114,460.143,32.343,166.143,120.829,99.571,11.0,67.243,325.286,895.286,229.571,3.214,12.943,1.957,2020,199.8,0.26,2.94
Adam Thielen,8288,WR,MIN,13.429,10.971,5.429,74.129,66.7,11.571,20.857,0,4.414,3.0,0.136,39.0,18,0.714,80.157,56.029,78.371,,78.3,0.114,0.571,2.429,40.857,0.0,0.0,468.143,0.571,48.114,65.429,93.586,438.143,26.129,121.286,126.971,88.286,10.571,73.5,345.0,764.429,228.857,3.514,11.771,1.76,2021,178.0,0.17,2.51
Adam Thielen,8288,WR,MIN,16.143,10.671,3.143,71.2,21.1,7.857,20.714,0,2.529,1.857,0.069,45.0,18,0.286,87.457,72.171,71.229,65.0,71.443,0.057,0.286,2.857,37.857,0.286,2.286,644.0,0.571,48.229,71.429,93.871,604.857,29.9,197.857,109.357,100.857,8.286,69.943,445.286,777.286,198.429,2.829,10.871,1.349,2022,229.0,0.22,2.2
Adam Thielen,8288,WR,CAR,16.714,9.014,3.0,73.871,50.0,6.571,15.286,0,2.929,2.857,-0.1,50.857,5,1.286,87.729,49.071,70.914,46.5,72.471,0.0,0.0,1.714,33.571,0.543,4.0,674.0,3.143,42.557,89.286,93.614,630.857,52.5,358.286,104.929,120.571,5.429,46.929,312.0,902.0,283.143,3.143,10.143,1.45,2023,139.5,0.33,2.91
Adam Thielen,8288,WR,CAR,13.143,10.514,1.571,76.343,70.0,6.286,11.857,0,3.543,2.429,-0.083,38.857,5,0.571,82.143,66.3,73.786,,74.7,0.0,0.0,3.0,37.143,0.271,2.0,485.429,2.143,42.343,67.286,93.629,454.429,67.129,306.857,105.229,89.0,4.857,32.614,176.857,750.571,212.714,3.186,11.614,1.786,2024,37.6,0.1,1.98
Adonai Mitchell,146712,WR,IND,17.0,14.7,1.0,45.1,0.0,0.0,5.0,0,14.8,4.0,-0.23,16.0,14,2.0,41.4,20.3,57.9,,61.4,0.0,0.0,0.0,36.0,0.0,0.0,221.0,1.0,37.0,23.0,93.2,206.0,23.5,52.0,65.2,51.0,0.0,76.5,169.0,312.0,104.0,4.5,13.6,1.51,2024,89.9,0.18,2.64
Albert Wilson,8943,WR,KC,14.0,6.6,16.0,73.3,62.5,5.0,8.0,0,6.4,3.0,0.28,34.0,16,0.0,69.2,79.6,73.8,68.6,73.6,5.0,20.0,0.0,63.0,0.5,2.0,399.0,0.0,49.7,44.0,94.7,378.0,59.1,236.0,120.1,60.0,3.0,35.3,141.0,580.0,326.0,7.4,13.2,1.53,2017,90.7,0.39,2.67
Albert Wilson,8943,WR,MIA,9.333,7.4,11.333,72.567,0.0,1.667,4.0,0,4.6,1.667,0.067,18.667,17,0.0,74.933,79.067,79.6,61.6,79.667,1.667,6.667,2.0,71.0,0.633,1.333,229.667,0.667,45.033,32.0,90.9,212.0,41.767,110.667,113.233,44.0,3.667,54.5,109.0,454.0,338.667,11.333,14.4,2.53,2018,88.6,0.2,1.85
Aldrick Robinson,6330,WR,SF,16.0,12.7,1.0,43.2,21.4,3.0,14.0,0,17.4,4.0,-0.22,12.0,28,0.0,33.8,74.1,55.9,,56.2,1.1,3.0,1.0,45.0,0.0,0.0,278.0,2.0,35.8,19.0,95.3,265.0,31.7,88.0,68.4,44.0,2.0,67.3,187.0,260.0,40.0,2.1,13.7,0.98,2017,70.1,0.28,4.12
Alec Pierce,78038,WR,IND,16.0,12.2,3.0,53.9,42.9,12.0,28.0,0,8.9,4.0,-0.16,28.0,14,1.0,51.5,29.9,61.3,,61.1,0.0,0.0,2.0,47.0,0.0,0.0,501.0,1.0,43.5,41.0,95.4,478.0,6.8,34.0,77.4,76.0,2.0,93.2,467.0,593.0,111.0,2.7,14.5,1.24,2022,95.4,0.09,2.98
Alec Pierce,78038,WR,IND,16.667,14.533,1.667,51.833,42.9,10.0,23.333,0,6.9,2.667,-0.073,25.333,14,0.333,63.5,61.3,59.167,66.3,58.1,0.0,0.0,1.333,54.333,0.133,0.667,599.667,1.667,42.567,35.0,93.933,562.667,11.0,68.0,80.733,67.333,2.0,89.0,531.667,540.333,99.667,2.833,15.567,0.98,2023,161.4,0.2,4.36
Alec Pierce,78038,WR,IND,16.286,19.257,0.714,54.271,47.6,10.0,22.0,0,7.243,2.857,-0.037,29.143,14,0.143,60.243,70.843,67.814,68.1,67.929,0.0,0.0,3.429,60.429,0.171,0.857,534.143,1.286,42.471,36.143,93.514,499.429,14.486,76.571,94.371,66.571,4.857,85.514,457.571,702.429,110.143,3.043,19.414,1.46,2024,183.3,0.23,3.9
Alex Erickson,11107,WR,CIN,15.0,9.7,0.0,71.4,66.7,4.0,6.0,1,4.8,1.0,0.03,8.0,7,0.0,72.3,89.7,59.1,65.7,57.2,0.8,2.0,0.0,28.0,0.4,1.0,241.0,1.0,46.6,20.0,92.1,222.0,41.5,100.0,86.5,28.0,0.0,56.8,137.0,167.0,66.0,3.3,8.4,0.75,2018,99.2,0.16,2.07
Alex Erickson,11107,WR,CIN,15.667,9.367,2.667,61.533,25.0,4.0,12.667,0,5.933,2.333,-0.057,20.0,7,0.667,69.967,56.967,64.433,70.5,62.133,0.733,2.667,2.0,44.0,0.6,2.333,355.0,0.333,43.4,35.333,92.833,330.0,34.367,118.0,70.033,60.0,0.0,64.4,233.0,408.333,178.0,4.7,11.0,1.17,2019,26.6,0.13,1.56
Alex Erickson,11107,WR,LAC,11.286,10.929,1.143,60.257,40.0,2.857,8.286,0,2.543,1.0,-0.15,15.429,27,0.286,76.671,66.7,63.386,67.9,63.029,0.543,1.714,0.857,34.286,0.771,2.143,284.143,0.714,44.371,24.286,94.7,268.286,42.214,114.0,87.386,41.143,0.571,57.029,167.857,310.429,111.714,4.243,13.171,1.113,2023,0.0,0.0,
Allen Hurns,8931,WR,JAX,13.0,10.3,4.0,71.9,50.0,5.0,10.0,0,4.2,2.0,0.01,33.0,15,0.0,77.1,78.8,73.9,65.7,72.7,0.3,1.0,3.0,50.0,0.3,1.0,392.0,1.0,44.9,46.0,95.2,373.0,77.0,302.0,90.4,64.0,2.0,22.7,89.0,576.0,202.0,4.4,12.5,1.54,2017,61.5,0.14,3.08
Allen Hurns,8931,WR,DAL,15.667,12.967,4.0,65.167,75.0,5.667,8.667,0,4.4,1.333,0.037,19.0,9,0.667,73.233,43.0,68.3,65.7,68.233,1.1,3.0,1.0,49.333,0.367,1.0,311.333,1.0,44.633,29.333,94.0,293.0,37.0,131.333,104.133,44.0,2.0,61.7,176.333,398.0,125.333,4.2,13.967,1.327,2018,85.6,0.16,2.67
Allen Lazard,48135,WR,GB,17.0,14.7,1.0,69.1,50.0,4.0,8.0,0,7.3,3.0,0.24,27.0,12,0.0,64.8,78.3,69.5,77.2,69.1,2.2,8.0,0.0,43.0,0.8,3.0,372.0,4.0,48.0,38.0,91.7,341.0,37.9,141.0,116.7,55.0,3.0,59.7,222.0,513.0,149.0,3.9,13.5,1.5,2019,97.8,0.21,2.79
Allen Lazard,48135,WR,GB,13.667,12.5,3.667,69.033,28.6,2.667,7.333,0,12.367,5.667,0.34,29.0,12,0.0,41.4,78.367,71.433,73.9,69.5,4.867,17.333,0.667,62.333,1.0,3.667,359.333,1.333,53.8,39.333,93.1,334.333,46.233,165.667,118.3,57.0,3.667,48.633,175.333,577.0,219.0,5.567,14.633,1.727,2020,142.5,0.2,3.31
Allen Lazard,48135,WR,GB,15.0,11.757,3.857,68.614,53.3,5.714,11.714,0,9.186,4.143,0.266,29.0,12,0.0,51.057,78.786,67.586,75.0,66.3,4.429,18.857,0.286,50.714,1.0,4.429,432.857,2.286,51.4,40.286,93.9,406.714,43.814,188.143,127.671,58.714,6.143,51.643,225.429,543.857,204.143,5.071,13.529,1.386,2021,174.8,0.2,2.82
Allen Lazard,48135,WR,GB,14.857,12.2,3.571,64.343,39.1,7.714,18.429,0,7.671,4.143,0.099,38.286,12,0.0,60.729,79.971,68.257,69.8,70.443,4.171,19.714,3.0,49.143,0.557,2.571,485.286,3.143,47.414,51.714,94.343,457.857,40.743,195.429,104.529,81.429,6.286,55.043,270.0,685.571,243.429,4.771,13.286,1.506,2022,60.1,0.09,2.61
Allen Lazard,48135,WR,NYJ,14.571,12.257,2.0,54.614,23.5,6.0,18.429,0,13.0,4.429,-0.161,26.714,22,0.0,46.357,77.414,59.071,74.9,60.3,1.757,8.857,2.0,41.714,0.429,2.143,493.429,4.429,39.771,36.143,94.3,465.286,29.457,146.143,82.214,64.0,3.429,68.786,338.429,477.0,136.143,3.357,13.271,1.01,2023,126.0,0.19,3.41
Allen Lazard,48135,WR,NYJ,13.0,11.9,2.429,57.686,53.3,7.0,16.714,2,16.186,6.571,-0.096,27.857,22,0.0,35.871,77.571,60.743,52.2,62.1,1.5,7.0,2.143,47.571,0.543,2.429,469.571,6.0,42.571,36.286,93.714,440.286,33.786,157.857,94.171,62.0,4.571,64.771,304.714,504.286,144.0,3.743,13.9,1.144,2024,23.0,0.09,2.3
Allen Robinson II,8696,WR,CHI,14.0,12.7,10.0,60.7,59.3,16.0,27.0,2,3.0,2.0,0.12,41.0,6,1.0,84.7,38.9,77.7,67.6,78.7,0.8,4.0,3.0,45.0,0.2,1.0,526.0,4.0,50.3,65.0,93.5,492.0,39.0,205.0,91.5,107.0,5.0,60.3,317.0,897.0,254.0,3.9,13.8,1.82,2018,254.9,0.25,2.57
Allen Robinson II,8696,WR,CHI,15.333,12.033,7.333,62.967,59.1,22.667,38.333,1,3.0,2.667,0.027,55.667,6,0.333,88.233,68.633,79.767,65.1,80.3,0.533,3.333,4.333,47.667,0.267,1.667,622.667,4.0,45.167,87.0,93.767,584.0,40.533,253.0,89.367,137.667,6.333,58.833,365.667,1063.667,260.0,3.1,12.4,1.82,2019,262.9,0.29,2.55
Allen Robinson II,8696,WR,CHI,16.286,10.929,10.0,66.3,45.1,22.857,45.571,0,1.8,1.714,-0.011,63.857,6,0.143,89.986,77.471,84.643,65.6,84.986,0.343,2.0,5.286,44.429,0.229,1.286,641.714,1.714,45.643,99.0,95.614,613.714,34.171,218.714,90.243,148.714,6.143,65.386,420.143,1201.571,306.286,3.157,12.229,1.951,2020,85.0,0.14,2.24
Allen Robinson II,8696,WR,CHI,14.0,11.7,6.0,61.729,33.3,13.714,31.143,0,3.543,1.857,-0.14,41.571,6,0.0,81.4,80.586,75.0,62.2,75.157,0.571,2.429,4.714,41.286,0.271,1.143,503.857,1.143,42.657,66.571,94.843,479.143,34.871,174.143,70.414,104.429,3.286,64.5,326.857,771.0,186.429,2.671,11.3,1.491,2021,84.9,0.15,2.57
Allen Robinson II,8696,WR,LA,11.571,10.786,3.714,63.257,53.3,9.571,21.0,0,4.814,1.857,-0.097,29.429,26,0.0,73.986,78.329,69.329,67.6,68.814,0.257,1.0,2.571,33.714,0.4,1.571,418.286,0.857,45.771,45.143,96.2,402.571,33.686,139.286,83.243,70.429,2.857,66.043,277.857,497.286,115.0,2.4,10.7,1.147,2022,62.0,0.08,1.82
Allen Robinson II,8696,WR,PIT,14.857,9.014,1.571,68.714,57.1,5.429,10.857,0,2.343,0.857,-0.114,15.429,25,0.0,81.9,77.5,58.529,61.3,57.571,0.629,2.714,1.429,31.571,0.929,4.143,416.571,0.429,42.971,35.429,94.486,393.0,54.4,232.429,80.614,52.0,1.0,44.971,181.429,322.286,80.571,2.286,9.114,0.827,2023,6.0,0.07,2.0
Alshon Jeffery,7048,WR,PHI,19.0,14.9,4.0,52.7,42.6,23.0,54.0,2,4.2,3.0,0.24,55.0,24,0.0,81.8,81.5,77.3,,77.7,0.0,0.0,2.0,53.0,0.0,0.0,691.0,7.0,48.1,69.0,94.2,651.0,15.2,105.0,102.2,131.0,12.0,84.8,586.0,1008.0,247.0,3.6,14.6,1.55,2017,185.3,0.24,2.85
Alshon Jeffery,7048,WR,PHI,16.333,12.3,6.0,65.367,46.4,16.333,36.667,0,6.267,5.0,0.173,55.667,24,0.667,71.733,60.767,78.433,,77.833,0.0,0.0,2.0,52.333,0.0,0.0,617.0,4.333,48.767,73.667,95.067,586.333,16.667,102.333,108.533,114.333,8.0,83.333,514.667,994.667,282.333,3.8,13.533,1.703,2018,122.2,0.25,2.78
Alshon Jeffery,7048,WR,PHI,12.714,11.9,2.571,63.614,47.1,11.571,25.429,0,8.629,5.0,0.149,44.429,24,0.286,60.629,70.843,76.357,,76.214,0.0,0.0,1.429,44.143,0.0,0.0,438.714,2.429,48.5,56.143,94.343,414.714,13.886,64.429,101.886,88.429,5.714,86.114,374.286,706.286,198.714,3.457,12.314,1.707,2019,23.5,0.12,3.92
Amari Cooper,9437,WR,OAK,14.0,11.8,6.0,53.3,14.3,3.0,21.0,0,17.2,10.0,0.0,28.0,23,1.0,29.7,52.4,63.6,,62.9,0.2,1.0,5.0,87.0,0.0,0.0,473.0,2.0,43.3,48.0,93.2,441.0,22.0,104.0,80.8,90.0,7.0,77.4,366.0,680.0,300.0,6.3,14.2,1.54,2017,219.5,0.26,2.85
Amari Cooper,9437,WR,DAL,16.0,10.6,5.333,66.633,72.7,6.333,14.333,1,10.0,7.333,0.087,48.0,9,2.333,58.767,34.4,72.333,,71.233,0.067,0.333,3.667,89.0,0.0,0.0,596.333,1.333,48.233,74.667,93.2,555.667,22.0,131.333,104.133,110.0,7.667,77.8,464.0,1010.667,428.667,5.833,13.667,1.793,2018,246.5,0.29,3.08
Amari Cooper,9437,WR,DAL,16.0,11.971,5.714,67.471,38.5,8.429,21.0,1,8.914,7.143,0.169,51.429,9,1.0,61.243,61.771,79.114,,78.643,0.029,0.143,2.714,68.429,0.0,0.0,569.286,4.0,49.986,77.143,93.943,534.714,17.257,99.143,111.657,113.429,7.857,82.657,469.714,1112.571,316.286,4.157,14.486,2.077,2019,234.8,0.25,2.4
Amari Cooper,9437,WR,DAL,16.143,10.571,7.0,71.014,60.0,9.143,17.571,1,5.057,4.571,0.101,54.571,9,0.429,78.786,74.914,78.386,,79.171,0.114,0.571,3.286,67.429,0.0,0.0,615.429,3.571,49.5,87.714,95.571,588.429,22.486,140.429,106.171,123.429,6.286,77.457,474.429,1144.286,369.857,4.143,13.143,1.963,2020,202.5,0.24,2.98
Amari Cooper,9437,WR,DAL,16.0,11.371,9.429,69.071,58.3,12.0,21.714,0,4.986,4.143,0.121,50.571,9,0.571,78.214,64.671,75.429,,76.257,0.057,0.286,1.429,50.714,0.0,0.0,612.714,2.286,50.214,79.857,93.986,576.143,25.729,158.714,114.357,115.429,7.714,74.243,453.714,1019.0,281.143,3.443,12.814,1.776,2021,248.0,0.25,3.18
Amari Cooper,9437,WR,CLV,16.571,12.357,8.286,65.043,55.6,13.857,24.429,0,5.971,5.0,0.044,56.286,8,0.286,73.114,73.371,78.1,,79.886,0.029,0.143,2.286,53.0,0.0,0.0,611.714,3.571,47.614,78.857,93.5,572.143,26.114,159.714,109.314,121.429,8.429,73.814,451.286,1087.429,293.143,3.686,13.843,1.901,2022,227.0,0.26,3.15
Amari Cooper,9437,WR,CLV,16.286,13.557,6.429,61.557,53.3,15.429,28.286,0,6.3,5.143,-0.077,55.143,8,1.286,61.929,59.286,79.286,68.1,79.886,0.0,0.0,4.286,64.429,0.114,0.571,619.714,2.143,43.786,76.286,93.614,580.286,23.471,145.286,98.1,124.143,6.714,76.329,473.0,1212.143,276.857,3.643,15.886,2.084,2023,122.7,0.21,2.79
Amari Rodgers,61212,WR,HST,13.0,10.7,2.0,69.6,60.0,3.0,5.0,0,5.9,1.0,-0.12,12.0,13,2.0,68.0,24.3,62.1,,64.1,0.6,1.0,1.0,37.0,0.0,0.0,172.0,1.0,37.0,16.0,94.2,162.0,66.3,114.0,93.4,23.0,1.0,33.1,57.0,204.0,64.0,4.0,12.8,1.26,2022,0.0,0.0,
Amon-Ra St Brown,84470,WR,DET,17.0,7.0,8.0,78.3,50.0,9.0,18.0,0,2.2,2.0,-0.04,48.0,11,0.0,91.0,84.1,79.4,68.6,79.4,0.2,1.0,2.0,37.0,0.5,3.0,552.0,1.0,46.9,90.0,94.7,523.0,77.0,425.0,107.0,115.0,5.0,20.8,115.0,912.0,430.0,4.8,10.1,1.74,2021,267.6,0.32,2.33
Amon-Ra St Brown,84470,WR,DET,16.333,6.8,8.667,76.967,38.5,6.333,14.667,0,3.133,3.333,0.113,61.333,11,0.0,89.067,84.633,86.933,64.9,86.733,0.333,1.667,1.333,45.0,0.3,1.667,524.667,0.333,48.033,100.667,94.567,496.333,65.6,345.667,110.2,131.0,5.667,32.733,170.333,1078.0,506.0,5.0,10.7,2.18,2022,332.9,0.33,2.71
Amon-Ra St Brown,84470,WR,DET,17.857,7.486,15.143,75.386,51.7,11.286,22.857,0,3.286,4.286,0.117,79.429,11,0.571,88.743,74.786,89.371,39.2,89.343,0.143,0.714,2.286,59.286,0.471,3.0,639.143,0.714,49.157,123.714,94.986,607.571,59.714,377.286,113.457,164.714,8.714,38.943,253.571,1484.286,675.143,5.4,11.843,2.414,2023,313.9,0.31,2.68
Amon-Ra St Brown,84470,WR,DET,18.0,7.986,14.429,79.586,67.7,17.0,27.857,1,2.4,3.143,0.204,80.857,11,0.857,89.986,67.957,90.043,76.2,90.543,0.057,0.286,1.571,64.714,0.371,2.429,633.286,2.0,51.914,125.714,95.929,607.571,54.414,344.0,123.543,158.714,10.857,44.443,282.0,1477.0,574.286,4.529,11.714,2.426,2024,324.0,0.34,2.7
Andre Holmes,6489,WR,BUF,14.0,14.6,0.0,56.5,50.0,3.0,6.0,0,7.1,1.0,-0.06,10.0,4,0.0,65.6,73.0,63.3,,61.2,0.5,1.0,0.0,36.0,0.0,0.0,205.0,1.0,44.1,13.0,95.1,195.0,13.7,28.0,110.5,23.0,3.0,85.9,176.0,120.0,11.0,0.8,9.2,0.62,2017,29.2,0.1,2.25
Andre Roberts,5612,WR,NYJ,13.0,9.1,3.0,55.6,0.0,0.0,2.0,0,16.7,2.0,-0.15,4.0,22,0.0,41.1,50.1,58.1,,56.1,0.0,0.0,2.0,20.0,0.0,0.0,121.0,0.0,38.3,10.0,99.2,120.0,33.9,41.0,45.6,18.0,1.0,66.1,80.0,79.0,17.0,1.7,7.9,0.66,2018,5.7,0.05,1.43
Andrei Iosivas,109811,WR,CIN,15.0,9.4,0.0,60.0,40.0,2.0,5.0,1,11.8,2.0,0.01,11.0,7,0.0,51.5,73.8,61.2,,62.1,0.0,0.0,1.0,16.0,0.0,0.0,159.0,1.0,49.0,15.0,95.0,151.0,17.0,27.0,94.3,25.0,4.0,83.0,132.0,116.0,34.0,2.3,7.7,0.77,2023,119.9,0.13,3.33
Andrei Iosivas,109811,WR,CIN,16.333,10.933,0.0,60.667,58.3,5.333,9.667,0,10.6,3.333,0.09,21.0,7,0.0,53.9,76.333,55.533,65.7,56.9,0.0,0.0,1.0,31.333,0.133,0.667,466.333,1.667,51.133,29.0,93.267,432.333,40.6,225.667,107.167,47.667,5.333,59.4,240.667,358.0,61.333,2.167,11.433,0.817,2024,89.9,0.11,2.5
Andy Isabella,47448,WR,ARZ,13.0,11.9,4.0,61.8,20.0,1.0,5.0,0,12.5,3.0,0.01,10.0,1,0.0,47.8,27.9,56.8,,56.1,0.0,0.0,3.0,54.0,0.0,0.0,222.0,0.0,50.0,21.0,96.4,214.0,87.4,194.0,63.8,34.0,2.0,12.2,27.0,224.0,89.0,4.2,10.7,1.05,2020,2.3,0.08,2.3
Anthony Miller,48160,WR,CHI,15.0,11.9,2.0,61.0,55.6,5.0,9.0,0,10.0,4.0,0.08,21.0,6,0.0,55.9,81.2,60.6,,61.7,2.1,9.0,1.0,55.0,0.0,0.0,419.0,6.0,48.2,36.0,94.3,395.0,68.0,285.0,117.7,59.0,7.0,29.6,124.0,457.0,181.0,5.0,12.7,1.16,2018,129.5,0.19,2.44
Anthony Miller,48160,WR,CHI,15.667,10.767,2.0,63.133,35.7,5.0,12.333,2,8.067,4.0,0.033,29.667,6,0.0,62.7,54.2,64.2,,65.833,2.167,10.333,1.667,41.667,0.0,0.0,468.333,5.333,46.467,46.667,94.567,443.0,74.467,350.333,97.433,73.667,3.667,23.133,106.667,589.667,210.333,4.533,12.633,1.32,2019,110.7,0.19,2.17
Anthony Miller,48160,WR,CHI,16.429,10.386,3.714,65.4,45.5,5.0,11.571,1,6.657,3.429,-0.037,26.429,6,1.143,67.957,49.8,60.771,,61.814,1.043,5.0,2.429,37.286,0.0,0.0,463.571,2.857,44.657,49.143,95.957,444.714,84.943,394.143,86.386,75.0,2.714,13.914,64.0,542.429,173.0,3.543,11.071,1.217,2020,14.5,0.15,2.42
Antonio Brown,5718,WR,PIT,15.0,14.4,12.0,65.1,53.3,24.0,45.0,0,4.4,5.0,0.17,74.0,25,3.0,79.7,28.7,91.3,,91.3,0.2,1.0,6.0,57.0,0.0,0.0,627.0,6.0,48.8,108.0,93.5,586.0,12.4,78.0,105.1,166.0,11.0,87.4,548.0,1665.0,502.0,4.6,15.4,2.84,2017,323.7,0.32,3.11
Antonio Brown,5718,WR,PIT,15.0,12.6,13.333,63.7,19.2,11.333,32.333,0,2.133,2.333,0.183,67.333,25,1.0,87.433,65.633,83.3,,83.1,0.067,0.333,9.333,71.0,0.0,0.0,686.333,4.0,49.533,105.333,93.567,642.0,17.8,124.0,94.967,165.333,13.667,82.133,562.0,1419.667,496.667,4.733,13.467,2.24,2018,16.1,0.67,3.22
Antonio Brown,5718,WR,TB,12.714,10.771,10.286,68.214,72.7,9.429,20.143,0,2.0,1.571,0.216,46.571,30,0.429,87.414,74.414,82.671,,82.814,0.029,0.143,4.571,56.714,0.0,0.0,473.571,1.714,49.114,75.429,93.414,442.571,19.629,90.857,106.357,113.143,9.286,79.943,381.429,930.714,371.143,5.0,11.829,2.057,2020,121.1,0.45,2.82
Antonio Callaway,48101,WR,CLV,16.0,14.5,3.0,55.1,38.5,5.0,13.0,0,12.2,6.0,0.06,27.0,8,1.0,40.6,46.8,64.0,,63.1,0.2,1.0,5.0,71.0,0.0,0.0,533.0,3.0,45.5,43.0,91.9,490.0,12.6,67.0,74.0,78.0,5.0,87.2,465.0,586.0,233.0,5.4,13.6,1.2,2018,16.9,0.11,2.11
Auden Tate,48192,WR,CIN,12.0,12.9,5.0,51.3,48.1,13.0,27.0,0,11.1,5.0,-0.19,29.0,7,1.0,51.0,78.1,70.5,81.3,70.0,0.2,1.0,2.0,33.0,1.6,7.0,437.0,2.0,39.8,40.0,93.6,409.0,26.5,116.0,69.1,78.0,1.0,73.2,320.0,575.0,137.0,3.4,14.4,1.41,2019,29.0,0.17,2.07
Auden Tate,48192,WR,CIN,10.0,10.7,2.333,61.567,44.4,7.0,15.0,0,8.167,2.333,-0.083,15.667,7,0.333,60.133,74.5,72.433,68.6,70.667,1.333,1.667,0.667,23.667,5.0,7.0,215.0,1.333,39.933,22.667,90.8,198.333,37.033,68.0,81.3,40.0,0.333,59.667,143.333,291.667,82.333,3.733,11.933,1.543,2020,12.9,0.11,4.3
Ben Skowronek,27948,WR,LA,14.0,11.7,1.0,52.0,33.3,1.0,3.0,0,23.5,4.0,-0.06,7.0,26,0.0,29.5,75.4,53.7,,52.7,0.0,0.0,2.0,35.0,0.0,0.0,150.0,1.0,43.6,13.0,93.3,140.0,51.3,77.0,36.3,25.0,0.0,48.0,72.0,145.0,60.0,4.6,11.2,1.04,2021,84.3,0.12,2.11
Ben Skowronek,27948,WR,LA,14.0,9.233,1.667,62.133,40.0,1.667,4.333,0,9.5,2.0,-0.1,13.0,26,0.0,64.367,77.2,56.033,78.7,55.167,1.067,4.667,2.0,33.0,3.6,16.0,346.0,1.667,43.533,30.333,92.833,320.667,46.367,155.667,59.3,47.0,0.0,49.333,172.0,299.0,115.333,4.0,10.133,0.953,2022,21.5,0.1,2.15
Bennie Fowler,8914,WR,DEN,16.0,10.7,2.0,53.7,41.7,5.0,12.0,1,12.1,4.0,-0.17,18.0,10,0.0,47.7,76.8,56.0,,56.8,0.0,0.0,5.0,29.0,0.0,0.0,379.0,2.0,39.4,29.0,94.5,358.0,69.9,265.0,53.8,54.0,3.0,30.1,114.0,350.0,100.0,3.4,12.1,0.98,2017,41.9,0.11,2.62
Bennie Fowler,8914,WR,NYG,12.0,10.433,4.667,60.567,33.3,2.333,6.0,0,7.967,2.0,-0.003,14.0,21,0.667,60.367,40.933,57.467,,57.133,0.0,0.0,3.0,27.0,0.0,0.0,297.667,1.333,41.0,20.333,94.767,282.0,39.633,130.333,63.667,34.667,1.667,60.367,167.333,249.333,84.667,4.333,12.3,0.873,2018,44.3,0.13,1.85
Bennie Fowler,8914,WR,NYG,9.714,10.643,2.0,68.357,70.0,5.0,8.286,0,7.986,2.0,-0.019,12.857,21,0.286,61.986,60.857,59.257,,58.886,0.457,1.143,1.857,21.286,0.0,0.0,268.714,1.714,43.914,21.857,93.814,252.286,27.843,82.714,70.943,32.571,0.714,71.7,184.857,217.143,54.0,2.6,10.071,0.854,2019,3.1,0.06,1.55
Bo Melton,61610,WR,GB,7.0,13.6,1.0,69.2,50.0,3.0,6.0,0,5.3,1.0,0.44,14.0,12,0.0,69.6,75.3,83.4,,82.6,1.0,1.0,0.0,37.0,0.0,0.0,96.0,0.0,57.1,18.0,94.8,91.0,33.3,32.0,124.5,26.0,2.0,63.5,61.0,244.0,38.0,2.1,13.6,2.68,2023,22.5,0.09,1.41
Bo Melton,61610,WR,GB,12.333,16.933,1.0,54.667,80.0,3.667,5.333,0,1.767,0.333,0.14,8.667,12,0.0,61.0,75.367,69.933,,65.933,0.333,0.333,1.333,31.0,0.0,0.0,110.667,1.333,49.9,12.0,92.6,102.333,42.167,47.333,58.433,21.333,0.667,56.767,62.333,152.667,18.667,1.367,12.467,1.553,2024,24.2,0.25,2.69
Brandin Cooks,8655,WR,NE,19.0,16.2,6.0,59.1,29.0,9.0,31.0,1,9.6,8.0,0.25,51.0,19,0.0,60.6,83.0,70.7,62.2,71.5,0.0,0.0,2.0,64.0,0.1,1.0,771.0,6.0,49.7,75.0,92.5,713.0,17.9,138.0,103.7,127.0,7.0,82.1,633.0,1237.0,268.0,3.6,16.5,1.73,2017,243.2,0.25,2.7
Brandin Cooks,8655,WR,LA,19.0,14.333,7.333,67.9,43.8,12.333,31.667,0,4.533,4.0,0.183,63.667,26,0.667,80.6,68.067,77.7,,78.833,0.067,0.667,2.667,59.333,0.033,0.333,748.333,3.333,50.167,91.0,93.767,701.667,25.167,187.333,108.433,133.667,5.667,74.433,557.667,1409.667,375.333,4.067,15.567,2.01,2018,117.5,0.17,2.45
Brandin Cooks,8655,WR,LA,16.143,14.429,3.143,64.929,56.3,10.429,22.714,0,8.0,4.571,0.141,45.571,26,0.286,64.886,74.714,72.214,62.4,71.957,0.029,0.286,2.286,58.0,0.129,0.714,596.714,2.0,48.929,63.0,93.671,559.0,30.043,173.429,96.814,95.571,3.571,69.614,421.286,937.286,258.0,4.029,14.614,1.599,2019,232.0,0.29,2.86
Brandin Cooks,8655,WR,HST,15.286,13.2,2.857,68.471,38.1,9.143,21.143,0,6.629,4.571,0.19,48.857,13,0.143,70.686,78.457,77.4,,76.871,0.014,0.143,3.286,57.0,0.057,0.286,577.0,1.143,52.457,72.429,95.029,548.571,30.657,175.714,101.171,104.429,4.714,69.057,399.714,1037.429,301.857,4.1,14.243,1.847,2020,231.8,0.28,2.52
Brandin Cooks,8655,WR,HST,15.429,11.986,4.286,68.614,57.1,10.429,20.286,1,5.629,4.429,-0.03,45.143,13,0.0,76.014,82.386,77.129,,76.714,0.0,0.0,3.143,54.143,0.029,0.143,559.857,1.571,45.657,80.571,93.971,526.286,32.7,183.0,99.129,116.714,5.429,66.8,374.143,1004.429,319.714,3.971,12.614,1.89,2021,144.6,0.22,2.49
Brandin Cooks,8655,WR,HST,14.143,11.757,2.714,66.171,55.6,10.286,19.286,0,7.6,5.286,-0.103,36.857,13,0.0,66.9,81.557,75.014,,74.671,0.114,0.571,3.714,48.143,0.0,0.0,502.571,1.286,41.057,69.286,94.529,474.857,28.057,143.286,89.329,103.857,4.286,71.486,356.857,860.0,260.857,3.7,12.457,1.79,2022,171.2,0.21,2.9
Brandin Cooks,8655,WR,DAL,15.714,12.7,2.857,66.571,50.0,9.714,18.429,1,4.3,2.857,0.057,38.714,9,0.571,75.843,67.643,70.971,,71.471,0.057,0.286,4.429,41.143,0.0,0.0,572.429,1.143,46.129,63.143,93.843,536.857,32.429,189.571,93.029,94.571,6.286,67.357,381.714,750.143,183.0,2.814,11.9,1.429,2023,69.6,0.15,2.4
Brandin Cooks,8655,WR,DAL,12.429,12.586,1.0,58.057,28.6,6.286,15.714,1,1.843,1.143,-0.009,27.0,9,0.286,75.286,71.771,66.071,,66.386,0.029,0.143,3.143,33.429,0.0,0.0,426.857,1.0,45.214,40.0,92.557,396.429,26.929,122.714,79.629,66.571,4.429,73.014,303.857,449.0,99.143,2.386,10.843,1.083,2024,51.9,0.1,2.16
Brandon Aiyuk,84109,WR,SF,12.0,9.9,9.0,64.5,14.3,2.0,14.0,1,7.7,5.0,0.07,43.0,28,0.0,69.8,82.1,80.1,67.5,80.8,0.0,0.0,4.0,49.0,0.2,1.0,455.0,3.0,49.9,60.0,94.9,432.0,24.2,110.0,89.4,93.0,5.0,75.8,345.0,748.0,286.0,4.8,12.5,1.73,2020,170.3,0.19,2.79
Brandon Aiyuk,84109,WR,SF,17.333,10.233,15.0,66.167,53.6,10.667,23.333,0,5.5,3.667,0.137,43.667,28,0.667,76.267,72.167,77.3,66.0,79.133,0.133,0.667,1.333,45.0,0.2,1.0,547.0,4.333,48.9,63.333,94.5,516.667,24.8,136.0,107.4,95.667,5.0,75.067,410.333,890.0,359.333,5.667,14.033,1.723,2021,229.8,0.23,2.87
Brandon Aiyuk,84109,WR,SF,18.857,10.671,15.571,67.729,39.1,9.714,23.143,0,6.186,5.0,0.173,49.0,28,0.857,73.086,62.071,78.1,,79.343,0.057,0.286,1.143,50.143,0.086,0.429,608.143,3.571,49.643,75.143,94.5,574.571,24.686,150.286,112.486,110.714,6.714,75.257,457.571,1023.714,380.857,5.114,13.671,1.779,2022,251.2,0.31,3.35
Brandon Aiyuk,84109,WR,SF,19.429,12.971,12.857,69.257,50.0,9.857,20.857,0,3.857,3.286,0.236,61.429,28,1.0,80.757,55.971,85.614,66.8,86.3,0.143,0.714,2.0,65.0,0.2,1.286,610.429,3.857,52.171,81.286,94.7,578.143,24.671,150.714,120.714,117.286,7.571,75.186,459.0,1310.429,392.857,4.843,16.114,2.28,2023,62.4,0.17,2.5
Brandon Johnson,40666,WR,DEN,13.0,11.9,3.0,67.9,42.9,3.0,7.0,0,9.5,2.0,0.01,12.0,10,0.0,46.6,74.4,64.1,,64.6,0.0,0.0,0.0,50.0,0.0,0.0,232.0,3.0,47.5,19.0,93.5,217.0,23.3,54.0,140.5,28.0,4.0,76.7,178.0,284.0,90.0,4.7,14.9,1.31,2023,1.9,0.1,1.9
Brandon LaFell,5602,WR,CIN,16.0,8.7,3.0,60.5,31.6,6.0,19.0,0,7.1,4.0,-0.1,25.0,7,1.0,59.0,37.4,57.8,,57.7,2.0,11.0,2.0,45.0,0.0,0.0,554.0,1.0,39.8,52.0,95.3,528.0,35.6,197.0,81.0,86.0,3.0,62.3,345.0,548.0,245.0,4.7,10.5,1.04,2017,37.5,0.16,3.13
Brandon Marshall,3064,WR,NYG,5.0,10.6,3.0,56.3,40.0,4.0,10.0,0,10.0,2.0,0.09,11.0,21,0.0,55.6,73.9,62.2,,60.5,0.0,0.0,1.0,18.0,0.0,0.0,183.0,0.0,49.4,18.0,92.9,170.0,3.8,7.0,56.0,32.0,0.0,96.2,176.0,154.0,45.0,2.5,8.6,0.91,2017,30.6,0.16,2.78
Brandon Powell,48036,WR,LA,17.0,1.4,1.0,77.4,50.0,1.0,2.0,0,0.0,0.0,-0.13,7.0,26,0.0,85.7,90.3,65.8,74.3,65.8,0.7,1.0,0.0,16.0,2.6,4.0,152.0,0.0,42.3,24.0,95.4,145.0,52.0,79.0,87.6,31.0,0.0,38.8,59.0,156.0,184.0,7.7,6.5,1.08,2022,69.1,0.17,2.03
Brandon Powell,48036,WR,MIN,14.333,6.067,2.333,70.733,28.6,1.667,5.333,1,6.267,2.0,-0.003,14.333,18,0.0,66.7,72.9,63.067,76.7,64.333,0.233,0.333,1.333,24.0,1.933,4.667,254.0,2.0,43.167,27.333,94.533,239.667,59.733,155.667,81.267,39.0,0.667,37.2,93.667,268.0,129.333,4.9,9.633,1.113,2023,14.1,0.07,2.01
Braxton Berrios,47961,WR,NYJ,15.0,7.7,4.0,69.8,16.7,1.0,6.0,0,9.8,4.0,-0.29,19.0,22,0.0,55.3,87.9,72.4,,71.8,0.0,0.0,1.0,43.0,0.0,0.0,202.0,0.0,38.9,37.0,91.6,185.0,70.8,143.0,102.2,53.0,3.0,22.8,46.0,394.0,222.0,6.0,10.6,2.13,2020,117.1,0.3,2.21
Braxton Berrios,47961,WR,NYJ,15.667,5.833,2.667,74.4,83.3,3.667,6.0,0,4.667,2.0,-0.13,21.0,22,0.667,75.233,89.433,73.467,,73.467,0.467,1.333,1.0,45.0,0.0,0.0,253.333,0.0,43.167,43.0,93.4,237.0,73.067,185.667,100.8,57.667,2.333,23.6,60.0,418.667,246.0,5.733,9.8,1.803,2021,53.6,0.18,1.99
Braxton Berrios,47961,WR,NYJ,15.857,6.329,1.714,65.086,66.7,3.857,6.0,0,7.714,2.0,-0.073,13.571,22,0.286,72.643,78.5,67.371,,65.886,0.486,1.143,1.0,33.571,0.0,0.0,216.571,0.0,42.786,28.714,94.429,204.429,66.057,145.286,75.486,42.429,1.0,31.257,65.714,262.286,159.714,5.486,8.829,1.236,2022,57.9,0.13,2.07
Braxton Berrios,47961,WR,MIA,16.571,6.614,1.143,72.929,50.0,3.0,4.857,1,5.214,1.286,0.041,14.0,17,0.143,75.514,84.457,61.429,69.3,60.614,0.243,0.571,1.571,26.286,0.343,1.143,293.286,1.143,47.243,27.143,95.529,280.429,62.029,181.286,76.786,36.857,0.857,36.914,109.571,239.0,113.143,4.143,8.686,0.871,2023,0.0,0.0,
Breshad Perriman,9459,WR,BLT,11.0,14.8,0.0,32.3,8.3,1.0,12.0,0,28.6,4.0,-0.2,3.0,3,0.0,28.1,71.1,45.1,,43.4,0.0,0.0,2.0,14.0,0.0,0.0,225.0,0.0,40.9,10.0,95.6,215.0,11.1,25.0,14.6,31.0,0.0,88.4,199.0,77.0,8.0,0.8,7.7,0.36,2017,62.2,0.29,3.11
Breshad Perriman,9459,WR,CLV,10.333,17.467,1.333,53.433,33.3,1.667,8.0,1,9.533,1.333,0.06,9.667,8,0.0,64.5,73.967,62.3,,65.133,0.0,0.0,0.667,48.667,0.0,0.0,171.667,2.0,48.967,14.0,93.467,161.0,20.233,32.333,94.333,27.0,1.333,79.6,139.0,252.333,53.333,3.467,16.767,1.813,2018,138.1,0.21,3.63
Breshad Perriman,9459,WR,TB,12.429,18.229,1.714,54.557,43.8,4.714,12.571,0,5.629,1.143,0.066,20.714,30,0.0,73.586,76.214,68.3,,69.229,0.0,0.0,2.571,46.0,0.0,0.0,343.286,2.0,48.471,26.571,94.4,325.571,22.329,78.429,94.543,48.714,4.0,77.6,264.714,476.714,96.571,3.543,17.414,1.6,2019,99.1,0.15,3.2
Breshad Perriman,9459,WR,NYJ,12.286,17.029,2.0,55.6,18.2,3.429,11.714,0,5.971,2.0,-0.01,21.571,22,0.0,68.386,76.971,67.271,,67.571,0.171,0.571,3.429,52.286,0.0,0.0,380.143,1.0,44.343,29.714,94.143,358.857,25.057,95.143,87.6,54.143,3.714,74.771,284.429,521.429,140.286,4.8,17.757,1.551,2020,33.4,0.22,2.78
Brian Thomas,146760,WR,JAX,17.0,11.9,9.0,67.4,50.0,8.0,16.0,0,6.5,6.0,-0.06,53.0,15,0.0,67.7,83.6,82.0,,83.4,0.0,0.0,5.0,85.0,0.0,0.0,553.0,4.0,44.0,87.0,94.6,523.0,28.4,157.0,109.4,129.0,10.0,71.4,395.0,1282.0,572.0,6.6,14.7,2.45,2024,138.8,0.19,2.72
Brice Butler,7991,WR,DAL,13.0,18.5,1.0,68.2,80.0,4.0,5.0,0,16.7,3.0,0.04,10.0,9,0.0,39.8,73.3,65.9,,64.8,0.6,1.0,1.0,53.0,0.0,0.0,160.0,1.0,43.6,15.0,93.1,149.0,31.9,51.0,131.6,22.0,3.0,66.3,106.0,317.0,32.0,2.1,21.1,2.13,2017,18.0,0.15,3.0
Bruce Ellington,8741,WR,HST,11.0,9.9,3.0,58.0,40.0,4.0,10.0,1,9.4,3.0,0.11,13.0,13,1.0,57.0,33.2,57.0,,55.9,0.5,2.0,2.0,35.0,0.0,0.0,364.0,2.0,44.5,29.0,90.1,328.0,68.1,248.0,74.6,50.0,2.0,29.9,109.0,330.0,127.0,4.4,11.4,1.01,2017,59.6,0.22,1.86
Bryan Edwards,28486,WR,LV,17.0,14.4,6.0,59.7,52.6,10.0,19.0,0,5.1,2.0,0.07,28.0,23,1.0,73.2,29.6,62.9,66.2,62.6,0.0,0.0,0.0,51.0,0.2,1.0,585.0,2.0,47.2,37.0,94.4,552.0,26.7,156.0,109.1,62.0,3.0,73.0,427.0,612.0,205.0,5.5,16.5,1.11,2021,4.5,0.05,1.5
Byron Pringle,42345,WR,KC,14.0,9.2,5.0,73.1,100.0,1.0,1.0,0,5.0,1.0,0.21,11.0,16,0.0,69.6,80.2,59.7,75.6,55.3,3.1,8.0,0.0,37.0,2.0,5.0,254.0,1.0,53.8,19.0,91.3,232.0,50.0,127.0,107.7,26.0,1.0,46.5,118.0,199.0,82.0,4.3,10.5,0.86,2020,128.8,0.22,3.07
Byron Pringle,42345,WR,KC,18.0,10.067,7.0,73.033,60.0,4.333,7.0,0,9.333,5.0,0.183,29.0,16,0.0,54.533,46.667,63.367,66.2,61.367,2.5,10.667,0.0,39.0,0.8,2.333,444.667,2.333,51.667,42.333,92.767,414.0,58.667,269.0,126.233,58.0,5.667,38.7,164.667,499.667,174.0,4.167,11.5,1.147,2021,35.5,0.13,3.55
Calvin Austin III,61418,WR,PIT,18.0,11.9,4.0,56.3,42.9,3.0,7.0,0,5.3,1.0,-0.09,8.0,25,0.0,69.0,88.2,56.6,,56.1,0.4,1.0,1.0,72.0,0.0,0.0,262.0,2.0,41.9,18.0,94.7,248.0,41.2,108.0,81.1,32.0,2.0,58.4,153.0,187.0,74.0,4.1,10.4,0.75,2023,114.8,0.19,3.19
Calvin Austin III,61418,WR,PIT,18.0,13.033,2.667,61.3,63.6,5.667,9.667,0,5.167,1.667,-0.05,15.333,25,0.0,71.4,70.667,61.4,,61.767,0.133,0.333,0.333,60.667,0.0,0.0,369.333,1.333,41.9,30.667,95.567,353.333,55.467,212.667,106.633,49.333,3.333,44.4,156.333,444.333,126.667,4.1,13.8,1.19,2024,86.2,0.19,2.78
Calvin Ridley,48262,WR,ATL,16.0,10.4,3.0,70.3,41.7,5.0,12.0,1,11.1,8.0,0.17,38.0,2,2.0,48.5,24.8,68.6,,70.5,0.2,1.0,2.0,75.0,0.0,0.0,492.0,1.0,51.0,64.0,94.5,465.0,24.0,118.0,125.8,91.0,10.0,75.4,371.0,821.0,367.0,5.7,12.8,1.77,2018,195.0,0.27,3.0
Calvin Ridley,48262,WR,ATL,14.0,12.733,3.667,69.567,50.0,9.0,18.667,1,6.7,4.667,0.19,44.0,2,0.667,68.433,39.6,72.8,,73.367,0.067,0.333,2.0,49.0,0.0,0.0,534.0,3.0,50.4,63.333,92.9,495.667,15.8,82.667,119.2,91.0,8.0,83.733,449.0,851.0,216.333,3.367,13.4,1.717,2019,282.1,0.34,3.0
Calvin Ridley,48262,WR,ATL,14.571,14.143,8.429,67.357,40.9,9.0,20.571,0,7.557,6.571,0.15,56.0,2,0.857,67.557,49.143,79.714,,79.843,0.143,0.714,4.286,57.0,0.0,0.0,568.286,3.0,48.686,78.571,93.871,533.571,13.286,74.286,109.543,117.286,8.571,86.286,491.857,1149.857,250.429,3.214,14.486,2.13,2020,71.1,0.24,2.29
Calvin Ridley,48262,WR,JAX,15.857,14.271,6.286,61.571,36.4,8.714,22.0,0,7.786,6.714,0.04,53.286,15,0.857,65.8,54.114,75.757,,76.143,0.057,0.286,4.286,56.857,0.0,0.0,642.143,3.143,48.186,78.143,93.9,603.286,15.557,101.857,97.043,127.571,8.143,84.271,539.429,1096.857,214.429,2.743,13.986,1.836,2023,201.2,0.23,2.79
Calvin Ridley,48262,WR,TEN,16.714,15.286,6.857,58.186,45.8,9.857,23.143,1,9.914,7.714,-0.086,46.143,31,0.429,55.243,51.814,74.3,,75.414,0.029,0.143,4.286,61.857,0.0,0.0,614.571,2.429,43.771,71.143,93.914,577.143,19.286,118.286,88.129,121.857,5.857,80.543,495.429,1067.714,230.857,3.329,15.1,1.86,2024,47.3,0.19,2.78
Cam Sims,47908,WR,WAS,15.0,11.3,9.0,67.2,58.8,10.0,17.0,1,11.4,5.0,-0.05,23.0,32,0.0,48.9,78.1,62.5,,62.4,0.2,1.0,2.0,50.0,0.0,0.0,465.0,1.0,44.6,39.0,95.5,444.0,20.6,96.0,91.2,58.0,1.0,79.1,368.0,581.0,280.0,7.2,14.9,1.31,2020,48.8,0.17,3.05
Cam Sims,47908,WR,WAS,14.333,13.167,3.0,64.067,62.5,6.667,11.0,0,11.667,3.0,-0.097,15.0,32,0.0,50.633,75.033,62.567,,62.333,0.067,0.333,2.0,45.333,0.0,0.0,276.333,0.333,42.533,23.0,94.5,262.0,19.333,54.667,86.333,35.333,1.667,80.567,221.333,334.333,126.0,4.6,14.367,1.257,2021,16.9,0.05,2.11
Cedric Tillman,84434,WR,CLV,14.0,12.2,4.0,50.0,28.6,2.0,7.0,0,4.5,1.0,-0.19,12.0,8,0.0,71.3,75.0,55.5,76.4,55.4,2.9,11.0,5.0,23.0,1.6,6.0,382.0,1.0,40.1,21.0,93.7,358.0,38.5,147.0,26.4,42.0,0.0,58.6,224.0,224.0,67.0,3.2,10.7,0.63,2023,80.4,0.19,2.68
Cedric Tillman,84434,WR,CLV,12.0,12.267,7.333,59.6,71.4,4.0,7.0,2,5.833,1.667,-0.17,14.0,8,0.667,69.167,43.533,60.9,70.7,62.333,0.967,3.667,2.333,33.0,1.667,5.333,328.667,1.667,40.7,26.333,92.633,304.667,30.967,103.667,75.533,44.0,2.0,67.667,220.0,300.667,96.333,3.6,11.367,1.023,2024,60.0,0.12,2.86
Cedrick Wilson,48170,WR,DAL,16.0,9.4,1.0,63.0,0.0,0.0,2.0,0,10.5,2.0,-0.05,10.0,9,0.0,54.8,79.9,61.1,,61.1,0.0,0.0,1.0,42.0,0.0,0.0,160.0,1.0,45.8,17.0,94.4,151.0,64.4,103.0,93.0,27.0,2.0,35.0,56.0,189.0,118.0,6.9,11.1,1.25,2020,142.3,0.27,3.03
Cedrick Wilson,48170,WR,DAL,16.0,10.267,3.0,67.933,46.2,4.0,9.333,0,7.3,2.667,0.11,22.0,9,1.333,62.0,47.567,68.167,67.2,68.1,0.0,0.0,1.667,62.667,0.333,1.333,338.667,1.0,48.8,39.0,92.4,311.0,81.467,291.0,108.467,56.333,4.667,18.2,46.667,505.667,228.0,6.1,12.567,1.55,2021,26.4,0.11,2.03
Cedrick Wilson,48170,WR,MIA,16.0,11.086,1.857,60.886,50.0,4.571,9.714,0,3.129,1.143,0.007,18.571,17,0.571,75.543,65.3,66.529,,67.071,0.343,1.143,1.286,44.571,0.143,0.571,328.0,2.143,45.943,31.0,93.714,306.429,56.857,195.0,99.171,49.857,3.714,42.257,130.286,407.0,134.857,4.1,12.986,1.293,2023,47.1,0.12,2.35
Cedrick Wilson,48170,WR,NO,15.429,9.843,2.0,66.743,0.0,2.286,7.0,0,6.014,1.571,-0.199,13.143,20,0.286,68.886,41.914,65.186,74.3,65.571,0.171,0.571,1.143,33.571,0.871,2.0,278.286,1.571,40.386,25.714,92.571,257.857,51.371,150.714,94.371,39.0,2.286,48.229,126.286,310.571,108.714,4.071,11.757,1.151,2024,9.4,0.05,1.88
CeeDee Lamb,61570,WR,DAL,16.0,10.3,6.0,67.9,29.4,5.0,17.0,0,10.8,9.0,-0.02,46.0,9,1.0,48.2,67.2,71.6,77.3,72.6,0.0,0.0,2.0,52.0,0.7,4.0,541.0,4.0,47.0,74.0,95.4,516.0,93.2,504.0,102.0,109.0,5.0,6.5,35.0,935.0,312.0,4.2,12.6,1.81,2020,232.8,0.26,2.65
CeeDee Lamb,61570,WR,DAL,16.667,10.7,14.667,67.1,70.0,11.0,19.0,1,9.667,8.333,0.093,52.667,9,0.333,51.733,80.867,79.933,67.8,80.733,0.0,0.0,4.667,50.0,0.567,3.333,603.667,3.333,48.533,78.0,92.6,558.0,57.6,336.667,95.667,116.333,5.667,41.567,261.667,1060.333,398.667,5.067,13.533,1.897,2021,301.6,0.3,2.58
CeeDee Lamb,61570,WR,DAL,18.0,10.471,15.429,70.186,46.7,12.714,25.286,1,7.286,7.571,0.057,65.429,9,0.143,67.257,83.8,83.514,,84.314,0.171,1.143,4.857,47.714,0.243,1.429,646.143,3.714,47.943,102.571,94.143,608.286,60.514,387.143,103.0,145.286,8.143,38.443,252.143,1336.714,488.0,4.8,13.114,2.179,2022,405.2,0.41,2.72
CeeDee Lamb,61570,WR,DAL,18.143,10.443,18.143,72.014,36.7,12.286,28.571,0,5.157,6.571,0.15,79.143,9,1.714,81.214,66.014,88.586,,89.086,0.257,1.714,3.429,72.714,0.071,0.429,708.429,5.0,50.1,128.286,93.571,662.714,57.086,406.143,111.871,177.429,10.571,41.786,294.429,1663.857,626.857,4.9,13.029,2.497,2023,263.4,0.32,2.29
CeeDee Lamb,61570,WR,DAL,16.429,9.186,19.143,70.786,58.1,15.429,30.571,0,7.529,9.0,0.013,66.429,9,1.429,65.529,62.4,82.457,67.1,84.143,0.243,1.429,4.714,70.0,0.114,0.571,636.857,6.286,45.757,116.143,92.614,590.571,54.443,350.143,100.986,163.571,8.286,44.157,278.143,1434.0,592.714,5.143,12.257,2.407,2024,200.9,0.27,2.64
Chad Williams,11853,WR,ARZ,10.0,13.6,0.0,40.5,41.7,5.0,12.0,0,15.0,3.0,-0.23,9.0,1,0.0,41.6,74.0,53.7,65.7,52.7,0.0,0.0,2.0,22.0,0.3,1.0,299.0,0.0,38.2,17.0,95.0,284.0,7.7,23.0,40.9,42.0,1.0,92.3,276.0,171.0,18.0,1.1,10.1,0.6,2018,0.0,0.0,
Chase Claypool,42312,WR,PIT,17.0,13.6,9.0,60.9,35.7,10.0,28.0,0,5.6,4.0,0.16,43.0,25,3.0,74.5,24.0,75.5,,75.8,0.4,2.0,0.0,84.0,0.0,0.0,532.0,1.0,48.9,67.0,92.3,491.0,22.4,119.0,121.5,110.0,11.0,77.3,411.0,932.0,342.0,5.1,13.9,1.9,2020,166.6,0.2,2.28
Chase Claypool,42312,WR,PIT,16.333,12.533,8.333,57.9,41.5,14.667,36.667,1,8.6,6.0,-0.02,39.0,25,1.0,60.5,63.067,69.967,,70.867,0.4,2.0,2.0,67.333,0.0,0.0,555.333,5.667,43.1,63.667,93.1,517.0,19.933,110.333,92.033,110.0,5.0,79.767,443.0,900.667,330.667,5.167,14.167,1.747,2021,103.0,0.16,1.87
Chase Claypool,42312,WR,CHI,15.571,11.657,5.286,59.386,47.4,11.429,26.571,1,6.086,3.714,-0.094,30.429,6,1.0,69.929,50.971,65.3,69.6,66.2,0.4,2.0,3.714,46.571,0.229,1.143,497.429,3.571,43.157,53.571,93.157,463.286,43.171,204.429,70.414,90.571,2.714,56.471,291.0,643.714,222.857,3.986,11.671,1.36,2022,21.7,0.11,2.71
Chester Rogers,10918,WR,IND,11.0,9.4,4.0,63.9,0.0,0.0,7.0,0,11.5,3.0,-0.02,16.0,14,0.0,51.8,81.3,58.1,62.2,59.4,0.0,0.0,1.0,61.0,0.4,1.0,285.0,3.0,41.0,23.0,94.7,270.0,40.0,114.0,85.9,36.0,1.0,59.6,170.0,284.0,102.0,4.4,12.3,1.05,2017,113.1,0.19,2.09
Chester Rogers,10918,WR,IND,15.0,7.6,4.667,71.7,46.2,4.0,11.0,1,12.3,7.0,0.053,27.333,14,0.0,41.533,87.167,61.433,,61.733,0.133,0.667,1.0,43.0,0.133,0.333,414.333,3.667,45.6,49.0,94.9,393.333,73.733,327.333,93.033,66.667,1.667,25.6,84.0,468.667,222.0,4.467,10.1,1.17,2018,47.7,0.12,2.81
Chris Conley,9509,WR,KC,18.0,9.1,5.0,64.0,33.3,2.0,6.0,0,13.5,5.0,0.32,18.0,16,2.0,45.1,21.9,54.5,71.9,51.6,2.8,17.0,1.0,27.0,0.8,5.0,611.0,4.0,51.9,32.0,91.7,560.0,49.9,305.0,108.3,50.0,5.0,46.6,285.0,334.0,132.0,4.1,10.4,0.6,2018,154.5,0.18,3.29
Chris Conley,9509,WR,JAX,16.667,12.767,7.0,56.933,33.3,5.333,16.0,0,13.167,6.333,0.087,30.0,15,0.667,44.233,60.1,59.967,67.9,58.533,1.067,6.333,0.333,55.667,0.467,3.0,623.0,2.667,44.967,42.0,92.433,576.0,24.367,150.333,104.233,75.333,5.0,74.333,465.0,628.0,208.667,4.9,14.467,1.087,2019,99.1,0.23,2.48
Chris Conley,9509,WR,JAX,15.714,11.757,4.714,60.686,50.0,5.714,13.714,0,11.986,5.571,-0.031,26.571,15,0.857,47.929,42.729,65.757,,64.114,1.029,4.429,0.714,53.0,0.2,1.286,447.0,1.714,46.357,40.857,95.1,421.714,26.214,114.143,96.157,68.286,3.286,72.657,327.857,538.286,195.714,4.786,12.943,1.346,2020,66.6,0.11,2.9
Chris Conley,9509,WR,HST,15.714,10.886,4.286,62.743,42.9,4.429,10.429,0,9.771,3.571,-0.101,20.571,13,0.857,55.2,62.771,63.557,74.0,62.886,0.486,1.571,0.857,48.0,0.5,2.0,387.857,1.143,43.529,30.714,93.571,362.286,28.057,102.714,99.143,50.0,2.429,71.457,283.571,429.857,162.143,5.471,14.129,1.179,2021,8.6,0.06,2.15
Chris Godwin,11839,WR,TB,16.0,13.2,8.0,63.0,57.9,11.0,19.0,0,5.6,2.0,0.09,27.0,30,0.0,70.5,77.5,81.9,,80.3,1.5,4.0,2.0,70.0,0.0,0.0,274.0,0.0,50.6,34.0,94.5,259.0,19.3,53.0,85.8,54.0,1.0,79.2,217.0,525.0,173.0,5.1,15.4,2.03,2017,185.2,0.26,3.14
Chris Godwin,11839,WR,TB,16.0,12.933,7.333,64.733,54.2,12.333,22.333,0,3.0,1.333,0.123,40.333,30,2.667,83.5,38.3,80.9,,79.833,0.767,2.667,2.0,55.333,0.0,0.0,413.333,0.667,51.6,50.667,93.767,387.0,24.767,106.333,103.533,78.0,5.0,74.4,304.333,736.333,222.333,4.5,14.667,1.923,2018,274.1,0.29,3.15
Chris Godwin,11839,WR,TB,14.857,11.429,12.857,70.829,66.7,14.429,23.286,1,1.914,1.143,0.093,53.286,30,1.143,87.671,63.729,86.5,73.2,85.871,1.243,6.857,3.714,64.286,0.286,1.714,539.429,1.429,48.914,70.857,93.9,506.429,46.843,275.286,113.914,98.571,7.286,51.829,256.714,1077.286,426.714,5.757,15.143,2.104,2019,191.0,0.28,2.94
Chris Godwin,11839,WR,TB,15.429,10.771,9.286,71.543,63.2,13.286,21.143,0,6.271,5.571,0.194,55.0,30,1.143,69.486,56.557,80.829,68.4,80.286,1.371,8.286,2.286,56.857,0.314,2.0,593.571,0.714,49.3,79.286,94.2,559.286,59.586,359.571,119.514,110.571,8.143,39.0,225.429,1113.714,431.286,5.371,14.014,1.987,2020,246.4,0.3,2.42
Chris Godwin,11839,WR,TB,14.571,8.814,12.714,76.229,63.6,9.714,15.143,0,5.814,5.571,0.179,55.571,30,1.429,74.429,46.314,81.129,69.6,79.829,0.943,5.714,2.143,50.143,0.271,1.571,596.0,0.286,50.643,91.429,95.229,567.429,68.057,405.143,114.871,119.714,6.429,30.814,183.857,1127.0,534.0,5.814,12.443,1.986,2021,224.8,0.26,2.1
Chris Godwin,11839,WR,TB,15.429,6.929,11.429,76.157,57.1,12.857,21.857,0,5.229,5.571,0.084,56.429,30,1.857,79.814,39.357,77.057,73.9,77.114,0.414,2.714,1.286,45.143,0.271,1.714,642.429,2.286,49.571,104.714,94.5,606.857,71.214,458.429,105.943,137.429,4.286,28.171,180.143,1101.429,555.857,5.343,10.657,1.821,2022,207.2,0.23,2.38
Chris Godwin,11839,WR,TB,17.429,8.6,8.714,71.514,59.3,14.714,25.0,1,4.3,4.429,0.074,57.0,30,0.857,84.014,63.614,77.386,73.3,77.686,0.614,4.143,2.286,45.714,0.286,1.857,670.857,1.714,47.171,98.571,93.757,628.571,52.286,347.857,96.157,137.714,3.286,46.943,317.714,1107.857,485.143,4.886,11.357,1.764,2023,137.8,0.35,2.7
Chris Godwin,11839,WR,TB,11.714,6.957,8.429,77.714,50.0,9.143,16.286,0,1.8,1.857,0.094,42.857,30,0.857,87.957,51.271,82.2,71.5,82.143,0.271,1.857,1.571,51.143,1.614,4.857,445.143,0.857,50.157,70.857,92.657,413.714,56.486,238.286,113.043,94.286,4.143,43.186,204.571,804.286,398.857,5.957,11.443,2.09,2024,81.0,0.19,2.45
Chris Hogan,6468,WR,NE,12.0,14.0,1.0,58.1,26.3,5.0,19.0,1,8.5,4.0,0.22,29.0,19,0.0,60.0,79.7,61.3,,60.9,0.2,1.0,1.0,47.0,0.0,0.0,532.0,3.0,47.5,43.0,93.0,495.0,42.7,227.0,109.7,74.0,7.0,57.0,303.0,591.0,214.0,5.0,13.7,1.19,2017,106.2,0.13,3.03
Chris Hogan,6468,WR,NE,16.667,13.333,1.0,60.9,44.4,4.333,12.333,2,8.5,4.0,0.193,27.0,19,0.0,60.467,78.9,56.367,67.0,56.967,0.067,0.333,1.667,57.667,0.2,1.333,606.667,4.333,48.967,43.0,94.133,571.667,45.7,278.333,97.967,70.667,4.333,54.2,327.667,590.333,202.667,4.733,13.7,1.043,2018,14.7,0.1,1.84
Chris Hogan,6468,WR,NYJ,10.0,11.429,1.0,56.843,16.7,2.429,8.714,0,7.471,2.286,-0.014,15.0,22,0.0,71.971,77.357,56.214,,56.414,0.029,0.143,1.286,40.143,0.086,0.571,365.714,2.429,44.7,26.429,93.143,342.714,32.557,143.286,70.443,45.143,1.857,67.4,222.143,320.429,110.857,3.743,10.671,0.841,2020,14.1,0.21,3.52
Chris Moore,10741,WR,BLT,12.0,14.1,2.0,52.9,57.1,4.0,7.0,0,14.3,3.0,-0.15,11.0,3,0.0,43.5,79.9,59.0,,59.2,0.0,0.0,2.0,30.0,0.0,0.0,248.0,0.0,36.4,18.0,97.6,242.0,24.6,61.0,81.5,34.0,3.0,74.6,185.0,248.0,38.0,2.1,13.8,1.02,2017,46.3,0.1,1.93
Chris Moore,10741,WR,BLT,15.333,12.033,1.333,66.367,60.0,3.333,5.667,0,4.767,1.0,-0.09,9.0,3,0.0,70.233,81.9,59.4,,59.2,0.267,0.667,1.333,30.0,0.0,0.0,232.0,0.667,39.267,18.667,96.2,223.333,28.733,66.333,87.967,28.667,1.667,69.8,162.333,213.333,60.0,3.167,11.467,0.953,2018,5.1,0.03,1.27
Chris Moore,10741,WR,HST,15.714,10.643,6.286,66.557,42.9,4.857,10.429,1,5.414,2.143,-0.164,17.571,13,0.0,70.614,80.529,61.571,70.0,62.057,0.743,3.143,2.286,42.571,0.229,1.143,364.571,0.857,36.829,35.429,95.514,347.714,49.514,201.0,84.157,53.429,1.857,49.229,159.286,404.571,178.286,4.557,11.429,1.117,2022,68.3,0.11,2.85
Chris Moore,10741,WR,TEN,16.714,14.6,3.0,65.443,55.6,5.0,9.857,0,4.143,1.429,-0.111,17.143,31,0.571,73.8,51.7,63.657,73.6,63.886,0.371,1.571,1.571,47.143,0.457,1.714,353.143,0.429,39.929,29.0,93.586,330.857,41.686,157.857,89.4,44.286,0.714,57.743,193.286,426.857,121.857,3.729,15.757,1.28,2023,0.0,0.0,
Chris Olave,84355,WR,NO,15.0,14.9,2.0,63.2,33.3,8.0,24.0,2,4.0,3.0,0.0,48.0,20,2.0,81.9,27.4,82.5,,83.0,0.2,1.0,5.0,53.0,0.0,0.0,450.0,3.0,49.2,72.0,95.8,431.0,33.8,152.0,86.3,114.0,4.0,66.0,297.0,1044.0,219.0,3.0,14.5,2.42,2022,229.3,0.28,2.64
Chris Olave,84355,WR,NO,15.667,14.233,3.333,63.067,40.0,9.333,24.667,0,5.667,5.0,0.013,54.0,20,0.667,74.767,64.267,82.5,,82.933,0.067,0.333,3.667,51.667,0.0,0.0,524.667,1.667,45.2,82.0,96.2,505.0,37.467,198.0,89.767,130.0,4.667,61.867,323.0,1096.667,309.667,3.733,13.433,2.187,2023,78.7,0.25,2.38
Chris Olave,84355,WR,NO,11.286,12.157,1.429,69.543,66.7,7.429,15.714,0,4.143,2.714,0.006,35.714,20,0.857,77.986,43.886,82.443,39.9,82.971,0.029,0.143,2.714,44.429,0.286,0.571,340.286,1.286,45.086,53.429,94.429,323.857,32.171,117.429,90.586,80.286,2.571,66.971,220.143,698.571,200.143,3.714,12.9,2.154,2024,270.0,0.3,2.67
Christian Blake,47900,WR,ATL,9.0,8.2,0.0,47.8,80.0,4.0,5.0,1,0.0,0.0,0.0,5.0,2,0.0,79.4,71.9,51.3,,52.4,0.0,0.0,0.0,13.0,0.0,0.0,232.0,4.0,44.6,11.0,95.7,222.0,23.7,55.0,58.4,23.0,0.0,76.3,177.0,91.0,24.0,2.2,8.3,0.41,2019,27.1,0.1,2.08
Christian Kirk,47546,WR,ARZ,12.0,10.0,4.0,66.2,46.2,6.0,13.0,0,6.5,3.0,-0.31,21.0,1,0.0,68.6,87.0,70.3,,70.1,0.5,2.0,4.0,75.0,0.0,0.0,364.0,0.0,35.8,43.0,94.5,344.0,30.8,112.0,84.8,65.0,3.0,68.7,250.0,590.0,229.0,5.3,13.7,1.72,2018,166.2,0.21,2.13
Christian Kirk,47546,WR,ARZ,12.667,9.8,4.0,67.867,31.3,5.333,15.0,0,4.967,3.0,-0.137,27.667,1,0.0,76.4,85.733,65.1,66.2,64.7,0.167,0.667,2.0,71.0,0.133,0.667,480.667,1.333,40.667,59.667,93.7,450.0,38.0,186.667,91.667,87.667,3.0,61.5,291.333,669.333,273.667,4.7,11.5,1.513,2019,146.4,0.19,2.93
Christian Kirk,47546,WR,ARZ,13.429,11.743,1.714,66.171,41.7,5.143,13.286,0,4.414,2.429,-0.019,29.0,1,0.0,77.429,86.457,63.5,,63.443,0.071,0.286,2.571,76.143,0.057,0.286,514.571,0.571,45.029,53.0,94.443,486.0,25.6,130.286,97.114,79.857,4.714,74.186,383.143,641.714,220.714,4.186,12.3,1.34,2020,206.3,0.23,2.64
Christian Kirk,47546,WR,ARZ,16.143,12.071,2.286,70.7,68.4,9.571,16.571,1,5.571,4.429,0.081,38.714,1,0.0,73.7,85.3,67.929,,68.257,0.0,0.0,2.143,61.286,0.029,0.143,581.571,2.0,47.5,70.857,94.186,547.571,55.057,329.714,105.186,99.286,5.0,44.871,251.429,869.0,239.143,3.486,12.257,1.57,2021,243.9,0.25,2.74
Christian Kirk,47546,WR,JAX,18.0,10.829,5.429,68.157,34.8,9.0,20.286,0,7.229,7.143,0.101,52.571,15,0.571,68.771,85.257,71.157,62.3,72.729,0.171,1.143,3.857,53.714,0.057,0.571,677.429,1.429,48.729,87.143,94.714,641.857,67.7,470.0,102.829,128.286,8.0,31.671,202.857,1091.286,344.714,3.943,12.529,1.684,2022,154.3,0.26,2.66
Christian Kirk,47546,WR,JAX,14.857,10.586,6.143,70.186,28.6,5.286,13.286,1,7.1,5.714,0.057,43.571,15,1.429,67.771,51.671,71.757,75.7,73.443,0.086,0.571,2.857,53.714,0.143,0.857,533.286,1.286,48.514,72.714,93.771,501.429,73.429,395.0,103.9,104.571,5.286,25.8,134.286,951.0,302.857,4.214,13.229,1.939,2023,70.9,0.21,2.63
Christian Kirk,47546,WR,JAX,10.714,12.257,4.0,62.6,30.0,3.429,11.0,0,8.786,4.143,-0.026,28.857,15,0.714,60.957,63.286,69.529,,70.5,0.043,0.286,2.429,58.143,0.071,0.429,354.286,0.429,45.5,45.857,94.857,335.286,77.843,270.857,85.771,71.143,2.857,21.771,81.429,618.286,198.429,4.286,13.729,1.824,2024,57.9,0.13,2.07
Christian Watson,66581,WR,GB,14.0,14.3,4.0,63.1,75.0,9.0,12.0,0,10.9,5.0,0.06,28.0,12,0.0,50.7,80.1,77.1,,77.8,1.1,3.0,1.0,63.0,0.0,0.0,282.0,0.0,49.3,41.0,95.7,270.0,31.6,89.0,123.3,65.0,7.0,67.0,189.0,611.0,264.0,6.4,14.9,2.26,2022,101.3,0.23,3.17
Christian Watson,66581,WR,GB,12.0,15.567,2.667,56.767,33.3,7.0,16.0,0,7.833,3.0,0.047,23.333,12,0.0,61.767,78.367,71.167,65.5,72.8,1.833,5.667,4.333,72.333,0.2,0.667,304.667,1.333,46.567,33.667,94.767,288.667,33.333,101.667,87.633,59.0,5.667,64.733,197.0,498.333,169.333,4.867,14.767,1.74,2023,105.3,0.19,3.19
Christian Watson,66581,WR,GB,13.714,17.357,1.714,56.843,66.7,8.714,15.429,0,7.071,2.429,0.14,22.0,12,0.571,64.929,49.929,70.5,66.2,72.457,1.186,3.571,3.0,65.286,0.257,0.857,299.143,1.714,49.043,31.0,93.7,280.286,32.857,98.429,92.929,54.429,3.571,65.914,197.0,567.857,161.143,5.114,18.557,2.037,2024,132.4,0.32,3.68
Cody Core,10833,WR,CIN,14.0,13.9,1.0,46.4,50.0,5.0,10.0,0,18.8,3.0,-0.08,7.0,7,0.0,36.0,72.7,53.9,,54.4,0.0,0.0,1.0,30.0,0.0,0.0,211.0,0.0,41.1,13.0,93.4,197.0,13.7,29.0,61.6,28.0,1.0,86.3,182.0,160.0,32.0,2.5,12.3,0.81,2018,5.8,0.09,1.93
Cody Latimer,8691,WR,DEN,11.0,12.3,1.0,70.4,58.3,7.0,12.0,0,5.0,1.0,0.08,15.0,10,0.0,71.5,27.8,70.0,,68.1,0.4,1.0,1.0,32.0,0.0,0.0,246.0,0.0,43.7,19.0,93.9,231.0,55.7,137.0,114.3,27.0,2.0,43.9,108.0,287.0,59.0,3.1,15.1,1.24,2017,36.0,0.17,3.27
Cole Beasley,7330,WR,DAL,15.0,7.9,1.0,63.2,37.5,3.0,8.0,0,5.3,2.0,-0.02,20.0,9,0.0,72.7,78.8,59.9,,59.3,0.2,1.0,2.0,54.0,0.0,0.0,413.0,0.0,46.8,36.0,89.6,370.0,86.9,359.0,86.4,57.0,4.0,11.9,49.0,314.0,116.0,3.2,8.7,0.85,2017,150.2,0.21,2.31
Cole Beasley,7330,WR,DAL,17.0,7.567,1.667,72.2,50.0,3.667,8.0,1,3.633,2.0,0.053,34.667,9,0.0,82.3,83.867,69.7,,68.967,0.067,0.333,0.667,39.333,0.0,0.0,506.333,0.667,45.533,58.0,91.733,465.333,87.1,441.0,102.267,79.0,3.333,12.3,62.333,581.333,194.667,3.333,9.833,1.21,2018,180.8,0.25,2.7
Cole Beasley,7330,WR,BUF,16.429,7.7,3.0,69.571,22.2,2.714,8.571,0,6.014,4.286,0.011,37.143,4,0.0,72.014,82.457,72.043,70.2,72.014,0.029,0.143,2.571,46.0,0.4,2.286,525.571,0.286,44.771,65.429,93.257,490.857,80.3,421.0,97.657,93.857,4.857,19.214,102.143,718.857,297.143,4.457,10.843,1.439,2019,202.7,0.3,2.47
Cole Beasley,7330,WR,BUF,17.429,7.629,5.429,76.386,75.0,6.286,10.571,0,3.771,3.143,0.127,50.857,4,0.0,82.529,83.2,78.429,,79.257,0.0,0.0,2.286,39.143,0.2,1.143,585.286,1.286,50.643,85.0,93.314,545.857,84.686,497.429,105.4,110.857,4.429,14.586,83.571,972.429,374.0,4.457,11.429,1.767,2020,157.3,0.23,1.92
Cole Beasley,7330,WR,BUF,17.714,6.486,4.286,76.943,28.6,4.0,8.714,0,4.714,4.286,0.131,43.571,4,0.571,79.443,66.971,72.914,,73.729,0.0,0.0,2.857,33.857,0.1,0.571,578.286,1.143,50.971,88.429,93.857,542.571,86.229,499.429,94.314,114.714,2.571,13.029,74.571,876.286,370.857,4.214,9.943,1.607,2021,9.5,0.32,1.58
Collin Johnson,47808,WR,JAX,14.0,13.3,2.0,60.0,50.0,4.0,8.0,0,5.3,1.0,-0.01,12.0,15,0.0,69.6,74.1,73.4,,71.7,0.6,1.0,1.0,46.0,0.0,0.0,180.0,0.0,47.6,18.0,94.4,170.0,29.4,53.0,98.2,30.0,2.0,70.0,126.0,272.0,64.0,3.6,15.1,1.6,2020,21.5,0.1,1.95
Cooper Kupp,11824,WR,LA,16.0,9.6,16.0,67.3,40.0,4.0,10.0,1,9.1,7.0,0.13,46.0,26,1.0,57.1,49.0,78.1,77.7,78.2,0.0,0.0,1.0,64.0,2.0,10.0,504.0,3.0,44.0,70.0,93.5,471.0,58.9,297.0,111.0,104.0,6.0,40.7,205.0,938.0,379.0,5.4,13.4,1.99,2017,135.1,0.31,3.07
Cooper Kupp,11824,WR,LA,10.667,9.067,9.333,76.833,40.0,2.667,6.667,0,6.233,3.667,0.29,32.0,26,0.333,69.033,70.067,77.567,79.9,78.8,0.267,0.667,1.0,68.0,2.4,8.0,348.667,1.0,52.267,50.0,92.7,323.667,66.367,225.667,134.267,67.333,6.0,33.233,121.667,690.0,329.0,6.867,13.933,2.17,2018,270.5,0.31,2.82
Cooper Kupp,11824,WR,LA,13.714,8.057,8.571,73.614,33.3,3.429,9.714,0,4.443,3.286,0.153,42.857,26,1.857,80.557,42.943,75.871,72.0,77.257,0.229,0.857,1.571,66.857,2.571,13.143,503.143,2.714,49.257,75.143,91.157,457.0,66.843,334.429,124.4,104.286,8.286,32.871,167.571,959.143,454.143,6.257,13.057,2.119,2019,210.7,0.25,2.19
Cooper Kupp,11824,WR,LA,14.857,7.343,15.143,75.543,58.3,5.429,11.0,0,4.429,4.0,0.067,45.571,26,0.857,81.629,55.286,78.986,73.1,77.614,0.114,0.429,2.429,60.286,2.057,11.0,539.571,1.143,50.457,87.429,93.243,502.857,64.471,346.0,110.5,116.714,5.429,35.414,193.143,1013.714,510.857,6.0,11.857,2.031,2020,437.5,0.43,2.94
Cooper Kupp,11824,WR,LA,18.857,8.071,24.286,76.171,53.8,10.571,20.0,0,4.614,7.0,0.144,82.714,26,1.0,85.229,65.486,87.114,40.2,86.357,0.029,0.143,5.143,65.143,1.414,9.571,722.429,0.571,51.486,142.571,93.857,678.143,64.943,470.857,118.943,186.286,14.857,33.943,242.286,1852.143,845.143,5.886,12.686,2.637,2021,203.4,0.38,2.42
Cooper Kupp,11824,WR,LA,13.429,7.8,19.0,78.086,53.8,9.0,16.571,0,2.829,3.857,0.0,61.714,26,1.429,87.9,61.7,87.543,77.6,88.086,0.0,0.0,4.714,70.714,1.029,5.286,517.571,0.0,48.786,107.429,95.529,492.429,59.443,317.143,111.571,138.0,10.143,39.386,193.571,1307.143,622.857,5.729,11.629,2.541,2022,162.4,0.23,2.71
Cooper Kupp,11824,WR,LA,13.0,8.314,14.286,70.171,45.5,6.857,13.714,0,5.171,4.429,0.034,47.429,26,0.714,73.3,72.529,78.8,69.5,79.1,0.0,0.0,3.857,66.857,0.743,3.714,483.429,1.143,46.371,83.429,94.171,454.571,60.686,297.571,100.986,117.143,7.714,38.386,180.714,1015.0,464.571,5.486,11.829,2.143,2023,175.0,0.27,2.54
Cooper Kupp,11824,WR,LA,13.0,8.5,9.0,69.271,47.4,7.571,15.857,0,3.786,2.714,0.046,34.286,26,0.857,80.314,59.557,73.557,51.0,74.214,0.0,0.0,1.429,67.857,0.529,2.429,442.714,0.571,46.257,70.714,93.843,415.143,62.943,279.571,104.543,102.143,5.714,36.729,161.714,791.429,314.714,4.486,11.229,1.923,2024,118.3,0.15,2.52
Cordarrelle Patterson,7810,WR,OAK,16.0,5.6,9.0,75.6,44.4,4.0,9.0,0,3.1,1.0,-0.04,13.0,23,0.0,77.8,23.0,65.5,62.4,65.4,0.0,0.0,0.0,59.0,0.3,1.0,292.0,1.0,40.9,31.0,93.5,273.0,31.8,93.0,96.5,41.0,0.0,66.8,195.0,309.0,214.0,6.9,10.0,1.13,2017,92.5,0.4,1.47
Cordarrelle Patterson,7810,WR,NE,17.333,5.667,5.0,74.2,0.0,1.333,5.667,0,5.967,1.667,0.067,12.333,19,0.0,68.8,50.467,69.233,,69.333,0.0,0.0,0.0,56.333,0.1,0.333,184.0,1.667,45.1,27.0,96.3,175.667,30.067,56.333,116.833,36.333,2.0,62.8,117.667,289.0,207.333,7.767,10.8,1.843,2018,29.6,0.15,1.06
Corey Coleman,10649,WR,CLV,9.0,14.5,2.0,46.0,58.3,7.0,12.0,0,14.8,4.0,-0.17,16.0,8,0.0,37.7,75.5,60.4,61.6,61.9,0.0,0.0,3.0,44.0,0.3,1.0,312.0,5.0,36.2,23.0,93.6,292.0,7.4,23.0,54.2,50.0,2.0,92.3,288.0,305.0,27.0,1.2,13.3,1.04,2017,12.6,0.1,2.1
Corey Davis,11760,WR,TEN,13.0,11.7,9.0,54.4,25.0,3.0,12.0,0,4.4,2.0,-0.04,24.0,31,1.0,76.0,31.2,63.2,,64.7,0.0,0.0,3.0,37.0,0.0,0.0,436.0,0.0,43.1,43.0,94.3,411.0,11.0,48.0,65.0,79.0,2.0,89.0,388.0,473.0,150.0,3.5,11.0,1.15,2017,183.6,0.21,2.59
Corey Davis,11760,WR,TEN,15.0,11.1,8.333,58.267,44.4,3.667,10.0,0,5.333,3.333,-0.02,38.667,31,1.0,73.467,42.533,72.0,,72.1,0.4,2.0,1.667,46.333,0.0,0.0,489.333,1.333,44.833,57.667,94.233,461.0,23.533,118.667,85.067,98.333,3.333,75.933,368.0,751.667,232.667,3.967,12.8,1.603,2018,115.1,0.16,2.68
Corey Davis,11760,WR,TEN,16.714,12.129,7.571,60.0,58.8,7.286,14.0,1,5.6,3.143,0.077,37.714,31,1.0,72.857,39.6,71.086,68.1,71.243,0.629,3.143,1.286,41.571,0.114,0.571,498.286,2.857,46.471,52.714,93.586,466.143,25.457,128.571,90.914,87.857,3.143,73.857,366.286,704.429,236.286,4.5,13.314,1.499,2019,193.4,0.27,2.98
Corey Davis,11760,WR,TEN,16.0,12.314,6.571,66.514,61.1,9.714,16.429,0,5.8,3.714,0.167,45.143,31,1.0,76.2,44.143,79.771,,79.914,1.4,6.143,0.429,61.0,0.057,0.286,456.857,2.0,49.757,60.429,94.743,432.286,24.514,113.429,111.443,90.857,4.286,74.057,337.143,880.714,270.857,4.514,14.5,2.073,2020,107.2,0.24,3.15
Corey Davis,11760,WR,NYJ,12.0,12.986,6.714,61.871,46.2,8.0,15.0,0,11.057,5.0,0.004,32.429,22,1.571,53.686,30.8,73.743,70.6,72.486,1.4,5.143,3.0,57.143,0.2,0.714,363.571,0.857,46.871,45.0,94.186,342.571,24.757,89.714,90.129,71.429,4.143,73.843,268.714,657.857,182.714,3.9,14.557,1.9,2021,97.6,0.16,3.05
Courtland Sutton,48164,WR,DEN,16.0,15.6,6.0,53.2,40.9,9.0,22.0,0,17.6,9.0,-0.04,30.0,10,0.0,29.4,78.6,64.0,,62.6,0.0,0.0,3.0,42.0,0.0,0.0,574.0,6.0,41.7,42.0,92.7,532.0,16.2,93.0,84.6,79.0,4.0,83.8,481.0,704.0,167.0,4.0,16.8,1.32,2018,220.9,0.24,2.95
Courtland Sutton,48164,WR,DEN,16.0,13.4,12.667,59.133,56.5,11.667,22.667,1,8.533,5.0,-0.047,43.333,10,1.333,64.533,44.867,76.733,,74.533,0.133,0.667,2.333,60.667,0.0,0.0,575.333,2.667,41.233,62.0,92.833,534.0,17.933,103.0,97.4,103.667,5.333,82.0,471.667,976.0,296.333,4.667,15.867,1.827,2019,9.6,0.31,3.2
Courtland Sutton,48164,WR,DEN,16.571,14.771,7.143,60.257,42.9,10.143,21.714,2,4.629,2.714,0.003,38.571,10,0.571,79.029,65.229,73.571,,72.514,0.171,0.857,2.714,57.429,0.0,0.0,574.571,5.143,43.786,59.714,93.729,538.571,15.457,88.714,87.971,98.714,3.429,84.4,485.0,861.714,209.857,3.429,14.457,1.6,2021,159.4,0.18,2.45
Courtland Sutton,48164,WR,DEN,15.714,13.871,4.857,60.843,42.4,12.429,28.143,0,5.971,4.143,-0.059,38.857,10,0.286,72.1,73.286,71.814,,71.614,0.2,1.0,3.429,54.857,0.0,0.0,575.429,5.0,40.514,63.429,93.5,538.143,13.029,74.857,81.143,104.286,2.571,86.786,499.571,854.286,169.571,2.629,13.457,1.586,2022,196.7,0.25,3.33
Courtland Sutton,48164,WR,DEN,15.857,13.486,3.0,64.729,57.1,12.143,24.429,0,8.757,5.857,-0.054,37.0,10,1.714,60.071,47.043,73.171,80.7,73.029,0.657,3.286,2.714,48.714,0.343,1.714,535.714,5.857,42.814,60.286,92.971,498.286,17.571,92.571,104.3,93.571,6.571,81.771,439.857,791.714,153.857,2.557,13.171,1.593,2023,237.1,0.25,2.93
Courtland Sutton,48164,WR,DEN,17.0,13.614,1.857,62.857,57.1,16.857,30.714,0,10.714,9.143,-0.019,50.857,10,1.429,47.5,48.971,74.643,62.4,75.443,0.314,1.571,5.143,47.286,0.286,1.429,598.857,3.0,43.857,75.143,93.743,561.857,17.814,105.857,95.114,120.571,7.714,81.757,490.857,1001.0,179.714,2.414,13.286,1.769,2024,217.7,0.22,2.94
Curtis Samuel,11795,WR,CAR,9.0,9.4,1.0,57.7,42.9,3.0,7.0,0,21.1,4.0,0.0,6.0,5,0.0,29.5,79.0,56.9,,53.6,0.0,0.0,0.0,23.0,0.0,0.0,142.0,1.0,43.7,15.0,95.1,135.0,33.8,48.0,68.6,26.0,0.0,64.8,92.0,115.0,54.0,3.6,7.7,0.85,2017,138.8,0.3,2.95
Curtis Samuel,11795,WR,CAR,11.667,11.267,6.333,61.167,50.0,7.0,14.333,0,11.767,3.333,0.013,18.0,5,0.0,53.233,55.933,66.633,,65.8,0.0,0.0,1.333,43.0,0.0,0.0,259.333,1.667,48.1,31.0,94.167,243.667,27.8,68.667,90.267,50.0,3.333,71.733,190.0,367.667,95.333,3.2,11.033,1.39,2018,171.7,0.18,2.35
Curtis Samuel,11795,WR,CAR,14.143,13.286,4.429,56.157,30.0,6.429,17.571,0,11.614,5.429,-0.023,28.286,5,0.0,50.014,71.171,64.386,65.7,64.2,0.0,0.0,1.143,43.571,0.057,0.571,495.143,1.857,46.386,44.143,95.386,474.143,28.314,139.714,88.114,80.286,4.857,71.143,352.857,515.857,131.714,3.029,11.357,1.15,2019,212.1,0.32,1.8
Curtis Samuel,11795,WR,CAR,15.0,10.257,6.143,71.271,63.6,7.0,14.571,0,7.786,5.286,0.04,36.0,5,0.571,60.9,66.514,72.186,76.2,71.929,0.514,2.286,1.143,45.286,0.257,1.429,503.143,2.571,46.871,65.0,94.843,478.286,52.543,256.143,102.643,91.429,4.143,43.114,226.429,736.0,252.857,3.714,11.471,1.623,2020,9.8,0.12,0.98
Curtis Samuel,11795,WR,WAS,16.286,8.2,6.429,73.2,44.4,7.429,16.286,0,5.957,4.143,-0.039,36.857,32,0.286,71.286,64.943,71.271,69.2,70.943,0.371,1.714,1.571,46.857,0.243,1.286,540.857,1.714,44.071,66.286,94.214,509.857,65.186,344.714,101.529,91.0,4.0,30.643,175.0,707.0,285.571,4.271,10.657,1.424,2022,157.2,0.28,2.28
Curtis Samuel,11795,WR,WAS,16.143,7.1,6.429,74.514,50.0,8.429,17.0,2,5.643,3.857,-0.141,30.714,32,0.143,72.986,73.257,70.986,75.0,71.2,0.7,3.143,3.0,41.429,0.514,2.286,468.143,1.857,42.529,64.714,93.657,438.429,70.657,331.143,95.443,86.714,3.857,25.414,118.714,659.0,282.857,4.386,10.157,1.511,2023,63.7,0.17,1.77
Curtis Samuel,11795,WR,BUF,16.714,5.643,4.429,72.771,42.9,5.429,11.714,0,5.3,2.714,-0.043,20.0,4,0.0,73.629,76.914,67.414,,67.743,0.286,1.286,2.0,49.0,0.229,1.0,357.429,1.286,44.714,48.0,94.714,337.571,57.314,216.143,97.671,65.857,3.429,38.9,128.286,459.571,241.0,5.2,9.429,1.343,2024,21.1,0.14,3.01
D'haquille Williams,11366,WR,BUF,5.0,13.2,2.0,57.1,66.7,6.0,9.0,0,15.8,3.0,-0.08,11.0,4,0.0,43.5,73.9,69.4,44.9,69.2,0.0,0.0,0.0,41.0,1.2,2.0,162.0,1.0,40.3,16.0,96.9,157.0,45.7,74.0,93.6,28.0,1.0,54.3,88.0,215.0,54.0,3.4,13.4,1.37,2019,0.0,0.0,
DJ Chark,47702,WR,JAX,11.0,10.8,1.0,45.2,37.5,3.0,8.0,0,26.3,5.0,0.01,6.0,15,1.0,28.1,25.9,52.4,72.4,51.6,0.0,0.0,1.0,38.0,0.5,1.0,199.0,0.0,47.9,14.0,97.0,193.0,13.6,27.0,49.7,31.0,0.0,85.9,171.0,174.0,38.0,2.7,12.4,0.9,2018,223.8,0.26,2.98
DJ Chark,47702,WR,JAX,13.667,11.8,7.667,57.733,35.3,9.0,25.333,0,10.567,3.0,-0.003,29.333,15,0.333,69.233,63.633,67.6,,67.733,0.2,1.333,1.667,58.667,0.167,0.333,492.333,2.667,43.633,53.333,94.4,461.0,20.933,113.667,88.833,86.333,5.333,78.7,377.0,730.0,221.333,3.767,13.333,1.427,2019,153.6,0.22,2.9
DJ Chark,47702,WR,JAX,13.286,13.4,3.286,57.657,45.8,10.143,24.571,0,9.443,4.143,-0.019,33.714,15,0.143,63.671,72.757,69.714,,69.714,0.086,0.571,3.571,66.857,0.071,0.143,495.0,1.714,44.7,53.143,95.314,470.143,22.743,117.286,82.357,89.571,5.143,77.1,377.0,716.286,191.429,3.443,13.314,1.457,2020,34.4,0.2,4.91
DJ Chark,47702,WR,DET,12.143,15.014,3.286,59.2,50.0,9.429,20.857,0,8.043,3.429,0.081,30.143,11,0.0,62.857,78.243,70.886,,70.943,0.043,0.286,2.286,59.857,0.0,0.0,433.857,0.857,45.9,42.714,96.271,416.143,24.914,107.571,96.829,71.714,4.286,75.043,326.0,632.571,171.857,4.157,15.314,1.504,2022,117.5,0.15,3.36
DJ Chark,47702,WR,CAR,13.571,15.314,1.429,57.314,58.8,9.571,17.714,0,10.971,4.429,-0.079,24.714,5,1.143,51.357,45.629,64.357,,64.343,0.0,0.0,1.0,51.857,0.0,0.0,469.0,0.143,43.014,36.143,94.8,443.286,24.757,115.714,104.271,63.143,4.429,75.243,353.286,544.286,116.143,3.257,15.243,1.249,2023,13.1,0.12,3.27
DJ Moore,48267,WR,CAR,16.0,9.6,17.0,71.1,41.2,7.0,17.0,0,6.9,4.0,0.05,32.0,5,1.0,67.5,21.4,71.8,64.9,73.7,0.2,1.0,3.0,82.0,0.2,1.0,461.0,3.0,48.3,54.0,93.7,432.0,33.0,152.0,96.4,76.0,2.0,64.6,298.0,781.0,427.0,7.9,14.5,1.81,2018,232.5,0.26,2.5
DJ Moore,48267,WR,CAR,15.333,11.0,14.333,68.3,51.7,12.333,25.0,0,5.9,4.667,-0.003,52.667,5,1.667,73.5,30.733,78.733,75.4,78.033,0.2,1.0,4.333,62.0,0.267,1.667,558.333,1.667,47.033,76.0,94.967,530.667,21.333,113.333,91.933,112.0,3.333,77.733,440.667,1043.667,403.0,5.633,13.833,1.957,2019,211.5,0.25,3.11
DJ Moore,48267,WR,CAR,15.143,12.543,14.714,62.643,47.8,11.571,23.857,0,8.014,6.0,0.033,52.857,5,0.714,66.643,59.8,78.943,,78.643,0.086,0.429,6.429,68.857,0.114,0.714,563.857,2.429,46.9,70.286,94.529,533.143,22.114,122.286,83.4,112.571,3.714,77.486,439.714,1129.0,395.571,5.786,16.271,2.113,2020,237.5,0.24,2.35
DJ Moore,48267,WR,CAR,16.143,11.757,10.143,60.3,34.6,10.429,25.571,0,8.543,7.857,-0.101,58.429,5,0.857,59.986,62.486,78.286,66.8,77.657,0.029,0.143,6.429,65.143,0.157,0.857,622.143,1.571,43.371,84.429,95.029,591.143,19.214,118.857,77.786,140.0,4.0,80.243,499.714,1169.857,421.571,5.071,14.186,1.99,2021,199.1,0.2,2.73
DJ Moore,48267,WR,CAR,16.714,13.043,9.286,58.4,56.5,11.571,23.857,1,6.457,5.286,-0.123,49.857,5,0.286,69.043,75.629,75.5,,76.643,0.4,2.286,5.714,64.286,0.057,0.286,576.286,3.571,39.857,72.0,94.629,545.571,24.271,137.857,81.914,123.0,5.714,74.957,433.857,1008.429,292.0,3.929,14.186,1.844,2022,288.5,0.28,2.88
DJ Moore,48267,WR,CHI,17.0,12.343,12.714,66.571,53.6,13.571,26.286,2,3.686,3.286,-0.111,57.714,6,0.714,81.843,64.786,82.957,,83.814,0.2,1.143,3.429,60.0,0.029,0.143,599.0,3.286,41.329,86.143,95.5,572.286,22.857,135.714,103.8,128.857,7.143,76.529,459.857,1198.429,432.429,4.8,13.914,2.083,2023,238.1,0.22,2.13
DJ Moore,48267,WR,CHI,17.0,9.571,14.429,69.886,47.6,11.857,23.286,0,2.929,2.714,-0.104,49.143,6,0.857,84.129,63.557,77.986,,78.343,0.1,0.571,3.0,50.571,0.0,0.0,668.857,4.429,41.171,92.429,93.457,624.0,25.886,174.143,101.671,131.571,6.714,73.414,490.0,1068.571,525.0,5.543,11.729,1.731,2024,168.1,0.17,2.59
DK Metcalf,47864,WR,SEA,18.0,13.9,10.0,62.2,52.9,18.0,34.0,3,11.5,9.0,0.18,46.0,29,3.0,46.6,23.1,73.4,,73.2,0.2,1.0,1.0,54.0,0.0,0.0,661.0,6.0,50.0,69.0,92.6,612.0,11.2,74.0,116.2,111.0,8.0,88.7,586.0,1119.0,343.0,5.0,16.2,1.83,2019,273.3,0.28,3.29
DK Metcalf,47864,WR,SEA,17.333,14.1,14.667,64.2,48.3,15.333,30.667,0,11.233,10.333,0.127,58.667,29,1.667,49.733,40.1,79.467,68.7,79.4,0.133,1.0,3.667,59.333,0.267,2.0,691.0,3.333,50.2,81.667,93.867,648.667,14.8,102.667,114.6,127.0,10.667,85.1,587.333,1305.667,373.0,4.6,16.0,2.01,2020,244.3,0.3,3.21
DK Metcalf,47864,WR,SEA,17.143,13.529,11.429,62.086,34.6,11.714,28.0,2,7.729,6.714,0.077,52.571,29,1.286,65.429,45.757,80.286,65.4,81.171,0.057,0.429,2.714,73.429,0.229,1.429,599.0,5.429,46.657,77.857,94.057,563.143,17.543,103.429,112.257,125.286,11.429,82.414,495.143,1112.143,343.286,4.429,14.229,1.97,2021,230.8,0.26,2.56
DK Metcalf,47864,WR,SEA,17.571,12.743,9.0,64.2,51.1,18.286,38.429,1,5.786,5.571,0.031,53.857,29,1.571,75.9,39.629,79.3,,80.329,0.014,0.143,3.571,63.714,0.114,0.714,625.429,6.857,47.757,91.143,94.129,588.714,17.4,108.143,102.629,141.571,9.714,82.586,517.143,1152.714,304.857,3.457,12.7,1.957,2022,225.4,0.27,3.42
DK Metcalf,47864,WR,SEA,16.714,13.414,11.286,61.1,29.0,13.286,34.857,3,6.843,5.429,0.014,52.0,29,0.714,66.286,62.629,79.471,,81.3,0.0,0.0,3.714,69.143,0.029,0.143,596.571,7.857,46.686,77.0,93.571,558.143,16.714,99.429,101.243,125.143,8.571,83.286,497.143,1113.0,336.143,4.614,14.871,1.994,2023,195.2,0.24,2.96
DK Metcalf,47864,WR,SEA,15.714,13.943,7.857,61.143,36.6,14.571,39.0,2,5.514,4.143,-0.001,42.571,29,1.429,73.8,43.229,76.186,,77.386,0.171,1.143,2.857,69.143,0.0,0.0,597.571,7.429,47.686,70.857,93.257,557.143,14.5,86.857,99.3,115.429,6.286,85.271,509.571,1054.286,294.857,4.286,15.086,1.893,2024,187.2,0.24,3.07
DaeSean Hamilton,45416,WR,DEN,14.0,8.7,1.0,66.7,42.9,3.0,7.0,0,6.3,2.0,-0.04,16.0,10,0.0,67.3,79.1,60.1,,60.4,2.4,7.0,1.0,24.0,0.0,0.0,292.0,1.0,43.3,30.0,94.9,277.0,63.4,185.0,85.7,45.0,2.0,34.2,100.0,243.0,71.0,2.4,8.1,0.88,2018,63.7,0.1,2.27
DaeSean Hamilton,45416,WR,DEN,15.333,8.433,1.667,61.1,33.3,2.333,6.333,0,10.433,3.333,-0.08,18.0,10,0.0,54.233,77.233,57.633,66.2,56.4,0.933,3.0,0.333,26.667,0.133,0.667,378.0,1.667,40.367,28.667,93.7,353.667,73.733,283.0,84.167,47.0,1.333,24.867,90.0,279.0,111.667,3.933,9.767,0.8,2019,64.3,0.12,2.8
Damiere Byrd,9964,WR,ARZ,11.0,10.0,5.0,71.1,57.1,4.0,7.0,0,3.0,1.0,-0.03,16.0,1,1.0,79.4,78.5,64.4,,64.0,0.0,0.0,1.0,58.0,0.0,0.0,326.0,2.0,42.0,32.0,96.3,314.0,5.2,17.0,92.7,45.0,1.0,94.5,308.0,359.0,152.0,4.8,11.2,1.14,2019,114.9,0.13,2.34
Damiere Byrd,9964,WR,NE,14.333,11.333,5.0,66.633,16.7,2.667,10.333,1,7.4,3.667,-0.057,24.667,19,1.0,63.467,43.3,62.4,67.0,63.533,0.0,0.0,2.333,47.333,0.267,1.333,439.333,1.333,43.733,42.0,95.167,417.333,7.8,35.667,82.7,63.667,1.0,92.1,403.333,522.333,162.667,4.0,12.333,1.24,2020,64.9,0.1,2.5
Damiere Byrd,9964,WR,CHI,15.857,10.057,2.714,68.729,50.0,2.286,6.714,0,7.229,2.714,-0.087,20.857,6,0.429,58.571,62.214,57.486,,58.371,0.114,0.571,2.143,51.143,0.114,0.571,423.714,1.143,43.257,32.857,95.414,404.0,29.686,123.857,83.557,48.429,1.0,69.3,295.714,411.857,136.571,4.286,12.543,1.011,2021,51.8,0.17,3.98
Damiere Byrd,9964,WR,ATL,15.143,16.029,2.143,63.057,20.0,1.429,5.714,0,7.457,1.857,-0.15,14.429,2,0.143,59.9,66.814,62.2,,62.443,0.057,0.286,2.143,64.286,0.057,0.286,288.0,0.429,40.171,21.571,95.686,275.0,21.671,73.286,89.157,33.571,1.571,77.843,212.714,333.429,116.857,6.371,17.243,1.339,2022,0.0,0.0,
Damion Ratley,48182,WR,CLV,5.0,10.9,1.0,65.0,40.0,2.0,5.0,0,13.3,2.0,-0.12,5.0,8,0.0,47.7,72.3,55.9,,56.5,0.0,0.0,1.0,27.0,0.0,0.0,128.0,1.0,42.5,13.0,93.8,120.0,36.7,47.0,65.4,20.0,0.0,63.3,81.0,144.0,52.0,4.0,11.1,1.2,2018,38.0,0.15,3.17
Damion Ratley,48182,WR,CLV,8.333,13.167,1.667,58.0,16.7,1.333,5.667,2,4.433,0.667,-0.087,9.0,8,0.0,68.833,72.567,60.567,,62.167,0.0,0.0,1.0,39.667,0.0,0.0,158.0,2.333,39.3,12.333,93.667,148.0,26.1,39.667,76.2,21.333,0.667,73.9,118.333,181.333,50.667,4.133,14.833,1.22,2019,10.3,0.08,2.58
Danny Amendola,4717,WR,NE,18.0,8.9,5.0,78.4,56.3,9.0,16.0,1,4.4,4.0,0.25,56.0,19,1.0,77.2,69.4,77.4,,77.0,0.2,1.0,1.0,50.0,0.0,0.0,553.0,3.0,49.9,87.0,92.0,509.0,81.4,450.0,112.7,111.0,4.0,17.9,99.0,1007.0,321.0,3.7,11.6,1.98,2017,122.3,0.18,2.04
Danny Amendola,4717,WR,MIA,16.0,7.833,3.0,78.6,60.0,7.0,12.0,0,3.667,2.667,0.037,36.667,17,0.333,80.933,60.867,70.2,61.4,69.733,0.333,1.667,2.333,42.667,0.133,0.667,481.0,2.333,45.567,68.333,92.867,446.333,80.2,386.0,95.167,87.0,2.0,19.033,91.0,719.0,259.667,3.833,10.333,1.587,2018,135.8,0.21,2.19
Danny Amendola,4717,WR,DET,15.429,8.386,3.571,71.4,38.5,5.857,12.571,0,5.857,4.0,-0.001,36.286,11,0.143,72.743,74.6,70.943,,70.286,0.257,1.286,2.143,45.143,0.057,0.286,481.571,1.571,43.757,64.714,93.171,448.429,78.371,377.429,87.529,91.0,1.429,20.5,98.429,695.571,238.714,3.7,10.657,1.543,2019,106.4,0.23,2.26
Danny Amendola,4717,WR,DET,14.429,8.414,4.286,68.729,40.0,4.571,10.857,0,5.014,2.857,0.033,31.286,11,0.0,74.743,78.571,72.743,72.1,72.729,0.571,2.286,2.143,47.571,0.371,1.286,404.143,2.286,45.0,52.429,93.157,376.429,82.286,330.286,83.2,76.429,0.429,16.229,67.857,619.857,263.857,5.243,11.986,1.67,2020,66.8,0.35,2.78
Dante Pettis,48113,WR,SF,11.0,12.1,6.0,67.5,33.3,1.0,3.0,0,3.6,1.0,0.04,19.0,28,0.0,65.2,80.3,68.5,,69.8,0.3,1.0,2.0,75.0,0.0,0.0,286.0,1.0,46.0,27.0,91.3,261.0,38.5,110.0,125.7,40.0,5.0,60.1,172.0,467.0,214.0,7.9,17.3,1.79,2018,33.9,0.11,3.08
Dante Pettis,48113,WR,SF,11.0,9.9,3.333,54.367,0.0,0.333,3.667,0,6.733,1.0,0.053,11.0,28,0.0,61.867,74.767,60.433,,59.6,0.1,0.333,2.0,39.0,0.0,0.0,200.667,1.0,48.0,16.333,93.7,187.0,41.5,82.0,78.167,28.667,3.0,57.567,116.667,228.333,88.667,4.233,12.367,1.083,2019,17.6,0.15,4.4
Dante Pettis,48113,WR,NO,9.286,10.986,3.143,51.871,0.0,0.143,2.714,0,2.886,0.429,-0.097,9.286,20,0.0,72.229,79.586,66.014,,65.143,0.043,0.143,0.857,28.143,0.0,0.0,145.429,0.429,41.943,13.857,94.557,136.714,40.871,59.143,78.357,26.0,1.857,58.729,85.429,166.429,58.0,3.471,11.014,1.156,2024,21.7,0.19,2.41
Darius Slayton,25578,WR,NYG,14.0,14.4,5.0,60.0,48.0,12.0,25.0,0,5.9,3.0,-0.06,32.0,21,0.0,70.9,81.4,70.3,,70.5,0.0,0.0,4.0,55.0,0.0,0.0,503.0,2.0,42.5,48.0,93.6,471.0,4.4,22.0,103.1,80.0,8.0,95.6,481.0,740.0,199.0,4.1,15.4,1.57,2019,143.0,0.16,2.75
Darius Slayton,25578,WR,NYG,15.333,14.267,6.333,55.467,31.8,8.667,23.0,1,9.1,5.0,-0.08,37.333,21,0.667,57.9,52.733,68.633,,68.433,0.0,0.0,2.667,45.667,0.0,0.0,556.333,2.0,41.967,49.333,94.0,523.0,14.533,83.333,88.7,89.333,4.667,85.467,473.0,747.333,171.0,3.433,15.133,1.437,2020,70.6,0.13,2.61
Darius Slayton,25578,WR,NYG,14.0,13.771,3.286,50.8,12.5,4.286,14.429,0,14.643,5.571,-0.16,24.0,21,0.857,41.786,37.914,59.586,,60.071,0.457,1.714,2.857,43.571,0.0,0.0,456.714,1.429,38.671,36.0,94.0,429.286,15.829,72.286,70.357,69.714,3.143,83.771,382.714,514.0,111.0,2.9,13.914,1.153,2021,130.4,0.19,2.83
Darius Slayton,25578,WR,NYG,16.286,12.943,3.571,56.2,42.9,6.429,17.429,0,14.671,7.143,-0.03,29.143,21,1.571,38.171,27.257,62.486,67.3,63.229,0.457,2.0,2.857,49.286,0.114,0.571,482.714,1.143,44.071,43.714,94.314,455.286,23.257,114.0,77.643,76.571,2.143,76.2,366.143,670.429,220.143,4.643,15.0,1.436,2022,151.0,0.17,3.02
Darius Slayton,25578,WR,NYG,16.714,12.6,7.571,61.9,18.2,3.857,13.429,0,9.829,4.857,-0.054,28.286,21,0.714,56.214,56.371,64.971,68.1,65.771,0.343,1.571,2.429,67.429,0.171,0.857,533.429,0.429,43.4,46.857,95.0,507.286,29.314,160.286,93.4,75.0,3.143,70.3,371.286,721.571,271.429,5.529,15.229,1.409,2023,110.0,0.13,2.68
Darius Slayton,25578,WR,NYG,16.571,13.171,7.143,59.4,60.0,8.714,17.571,0,12.257,6.0,-0.091,30.286,21,0.286,43.071,71.586,62.429,74.3,63.271,0.114,0.571,2.143,55.286,0.371,2.143,568.0,3.0,43.514,43.857,93.529,531.429,25.286,143.571,88.486,73.571,2.571,74.571,423.714,664.0,208.143,4.586,15.086,1.254,2024,96.8,0.13,2.62
Darnell Mooney,48236,WR,CHI,16.0,11.8,17.0,64.9,28.6,4.0,14.0,1,3.2,2.0,-0.05,33.0,6,1.0,83.9,47.0,68.7,,67.3,0.0,0.0,2.0,53.0,0.0,0.0,541.0,2.0,45.8,61.0,96.9,524.0,20.5,111.0,89.5,94.0,4.0,78.7,426.0,631.0,273.0,4.5,10.3,1.2,2020,219.7,0.22,2.53
Darnell Mooney,48236,WR,CHI,16.667,11.533,12.333,61.9,20.0,4.0,18.0,0,4.2,3.333,-0.103,43.667,6,0.333,80.9,71.0,72.7,65.8,72.367,0.0,0.0,6.0,60.333,0.133,0.667,614.333,0.667,44.067,74.333,95.1,583.333,35.9,226.333,76.7,120.667,4.0,63.3,383.333,913.667,351.667,4.7,12.1,1.547,2021,101.5,0.16,2.48
Darnell Mooney,48236,WR,CHI,14.0,12.143,7.0,65.957,83.3,4.571,11.143,0,3.171,2.0,-0.056,30.143,6,0.143,81.643,75.114,70.7,68.2,70.386,0.0,0.0,3.714,57.857,0.4,1.429,455.857,0.286,42.657,54.714,93.671,428.286,49.957,213.571,85.5,84.857,2.857,48.843,237.429,673.286,247.857,4.471,12.214,1.566,2022,78.9,0.1,2.39
Darnell Mooney,48236,WR,CHI,14.429,11.686,4.571,60.571,18.2,3.143,10.857,1,9.3,3.714,-0.081,24.143,6,0.0,58.257,78.257,61.986,39.6,64.043,0.343,1.714,4.0,48.571,0.657,3.0,468.714,0.571,42.743,40.714,94.371,443.0,60.886,281.714,68.471,67.143,1.714,37.371,179.143,528.143,210.143,5.343,13.029,1.206,2023,193.2,0.2,3.02
Darnell Mooney,48236,WR,ATL,15.143,12.343,5.571,62.543,39.1,6.429,17.143,0,8.429,4.429,-0.02,36.0,2,0.0,61.171,79.429,67.943,,69.3,0.171,0.857,3.143,47.714,0.314,1.429,511.286,1.429,45.886,51.143,93.657,478.857,50.357,250.857,86.871,81.143,3.429,47.914,251.714,755.571,230.286,4.729,14.443,1.554,2024,82.3,0.11,2.57
Davante Adams,8688,WR,GB,14.0,10.0,14.0,68.5,45.5,10.0,22.0,0,6.3,5.0,0.04,45.0,12,0.0,65.0,81.6,80.5,,79.4,0.4,2.0,1.0,55.0,0.0,0.0,538.0,0.0,46.2,74.0,93.7,504.0,19.1,103.0,120.3,108.0,10.0,80.5,433.0,885.0,345.0,4.7,12.0,1.76,2017,327.6,0.34,2.95
Davante Adams,8688,WR,GB,14.667,11.133,10.667,68.5,30.0,7.333,20.667,0,4.967,5.0,0.087,57.667,12,0.0,78.4,83.4,85.367,,84.8,0.133,0.667,0.333,56.333,0.0,0.0,642.667,1.333,46.333,98.667,93.9,603.333,20.167,130.333,121.167,144.0,12.0,79.567,511.0,1219.0,433.0,4.433,12.333,2.0,2018,212.7,0.31,2.56
Davante Adams,8688,WR,GB,14.286,10.771,7.429,68.5,43.8,7.143,18.0,1,6.871,7.286,0.083,63.0,12,1.143,68.8,53.971,86.871,,87.086,0.057,0.286,1.286,61.286,0.0,0.0,579.429,2.857,45.629,99.429,93.614,542.571,24.243,138.714,112.729,145.143,9.143,75.586,439.571,1262.429,480.429,4.871,12.714,2.349,2019,360.4,0.47,3.13
Davante Adams,8688,WR,GB,15.286,9.643,5.571,74.043,46.2,9.714,22.286,1,3.843,4.429,0.227,75.143,12,1.143,81.757,58.186,90.257,,90.386,0.0,0.0,2.286,58.714,0.0,0.0,581.571,3.143,50.6,120.429,94.286,548.429,29.957,172.857,125.2,162.0,15.286,69.814,407.143,1429.143,592.714,4.957,11.957,2.62,2020,344.3,0.39,2.8
Davante Adams,8688,WR,GB,16.286,9.529,9.571,74.757,50.0,12.429,25.714,1,3.271,4.143,0.214,83.286,12,0.571,86.514,71.871,91.829,,91.971,0.114,0.571,2.857,59.0,0.0,0.0,594.286,2.571,50.157,127.714,94.429,561.286,32.357,192.714,120.543,170.571,13.0,67.429,400.286,1554.429,633.714,4.971,12.171,2.764,2021,335.5,0.32,3.26
Davante Adams,8688,WR,LV,16.857,11.329,13.571,66.486,44.1,14.286,31.143,0,4.3,4.857,0.113,74.0,23,0.714,82.8,67.486,91.114,66.1,91.357,0.057,0.286,4.714,59.143,0.114,0.571,634.571,2.143,47.4,113.857,94.314,598.286,31.371,198.571,111.071,170.857,14.0,68.3,433.714,1551.0,566.857,4.971,13.843,2.596,2022,265.4,0.28,2.58
Davante Adams,8688,WR,LV,17.0,11.386,11.0,62.057,35.3,13.143,33.143,0,6.614,7.429,-0.001,64.857,23,0.286,73.529,76.886,84.186,,84.829,0.029,0.143,5.571,51.857,0.057,0.286,621.714,1.429,46.043,106.286,95.357,592.571,22.943,143.714,92.2,171.0,10.143,76.286,473.0,1321.571,428.857,4.014,12.457,2.227,2023,239.3,0.3,2.82
Davante Adams,8688,WR,NYJ,15.286,10.2,11.429,61.7,50.0,13.0,29.429,0,9.1,9.143,-0.06,54.143,22,0.143,59.5,79.657,78.786,,79.671,0.0,0.0,4.286,62.286,0.029,0.143,585.571,1.714,44.871,92.286,94.357,552.857,35.629,205.286,93.714,150.0,8.857,63.886,377.286,1150.857,435.429,4.8,12.486,2.079,2024,222.9,0.35,3.72
David Bell,97989,WR,CLV,16.0,6.6,2.0,75.0,44.4,4.0,9.0,0,7.7,2.0,-0.05,7.0,8,0.0,63.4,76.0,52.5,69.2,52.1,0.0,0.0,3.0,20.0,0.9,3.0,327.0,0.0,44.3,24.0,93.3,305.0,72.2,236.0,53.4,32.0,0.0,27.8,91.0,214.0,74.0,3.1,8.9,0.7,2022,48.7,0.22,3.48
David Bell,97989,WR,CLV,16.0,6.467,0.667,75.6,75.0,3.333,5.667,0,8.1,2.0,-0.123,9.667,8,0.0,61.333,75.267,59.9,78.0,59.767,1.2,2.0,1.667,34.0,2.7,5.0,221.667,0.0,42.167,22.667,93.433,207.0,58.0,136.0,95.933,30.0,2.0,40.4,83.0,218.667,81.333,3.633,9.633,1.167,2023,5.7,0.63,1.9
David Moore,11981,WR,SEA,17.0,16.9,2.0,52.0,41.2,7.0,17.0,0,7.1,2.0,0.2,18.0,29,2.0,64.3,21.7,64.5,,64.4,0.0,0.0,2.0,54.0,0.0,0.0,355.0,3.0,47.1,26.0,93.2,331.0,5.1,18.0,99.2,50.0,5.0,94.9,337.0,445.0,89.0,3.4,17.1,1.34,2018,61.6,0.2,3.08
David Moore,11981,WR,SEA,16.333,16.1,5.333,50.667,22.2,3.667,11.667,0,5.7,1.333,0.313,16.667,29,1.333,68.433,38.3,66.433,,66.533,0.0,0.0,1.333,58.0,0.0,0.0,282.333,3.0,50.9,21.333,93.133,263.0,19.3,49.333,92.8,42.0,3.0,80.7,233.0,387.0,143.0,7.067,18.233,1.487,2019,118.8,0.25,2.76
David Moore,11981,WR,SEA,16.714,12.329,3.429,65.486,55.6,4.429,10.143,0,3.986,1.143,0.203,17.429,29,0.571,75.5,65.671,66.186,56.5,66.457,0.514,1.714,0.571,57.429,0.343,1.143,311.857,1.857,50.214,29.714,94.657,295.571,23.643,72.571,121.257,44.857,4.714,75.843,237.571,404.714,162.429,5.829,14.443,1.386,2020,0.0,0.0,
David Moore,11981,WR,CAR,16.857,11.7,3.857,62.286,41.2,5.714,13.571,0,7.829,2.714,0.03,17.714,5,0.143,62.643,77.171,64.543,65.7,65.2,0.257,0.857,0.143,36.857,0.343,1.143,335.714,1.857,46.943,31.286,94.329,316.714,25.286,84.714,108.0,50.286,3.714,74.286,249.571,371.143,112.0,3.814,12.286,1.191,2024,2.7,0.03,1.35
DeAndre Carter,9859,WR,HST,12.0,2.7,1.0,91.7,100.0,1.0,1.0,0,0.0,0.0,0.04,10.0,13,1.0,84.5,25.9,63.6,,63.1,0.0,0.0,0.0,50.0,0.0,0.0,180.0,0.0,45.1,22.0,97.2,175.0,65.6,118.0,104.2,24.0,0.0,33.9,61.0,216.0,162.0,7.4,9.8,1.23,2018,27.2,0.13,2.47
DeAndre Carter,9859,WR,WAS,15.333,8.833,1.0,69.567,33.3,1.667,4.333,0,7.4,2.0,0.087,14.667,32,0.333,63.433,40.167,63.667,,64.1,0.0,0.0,1.333,34.0,0.0,0.0,247.333,0.0,48.367,23.333,94.533,233.0,46.333,108.0,91.4,35.333,2.0,53.5,139.0,269.333,106.0,4.667,11.467,1.163,2021,116.3,0.17,2.42
DeAndre Carter,9859,WR,LAC,16.857,9.214,1.0,70.729,30.0,2.429,7.571,0,5.457,2.0,0.026,23.429,27,0.714,71.7,46.814,62.486,68.8,63.986,0.229,1.143,1.143,34.571,0.343,1.714,411.143,0.0,46.214,37.429,95.543,393.571,53.229,224.571,99.171,53.429,2.571,46.014,183.0,432.571,166.0,4.514,11.543,1.116,2022,9.7,0.1,1.39
DeAndre Hopkins,7808,WR,HST,15.0,14.0,4.0,58.5,31.3,15.0,48.0,1,5.0,5.0,-0.01,69.0,13,1.0,80.4,57.1,90.2,,90.3,0.0,0.0,6.0,72.0,0.0,0.0,631.0,6.0,43.4,96.0,91.3,576.0,15.7,99.0,97.1,164.0,13.0,84.0,530.0,1378.0,346.0,3.6,14.4,2.39,2017,337.5,0.31,2.91
DeAndre Hopkins,7808,WR,HST,16.333,12.8,9.333,66.833,55.6,21.667,46.0,1,1.667,1.667,0.077,79.667,13,1.667,88.2,47.1,91.4,,91.5,0.0,0.0,4.0,56.667,0.0,0.0,698.333,4.0,46.867,112.0,92.7,648.0,18.367,129.0,109.167,167.333,11.667,81.533,568.667,1532.0,380.0,3.4,13.733,2.363,2018,264.3,0.27,2.49
DeAndre Hopkins,7808,WR,HST,16.714,11.657,10.857,69.1,47.1,18.429,39.143,1,3.457,4.143,0.107,78.143,13,1.857,85.343,56.129,89.343,,89.557,0.0,0.0,2.286,48.857,0.0,0.0,714.143,3.429,47.971,116.0,93.386,667.429,29.3,210.714,107.7,167.714,9.0,70.543,502.0,1441.143,398.286,3.457,12.457,2.161,2019,291.8,0.28,2.52
DeAndre Hopkins,7808,WR,ARZ,16.429,9.971,17.143,73.057,50.0,15.571,31.0,1,1.886,2.286,0.089,77.0,1,2.571,89.214,45.871,88.0,,88.614,0.0,0.0,1.857,53.571,0.0,0.0,691.429,4.714,49.171,116.857,94.057,650.286,19.357,137.143,109.771,160.143,7.0,80.471,553.143,1426.143,472.143,4.043,12.171,2.196,2020,147.2,0.26,3.5
DeAndre Hopkins,7808,WR,ARZ,12.714,11.6,9.429,72.143,46.2,9.429,19.714,0,3.514,2.286,0.184,50.714,1,1.143,81.343,64.786,83.029,,84.071,0.0,0.0,0.714,54.714,0.0,0.0,489.429,3.857,51.857,73.857,94.529,462.0,16.786,87.429,127.457,101.714,7.286,83.129,401.429,925.0,287.714,3.671,12.9,1.936,2021,153.7,0.28,2.4
DeAndre Hopkins,7808,WR,ARZ,10.286,11.143,6.714,70.329,52.4,9.857,19.429,0,2.271,1.286,-0.009,39.857,1,1.571,86.214,42.471,76.9,,77.8,0.0,0.0,2.571,43.143,0.0,0.0,414.571,2.286,44.843,65.0,93.871,389.143,21.314,84.857,104.343,92.0,4.857,78.657,329.571,774.143,215.571,3.186,12.029,1.956,2022,223.6,0.29,2.9
DeAndre Hopkins,7808,WR,TEN,13.714,13.386,4.714,62.057,22.7,6.857,20.429,0,3.986,2.857,-0.077,42.0,31,0.571,80.8,65.414,78.514,62.3,79.643,0.0,0.0,4.571,52.143,0.114,0.571,470.143,3.0,41.057,67.143,93.343,438.429,21.529,100.429,90.543,111.0,6.0,78.071,367.429,890.571,206.571,3.1,13.2,2.011,2023,147.0,0.28,2.63
DeAndre Hopkins,7808,WR,KC,17.0,12.386,3.857,65.143,54.2,10.429,23.0,1,4.414,3.0,-0.034,40.429,16,0.286,74.814,72.986,78.014,,78.029,0.0,0.0,4.0,42.143,0.057,0.286,460.857,1.857,44.4,64.286,91.557,422.286,24.157,110.0,91.686,100.429,5.857,75.643,349.714,769.571,158.429,2.4,11.8,1.8,2024,67.0,0.2,3.05
DeSean Jackson,4363,WR,TB,14.0,16.3,1.0,57.5,31.6,6.0,19.0,0,2.0,1.0,0.08,36.0,30,0.0,86.6,79.9,76.8,,76.8,0.0,0.0,4.0,41.0,0.0,0.0,465.0,0.0,48.2,50.0,93.8,436.0,20.0,93.0,74.3,87.0,3.0,79.8,371.0,668.0,190.0,3.8,13.4,1.53,2017,151.3,0.33,3.22
DeSean Jackson,4363,WR,TB,12.667,18.5,1.667,57.1,27.3,4.0,13.667,1,3.8,1.667,0.113,32.667,30,0.0,78.733,80.633,78.533,,79.467,0.0,0.0,6.0,63.667,0.0,0.0,395.667,1.333,50.267,44.0,94.267,372.667,17.533,70.333,73.633,77.0,3.667,82.2,324.333,738.667,181.333,4.133,17.067,2.023,2018,36.9,0.57,4.1
DeSean Jackson,4363,WR,PHI,8.286,17.3,0.714,56.471,33.3,2.286,7.571,0,8.771,1.857,-0.083,19.714,24,0.0,62.2,77.243,71.829,,71.543,0.0,0.0,3.143,73.571,0.0,0.0,246.143,0.571,45.543,26.857,96.286,234.571,18.6,45.0,80.014,47.286,2.143,81.286,200.714,451.429,114.286,4.4,16.971,1.896,2020,77.8,0.26,3.7
DeSean Jackson,4363,WR,LV,12.286,18.057,0.857,59.443,28.6,1.857,6.429,0,9.214,2.0,-0.036,14.714,23,0.571,59.371,47.371,70.029,,69.886,0.229,0.571,2.429,76.714,0.0,0.0,219.0,0.286,47.1,21.857,96.071,209.571,21.529,46.714,92.243,36.857,2.0,78.2,171.571,452.286,143.0,6.671,20.614,2.107,2021,24.3,0.22,2.7
DeVante Parker,9447,WR,MIA,13.0,12.6,8.0,60.0,45.2,14.0,31.0,0,6.6,4.0,-0.08,33.0,17,1.0,69.2,41.8,69.5,,68.7,0.2,1.0,6.0,36.0,0.0,0.0,475.0,0.0,43.7,57.0,96.4,458.0,19.4,92.0,58.7,95.0,1.0,80.4,382.0,670.0,201.0,3.5,11.8,1.46,2017,60.9,0.15,2.54
DeVante Parker,9447,WR,MIA,11.667,13.2,4.667,57.2,30.0,6.667,17.0,0,4.867,2.0,-0.14,20.333,17,0.333,72.533,64.267,69.3,65.5,68.367,0.067,0.333,2.667,42.667,0.267,0.667,321.667,0.0,40.967,35.0,93.6,303.333,19.8,63.333,70.633,60.333,1.0,80.133,258.0,429.333,131.667,3.833,12.533,1.4,2018,246.2,0.27,3.42
DeVante Parker,9447,WR,MIA,14.143,14.057,6.571,59.086,56.4,15.429,29.571,0,5.8,3.714,-0.083,41.857,17,0.143,68.057,74.229,74.957,,74.9,0.2,1.286,3.429,47.429,0.114,0.286,523.571,0.571,43.043,56.143,93.886,492.857,21.629,115.714,90.729,93.857,5.571,78.171,406.571,870.857,210.143,3.757,14.914,1.68,2019,166.3,0.23,2.64
DeVante Parker,9447,WR,MIA,14.143,12.243,6.714,61.257,60.0,18.714,32.571,0,8.143,5.571,0.033,44.286,17,0.571,62.743,60.186,76.171,64.5,76.543,0.2,1.143,2.429,38.857,0.171,0.714,504.429,1.429,48.686,60.0,93.657,473.143,22.514,114.714,94.086,97.286,5.0,77.286,388.571,840.714,187.857,3.171,13.814,1.736,2020,103.5,0.19,2.59
DeVante Parker,9447,WR,MIA,12.0,12.243,4.286,57.957,46.7,17.143,32.714,0,8.986,5.0,-0.011,37.714,17,0.286,59.443,69.329,74.743,,75.229,0.1,0.571,2.286,40.143,0.057,0.286,446.143,1.286,45.914,51.143,93.843,418.714,17.371,81.857,84.371,87.286,3.571,82.529,363.714,692.571,148.714,2.843,13.357,1.616,2021,102.9,0.19,3.32
DeVante Parker,9447,WR,NE,12.286,14.671,2.714,62.371,52.6,12.714,24.429,0,4.029,2.143,0.009,29.0,19,0.143,75.386,72.6,74.057,48.8,74.2,0.029,0.143,3.143,41.0,0.2,0.714,368.571,1.143,46.457,38.143,93.457,344.571,11.957,46.429,86.4,62.0,2.857,88.014,322.0,568.429,115.143,3.1,15.429,1.65,2022,72.4,0.13,2.19
DeVonta Smith,61100,WR,PHI,18.0,14.9,11.0,61.8,39.3,11.0,28.0,0,4.2,3.0,0.08,45.0,24,1.0,81.5,49.1,77.7,,77.6,0.2,1.0,3.0,46.0,0.0,0.0,599.0,3.0,44.8,68.0,94.0,563.0,12.0,72.0,94.4,110.0,5.0,87.1,522.0,976.0,260.0,3.8,14.4,1.73,2021,256.6,0.24,2.7
DeVonta Smith,61100,WR,PHI,19.333,11.767,13.667,68.2,41.9,12.333,30.0,0,4.867,5.0,0.093,57.667,24,1.0,80.367,72.833,79.5,,79.933,0.067,0.333,1.667,45.333,0.0,0.0,690.333,2.333,45.533,96.0,94.467,652.333,20.667,146.667,107.4,139.333,7.0,79.033,542.0,1254.0,460.667,4.667,13.267,1.91,2022,229.6,0.22,2.83
DeVonta Smith,61100,WR,PHI,18.0,12.243,10.429,70.257,39.3,11.571,28.857,0,5.114,5.0,0.08,55.0,24,1.0,78.271,62.814,77.157,,78.314,0.029,0.143,2.429,55.429,0.0,0.0,677.571,1.571,45.914,92.0,94.886,643.0,26.629,181.714,109.686,130.571,7.0,72.9,492.857,1231.143,388.857,4.171,13.457,1.91,2023,199.4,0.25,2.89
DeVonta Smith,61100,WR,PHI,17.429,10.6,10.143,78.257,43.8,9.0,21.571,0,4.829,4.571,0.137,52.286,24,0.429,78.914,74.929,79.429,,81.329,0.229,1.143,2.714,52.429,0.0,0.0,601.714,2.857,48.443,89.143,94.557,569.286,44.286,256.0,120.214,115.143,8.286,55.314,343.429,1130.429,381.0,4.271,12.671,1.991,2024,201.8,0.23,2.62
Dede Westbrook,11865,WR,JAX,10.0,12.4,4.0,54.0,33.3,5.0,15.0,0,10.5,4.0,0.11,20.0,15,1.0,52.5,28.9,62.1,,61.2,0.0,0.0,1.0,29.0,0.0,0.0,322.0,3.0,47.7,34.0,95.7,308.0,11.5,37.0,73.8,63.0,1.0,88.5,285.0,424.0,121.0,3.6,12.5,1.38,2017,177.5,0.22,2.37
Dede Westbrook,11865,WR,JAX,14.0,10.2,6.667,63.867,33.3,5.667,17.0,0,9.033,5.333,-0.043,32.667,15,1.667,59.767,38.833,68.233,61.6,67.067,0.0,0.0,2.333,50.333,0.133,0.667,492.667,3.0,44.167,55.333,95.767,472.0,62.767,353.0,87.8,85.0,3.667,36.967,138.333,619.333,282.333,4.867,11.433,1.32,2018,152.7,0.21,2.15
Dede Westbrook,11865,WR,JAX,14.571,8.486,8.0,66.229,26.3,5.286,18.143,1,7.129,4.571,-0.007,31.714,15,0.714,68.357,55.386,65.529,,65.257,0.114,0.571,2.143,43.857,0.057,0.286,551.143,3.0,43.843,61.429,93.843,516.571,74.157,432.429,88.429,91.857,3.286,25.614,117.571,642.571,299.286,4.771,10.614,1.251,2019,1.4,0.09,1.4
Deebo Samuel,48274,WR,SF,18.0,7.9,23.0,71.3,41.2,7.0,17.0,0,13.0,10.0,0.13,40.0,28,2.0,40.3,29.6,77.5,75.8,75.3,0.8,4.0,3.0,42.0,0.6,3.0,491.0,8.0,50.0,67.0,91.6,450.0,25.9,127.0,100.0,94.0,3.0,71.3,350.0,929.0,563.0,8.4,13.9,2.06,2019,80.7,0.26,1.97
Deebo Samuel,48274,WR,SF,10.0,4.1,14.333,73.767,50.0,3.0,7.0,0,9.867,5.333,0.123,26.0,28,0.667,53.767,62.667,79.033,70.2,79.167,1.0,2.667,2.333,37.333,0.6,1.667,283.667,2.667,48.867,44.333,94.6,265.333,28.633,78.333,93.467,60.667,1.667,68.567,197.333,570.333,455.0,10.933,12.5,2.193,2020,338.0,0.41,2.49
Deebo Samuel,48274,WR,SF,15.143,6.214,21.571,70.471,46.2,8.143,17.857,0,11.143,9.143,0.15,44.286,28,2.571,44.471,49.6,85.414,60.1,84.1,0.714,2.857,3.286,63.429,0.829,4.143,448.429,1.714,47.686,68.714,93.686,417.714,29.243,130.714,105.6,99.143,4.714,67.043,300.0,1135.286,730.429,10.857,15.586,2.614,2021,172.4,0.26,1.76
Deebo Samuel,48274,WR,SF,15.429,5.457,29.714,67.343,26.7,5.857,16.286,0,8.529,6.714,0.146,37.571,28,1.143,58.443,37.943,79.514,78.7,83.3,0.529,2.286,3.143,71.0,0.943,4.714,465.714,0.857,48.1,69.0,94.129,437.286,28.257,131.143,95.429,103.429,3.857,62.771,291.286,983.0,701.571,10.314,13.771,2.217,2022,243.7,0.34,2.51
Deebo Samuel,48274,WR,SF,17.571,6.857,32.429,66.6,36.8,6.857,18.857,0,6.643,5.429,0.259,40.286,28,1.143,68.843,50.286,82.857,65.9,85.571,0.186,1.0,3.143,63.857,1.0,5.143,499.429,1.571,52.2,73.857,93.857,468.571,31.129,155.429,102.7,110.857,5.857,61.157,306.143,1056.714,683.286,9.257,14.157,2.239,2023,155.6,0.23,1.67
Deebo Samuel,48274,WR,SF,16.0,6.814,22.857,64.9,33.3,5.429,16.143,1,7.543,4.714,0.169,32.0,28,0.286,66.371,46.529,75.5,,77.714,0.343,1.429,1.857,69.429,0.429,2.143,459.143,3.0,50.186,59.857,95.086,436.286,31.443,144.429,98.814,92.0,4.143,60.443,277.571,799.857,513.0,8.543,13.286,1.824,2024,188.2,0.26,2.11
Demarcus Robinson,10760,WR,KC,17.0,10.7,1.0,61.0,33.3,1.0,3.0,0,10.7,3.0,0.12,17.0,16,0.0,43.1,76.1,54.5,62.4,53.9,0.2,1.0,2.0,33.0,0.2,1.0,411.0,2.0,45.5,25.0,95.6,393.0,18.5,76.0,68.0,41.0,1.0,81.3,334.0,269.0,67.0,2.7,10.8,0.68,2017,74.8,0.18,3.4
Demarcus Robinson,10760,WR,KC,17.667,11.967,3.0,69.8,33.3,1.0,3.0,0,8.9,2.333,0.267,14.333,16,0.0,55.367,75.833,58.3,,59.233,0.333,1.0,1.333,70.333,0.067,0.333,321.667,3.333,52.367,23.667,93.933,303.0,19.167,61.333,110.933,34.333,3.0,80.3,258.667,299.667,98.333,4.233,12.733,1.04,2018,100.9,0.14,3.15
Demarcus Robinson,10760,WR,KC,18.429,12.214,6.429,63.8,33.3,1.571,4.714,1,10.957,3.857,0.291,17.571,16,0.0,47.443,77.014,56.357,67.6,57.157,0.829,4.429,1.714,55.286,0.2,1.286,478.429,3.143,52.157,30.143,91.343,434.429,20.557,100.0,101.371,48.429,3.571,78.529,373.714,405.0,115.286,3.929,13.343,0.966,2019,109.6,0.15,2.44
Demarcus Robinson,10760,WR,KC,18.857,11.114,6.571,70.171,33.3,1.857,5.571,0,7.057,2.857,0.303,23.571,16,0.571,65.329,56.214,58.971,56.6,58.957,2.4,14.714,1.857,41.286,0.543,3.429,565.857,3.143,54.486,40.143,92.214,521.714,17.471,97.714,102.629,57.286,3.429,80.029,453.286,463.857,156.857,4.0,11.843,0.914,2020,69.4,0.1,2.78
Demarcus Robinson,10760,WR,KC,19.571,10.714,3.571,67.443,50.0,2.0,4.857,0,4.843,1.857,0.264,20.0,16,0.286,72.1,67.043,54.843,79.6,55.286,1.8,11.286,2.0,33.143,0.729,4.571,611.143,4.143,53.771,35.0,91.914,561.857,14.486,88.429,95.0,51.571,3.143,83.686,511.429,403.714,120.571,3.357,11.629,0.719,2021,105.8,0.17,2.2
Demarcus Robinson,10760,WR,BLT,18.714,10.357,5.714,66.114,44.4,3.143,7.143,0,6.729,3.429,0.024,22.286,3,1.286,66.286,41.9,60.871,,60.7,0.814,5.143,3.143,36.857,0.343,2.143,489.286,2.429,46.429,43.571,94.143,458.857,10.157,52.714,83.057,66.143,3.0,89.014,431.429,457.0,144.857,3.3,10.6,1.06,2022,89.4,0.23,3.31
Demarcus Robinson,10760,WR,LA,16.0,12.514,4.143,64.529,85.7,4.857,7.143,0,3.071,1.571,0.106,22.286,26,1.714,77.443,29.886,66.1,,65.614,0.157,1.0,2.0,37.571,0.114,0.714,355.0,2.143,48.629,35.0,95.029,335.857,17.729,56.857,99.914,54.286,3.571,82.114,297.143,430.571,112.571,3.2,12.729,1.384,2023,123.5,0.14,3.98
Demarcus Robinson,10760,WR,LA,17.429,15.1,2.571,56.529,50.0,6.857,12.429,1,4.386,1.857,0.041,27.714,26,0.857,74.386,53.743,66.486,,66.971,0.0,0.0,3.143,43.857,0.0,0.0,487.143,1.286,47.757,35.429,95.071,462.286,29.686,157.286,94.971,63.429,5.571,70.314,329.857,535.0,99.714,2.814,15.357,1.237,2024,56.2,0.13,2.44
Demario Douglas,104155,WR,NE,14.0,8.0,11.0,64.5,36.4,4.0,11.0,0,3.9,2.0,-0.34,26.0,19,1.0,79.7,57.6,74.4,,75.6,0.0,0.0,3.0,42.0,0.0,0.0,337.0,2.0,38.2,49.0,97.9,330.0,67.7,228.0,70.1,76.0,0.0,31.5,106.0,561.0,343.0,7.0,11.4,1.7,2023,147.7,0.22,2.14
Demario Douglas,104155,WR,NE,16.0,6.6,8.333,73.9,40.0,2.667,7.0,0,2.3,1.333,-0.173,29.333,19,1.0,86.833,51.6,71.467,67.4,71.533,0.0,0.0,2.333,38.0,0.133,0.667,432.333,2.0,42.667,60.333,94.033,404.667,75.233,328.667,89.7,81.333,2.0,24.1,100.667,601.0,361.0,6.067,10.067,1.5,2024,95.8,0.33,2.52
Demaryius Thomas,5547,WR,DEN,16.0,10.5,9.0,61.0,58.6,17.0,29.0,0,10.8,10.0,-0.09,53.0,10,1.0,45.0,53.1,74.1,,73.0,0.2,1.0,9.0,40.0,0.0,0.0,584.0,3.0,40.8,83.0,93.5,546.0,18.2,106.0,66.7,136.0,5.0,81.3,475.0,949.0,291.0,3.5,11.4,1.74,2017,156.7,0.21,2.66
Demaryius Thomas,5547,WR,HST,15.333,10.633,6.333,65.533,50.0,10.333,19.0,1,10.667,8.0,0.01,42.333,13,0.333,49.2,71.233,72.367,,71.867,0.333,1.667,4.333,43.333,0.0,0.0,524.667,3.667,44.533,67.0,92.967,488.0,28.133,144.667,89.3,103.333,5.0,71.433,377.667,767.667,283.0,4.3,11.467,1.56,2018,85.3,0.19,2.37
Denzel Mims,47800,WR,NYJ,9.0,15.8,4.0,56.1,27.3,3.0,11.0,0,4.2,1.0,-0.12,15.0,22,0.0,73.5,75.3,69.4,,70.4,0.4,1.0,1.0,30.0,0.0,0.0,264.0,1.0,41.3,23.0,93.6,247.0,24.6,65.0,74.9,41.0,0.0,75.0,198.0,357.0,102.0,4.4,15.5,1.45,2020,21.3,0.08,2.66
Deon Cain,13597,WR,PIT,13.0,13.0,0.0,47.4,42.9,3.0,7.0,0,18.2,2.0,0.0,7.0,25,0.0,38.7,70.6,55.6,,55.1,0.0,0.0,1.0,35.0,0.0,0.0,211.0,0.0,43.8,9.0,91.0,192.0,8.1,17.0,46.8,19.0,0.0,91.9,194.0,124.0,22.0,2.4,13.8,0.65,2019,0.0,0.0,
Deonte Harty,91470,WR,NO,11.0,3.9,13.0,84.8,,0.0,0.0,0,3.4,1.0,0.08,15.0,20,0.0,76.3,35.3,79.9,,79.5,0.0,0.0,1.0,40.0,0.0,0.0,142.0,0.0,47.8,28.0,97.2,138.0,50.0,71.0,98.0,33.0,1.0,47.9,68.0,268.0,189.0,6.8,9.6,1.94,2020,115.1,0.39,2.81
Deonte Harty,91470,WR,NO,12.333,8.367,8.333,70.4,75.0,2.0,2.667,0,6.267,2.333,0.007,20.333,20,0.0,68.167,57.7,85.167,,84.3,0.267,0.667,4.333,61.333,0.0,0.0,196.0,0.0,44.267,33.333,95.8,187.333,40.0,75.667,82.2,49.0,2.333,56.3,112.667,469.333,227.0,6.8,13.733,2.44,2021,3.3,0.14,1.65
Deonte Harty,91470,WR,BUF,15.571,9.243,5.857,72.4,50.0,1.429,2.286,0,2.686,1.0,0.089,14.429,4,0.0,76.186,60.614,75.871,,75.957,0.114,0.286,3.0,50.857,0.0,0.0,161.714,0.0,46.857,24.0,94.429,152.857,47.371,73.571,78.543,34.143,1.571,48.471,81.429,308.0,160.143,6.629,12.171,1.886,2023,0.0,0.0,
Deonte Thompson,7513,WR,BUF,17.0,15.7,2.0,54.8,36.4,8.0,22.0,1,4.8,2.0,-0.05,26.0,4,0.0,73.9,43.2,63.6,,62.2,0.0,0.0,5.0,46.0,0.0,0.0,462.0,6.0,43.0,40.0,94.6,437.0,17.7,82.0,61.3,73.0,2.0,82.3,380.0,578.0,102.0,2.6,14.5,1.32,2017,33.1,0.13,1.95
Devaughn Vele,100637,WR,DEN,14.0,8.7,2.0,73.2,60.0,9.0,15.0,0,8.9,4.0,0.0,26.0,10,0.0,60.0,78.4,69.3,,71.4,1.4,5.0,0.0,37.0,0.0,0.0,350.0,0.0,45.9,41.0,95.1,333.0,70.6,247.0,116.3,56.0,3.0,27.7,97.0,475.0,132.0,3.2,11.6,1.43,2024,66.3,0.15,2.65
Deven Thompkins,84480,WR,TB,19.0,5.8,4.0,66.7,0.0,0.0,4.0,0,5.3,1.0,-0.11,5.0,30,1.0,69.9,45.8,59.3,,56.9,0.7,1.0,1.0,26.0,0.0,0.0,150.0,1.0,43.3,18.0,94.0,141.0,64.7,97.0,68.0,27.0,1.0,34.0,51.0,87.0,82.0,4.6,4.8,0.62,2023,6.7,0.13,1.12
Devin Duvernay,40006,WR,BLT,18.0,6.3,4.0,80.0,100.0,1.0,1.0,1,4.8,1.0,0.04,8.0,3,0.0,71.3,85.4,60.3,,60.2,0.0,0.0,2.0,39.0,0.0,0.0,205.0,2.0,46.2,20.0,95.1,195.0,47.3,97.0,66.8,25.0,0.0,52.2,107.0,201.0,118.0,5.9,10.1,1.03,2020,77.2,0.13,1.93
Devin Duvernay,40006,WR,BLT,16.667,6.7,3.333,79.067,42.9,2.333,5.0,0,5.4,1.667,-0.027,12.0,3,0.0,70.3,76.667,57.233,72.8,56.4,0.467,2.0,0.667,27.0,0.333,1.333,339.0,1.333,45.667,28.667,93.9,317.667,56.3,197.0,95.267,36.333,1.333,42.867,139.0,248.333,136.667,4.9,8.833,0.823,2021,110.1,0.17,2.25
Devin Duvernay,40006,WR,BLT,15.143,8.586,2.571,78.857,60.0,2.714,5.0,0,3.8,1.286,-0.011,16.0,3,0.0,76.3,84.0,62.929,,62.0,0.371,1.429,0.857,29.286,0.143,0.571,359.0,0.571,45.057,33.429,94.014,337.286,43.214,155.857,106.657,42.429,2.286,56.257,201.286,339.0,150.0,4.557,10.071,1.016,2022,7.3,0.05,0.91
Devin Funchess,9474,WR,CAR,17.0,14.0,4.0,57.3,48.6,17.0,35.0,0,4.3,3.0,0.05,44.0,5,0.0,68.5,81.2,72.2,68.1,72.0,0.3,2.0,4.0,44.0,0.2,1.0,593.0,2.0,44.1,67.0,94.3,559.0,20.2,120.0,91.1,117.0,8.0,79.4,471.0,919.0,292.0,4.4,13.7,1.64,2017,122.9,0.2,2.79
Devin Funchess,9474,WR,CAR,15.0,13.533,2.667,57.167,37.5,9.667,22.333,0,9.433,5.0,0.063,38.0,5,0.0,54.5,79.6,69.667,,69.333,0.233,1.333,4.0,32.667,0.067,0.333,483.667,0.667,46.567,51.667,94.5,457.0,20.4,98.667,80.433,90.333,5.333,79.333,383.667,672.333,150.0,2.667,12.9,1.447,2018,6.2,0.17,2.07
Diontae Johnson,33441,WR,PIT,16.0,9.5,18.0,68.6,33.3,2.0,6.0,0,4.8,3.0,-0.09,31.0,25,3.0,76.6,23.1,67.9,,68.8,0.0,0.0,2.0,45.0,0.0,0.0,453.0,7.0,41.7,59.0,93.2,422.0,12.6,57.0,101.9,86.0,5.0,87.4,396.0,680.0,311.0,5.3,11.5,1.61,2019,223.8,0.31,2.46
Diontae Johnson,33441,WR,PIT,16.0,9.033,14.667,65.467,41.7,4.0,10.0,1,10.4,11.0,0.03,45.667,25,1.667,49.267,49.7,69.567,,69.667,0.0,0.0,2.667,46.333,0.0,0.0,565.0,3.0,44.967,85.667,93.733,530.0,13.133,74.333,94.167,132.0,6.333,86.867,490.667,920.0,389.667,4.633,10.833,1.723,2020,276.4,0.28,2.47
Diontae Johnson,33441,WR,PIT,16.571,9.014,15.429,64.4,39.1,6.857,17.429,1,8.286,9.286,-0.027,56.143,25,1.857,58.086,41.814,71.643,,72.029,0.057,0.571,2.857,48.429,0.0,0.0,642.714,7.0,42.357,100.714,93.486,600.857,9.629,59.857,93.671,157.143,7.857,90.314,582.286,1077.143,476.714,4.729,10.757,1.784,2021,176.7,0.17,1.9
Diontae Johnson,33441,WR,PIT,16.857,9.943,13.857,62.157,36.4,7.857,20.857,1,8.657,9.0,-0.019,51.571,25,1.286,56.486,52.057,70.743,,71.043,0.029,0.286,4.714,42.143,0.0,0.0,665.571,6.429,44.143,95.286,93.343,621.143,11.4,75.0,74.529,153.0,3.571,88.571,590.286,994.0,355.0,3.586,10.443,1.6,2022,152.7,0.26,2.99
Diontae Johnson,33441,WR,PIT,15.286,11.6,10.0,60.686,33.3,7.0,19.857,1,5.386,4.571,-0.079,46.0,25,1.143,72.329,45.243,74.857,,75.714,0.014,0.143,3.286,58.286,0.0,0.0,535.857,5.429,44.0,72.0,93.157,499.143,17.543,87.0,87.5,118.0,4.714,82.443,448.714,859.857,309.714,4.457,12.414,1.759,2023,89.1,0.22,2.55
Donovan Peoples-Jones,61439,WR,CLV,13.0,17.0,1.0,69.6,40.0,2.0,5.0,0,5.9,1.0,0.34,11.0,8,0.0,67.7,86.9,67.7,56.2,68.4,0.5,1.0,0.0,75.0,2.0,4.0,196.0,3.0,53.5,16.0,93.4,183.0,32.7,64.0,141.1,23.0,2.0,66.8,131.0,335.0,81.0,5.1,20.9,1.83,2020,111.7,0.16,3.29
Donovan Peoples-Jones,61439,WR,CLV,13.667,16.067,1.667,62.267,69.6,11.333,17.0,0,8.967,3.0,0.02,21.0,8,0.667,57.7,45.767,66.367,72.1,67.467,0.167,0.333,2.0,65.0,1.133,3.333,354.667,2.333,47.033,28.0,94.133,334.333,24.1,78.667,106.7,46.333,2.667,75.733,275.667,509.667,129.0,4.7,18.7,1.583,2021,163.1,0.15,2.63
Donovan Peoples-Jones,61439,WR,CLV,15.571,14.257,1.857,63.371,37.9,11.143,23.857,0,6.529,3.0,-0.009,27.857,8,0.857,69.014,54.586,65.529,66.2,67.6,0.071,0.143,2.0,51.857,0.6,2.0,504.0,5.571,45.643,46.857,93.486,470.714,27.414,138.857,99.5,74.143,2.857,72.457,364.429,697.857,166.714,3.843,15.9,1.513,2022,28.5,0.06,2.19
Dontayvion Wicks,99711,WR,GB,17.0,10.7,7.0,67.2,42.9,3.0,7.0,0,4.7,2.0,0.16,30.0,12,3.0,74.3,23.0,77.8,,77.0,0.9,3.0,1.0,35.0,0.0,0.0,328.0,2.0,47.6,41.0,95.1,312.0,35.7,117.0,119.9,61.0,5.0,63.4,208.0,605.0,218.0,5.3,14.8,1.94,2023,110.5,0.19,2.83
Dontayvion Wicks,99711,WR,GB,17.667,12.033,7.667,56.6,25.0,3.667,13.0,0,13.567,6.667,0.047,28.0,12,1.0,44.167,59.733,69.333,,68.2,1.233,4.333,2.333,35.667,0.0,0.0,339.333,2.0,45.8,41.0,93.7,318.0,35.833,121.667,89.033,73.667,5.0,62.867,213.333,504.333,173.333,4.233,12.333,1.587,2024,75.8,0.19,2.45
Donte Moncrief,8725,WR,IND,12.0,14.6,2.0,63.4,62.5,5.0,8.0,2,13.3,4.0,-0.12,22.0,14,0.0,44.0,75.7,61.1,,61.6,0.2,1.0,0.0,60.0,0.0,0.0,403.0,3.0,41.1,26.0,95.3,384.0,16.4,66.0,110.9,41.0,2.0,83.4,336.0,391.0,79.0,3.0,15.0,1.02,2017,132.8,0.16,2.77
Donte Moncrief,8725,WR,JAX,14.667,13.867,3.333,58.8,22.7,5.0,17.333,1,9.567,4.0,-0.107,26.0,15,0.667,57.6,59.167,61.9,,62.133,0.067,0.333,0.667,73.333,0.0,0.0,512.333,4.333,43.033,40.667,95.967,492.0,10.267,49.333,96.167,70.333,2.667,89.667,462.667,575.667,181.667,4.267,14.267,1.153,2018,5.8,0.04,1.45
Dontrelle Inman,6597,WR,CHI,11.0,13.6,1.0,58.1,42.9,6.0,14.0,0,16.7,5.0,-0.02,19.0,6,0.0,33.4,75.5,66.0,,63.0,0.0,0.0,2.0,26.0,0.0,0.0,286.0,1.0,42.5,25.0,93.0,266.0,15.4,44.0,72.1,43.0,1.0,84.6,242.0,343.0,35.0,1.4,13.7,1.29,2017,76.4,0.21,2.73
Dontrelle Inman,6597,WR,IND,11.0,12.067,1.667,71.567,53.8,6.667,13.333,0,10.7,3.667,0.207,21.0,14,0.0,58.867,76.767,70.2,,68.067,0.0,0.0,0.667,28.0,0.0,0.0,291.333,0.333,53.367,32.333,93.8,273.333,27.333,80.0,112.7,45.0,3.0,72.667,211.333,389.0,59.667,1.8,12.167,1.423,2018,30.1,0.16,2.51
Dontrelle Inman,6597,WR,IND,8.714,12.829,0.714,63.3,16.7,3.429,9.143,0,16.014,3.286,0.191,14.143,14,0.0,43.114,73.986,66.029,,65.457,0.0,0.0,0.286,28.0,0.0,0.0,202.571,0.714,51.671,20.714,93.571,189.714,38.629,70.857,97.214,31.286,1.286,61.371,131.714,270.143,43.286,2.257,13.843,1.427,2019,46.3,0.14,2.57
Doug Baldwin,6615,WR,SEA,16.0,13.3,8.0,67.0,22.7,5.0,22.0,1,1.3,1.0,0.08,44.0,29,0.0,90.5,81.8,84.4,79.6,83.3,4.0,24.0,4.0,54.0,0.8,5.0,601.0,2.0,45.3,75.0,90.3,543.0,72.2,434.0,103.7,112.0,8.0,23.5,141.0,991.0,260.0,3.5,13.2,1.83,2017,141.8,0.2,2.84
Drake London,86519,WR,ATL,17.0,11.2,8.0,63.2,53.8,14.0,26.0,1,2.7,2.0,-0.03,47.0,2,3.0,88.0,23.3,83.2,,85.3,0.0,0.0,3.0,40.0,0.0,0.0,439.0,2.0,45.3,72.0,95.4,419.0,21.6,95.0,87.1,114.0,4.0,78.4,344.0,866.0,231.0,3.2,12.0,2.07,2022,171.5,0.2,2.49
Drake London,86519,WR,ATL,16.333,11.533,5.333,64.467,51.5,16.0,30.667,0,3.7,2.667,-0.057,45.667,2,1.0,79.2,62.033,80.333,,81.033,0.0,0.0,3.667,43.333,0.0,0.0,487.0,1.333,44.9,70.0,95.067,463.0,24.667,121.0,84.033,108.667,2.667,75.333,366.0,892.0,207.0,2.933,12.733,1.937,2023,280.8,0.27,2.78
Drake London,86519,WR,ATL,16.714,11.343,11.429,65.971,57.9,19.429,34.857,0,4.329,4.0,-0.036,57.857,2,0.429,80.114,74.357,84.6,75.7,86.214,0.114,0.571,5.571,40.857,0.743,4.571,548.714,4.571,46.614,87.143,93.371,511.571,32.857,184.429,89.786,131.714,6.286,67.029,363.714,1108.571,276.143,3.143,12.714,2.156,2024,201.9,0.28,2.97
Dyami Brown,77986,WR,WAS,15.0,15.5,1.0,50.0,37.5,3.0,8.0,0,7.7,1.0,-0.12,6.0,32,0.0,63.2,72.9,55.5,,56.9,0.0,0.0,0.0,48.0,0.0,0.0,213.0,0.0,42.8,12.0,94.4,201.0,28.2,60.0,72.4,24.0,0.0,71.8,153.0,165.0,37.0,3.1,13.8,0.82,2021,32.8,0.19,5.47
Dyami Brown,77986,WR,WAS,16.333,16.433,1.0,51.467,50.0,2.333,5.333,0,12.1,1.667,-0.007,7.333,32,0.0,51.533,72.9,57.833,,58.033,0.0,0.0,1.333,39.333,0.0,0.0,189.667,0.667,44.2,12.0,93.667,177.667,31.133,58.667,60.333,23.333,0.667,68.867,131.0,167.0,63.667,5.3,13.933,0.947,2023,69.4,0.15,2.1
Dyami Brown,77986,WR,WAS,17.857,12.014,7.286,66.971,33.3,2.714,7.429,0,7.643,1.857,0.014,15.143,32,1.714,66.257,42.843,62.786,66.3,62.871,0.0,0.0,0.571,46.0,0.171,0.571,296.714,2.571,45.4,30.286,93.514,277.286,26.371,74.286,93.571,42.0,1.429,73.629,222.429,378.429,210.714,6.443,12.943,1.28,2024,51.7,0.15,1.99
Eli Rogers,9878,WR,PIT,15.0,7.6,1.0,56.1,44.4,4.0,9.0,0,14.8,4.0,0.16,12.0,25,0.0,51.8,82.9,54.2,,53.4,0.0,0.0,3.0,18.0,0.0,0.0,303.0,2.0,49.5,23.0,94.1,285.0,93.4,283.0,45.9,41.0,1.0,6.3,19.0,191.0,101.0,4.4,8.3,0.67,2017,19.5,0.18,1.5
Elijah Moore,84302,WR,NYJ,11.0,12.4,5.0,58.1,40.0,4.0,10.0,2,4.4,2.0,-0.13,24.0,22,0.0,76.5,79.4,71.2,65.7,73.8,0.3,1.0,4.0,62.0,0.3,1.0,329.0,4.0,44.2,43.0,93.6,308.0,28.3,93.0,80.8,74.0,5.0,70.8,233.0,538.0,204.0,4.7,12.5,1.75,2021,88.1,0.12,2.1
Elijah Moore,84302,WR,NYJ,14.333,12.533,9.0,61.167,16.7,2.0,7.333,1,1.467,0.667,-0.17,22.667,22,0.667,85.5,78.933,62.067,,63.333,0.233,1.0,2.0,48.667,0.1,0.333,452.333,2.667,39.8,39.0,95.4,432.667,42.5,201.0,83.2,64.0,2.333,57.067,249.667,476.667,132.0,3.3,12.233,1.183,2022,136.1,0.15,2.0
Elijah Moore,84302,WR,CLV,16.429,11.771,9.0,60.729,36.4,3.143,9.429,0,4.971,3.143,-0.193,26.286,8,0.857,74.129,63.029,60.257,0.0,61.771,0.1,0.429,2.571,44.857,0.157,0.714,563.571,1.714,39.857,51.571,94.6,532.857,43.357,249.0,77.657,85.143,2.143,55.029,304.714,576.857,174.286,3.357,11.357,1.119,2023,120.9,0.14,1.95
Elijah Moore,84302,WR,CLV,17.143,10.486,5.857,62.157,50.0,7.0,15.429,0,5.714,3.714,-0.27,25.714,8,0.429,72.343,72.186,58.471,65.8,59.043,0.029,0.143,6.143,43.143,0.171,0.857,618.857,2.286,38.486,57.571,94.386,583.857,51.714,320.143,57.286,92.714,1.286,46.8,289.429,557.429,150.286,2.6,9.814,0.954,2024,28.6,0.15,1.91
Emmanuel Sanders,5606,WR,DEN,12.0,11.3,4.0,54.0,26.7,8.0,30.0,0,9.6,5.0,-0.05,30.0,10,0.0,41.5,79.6,68.1,,67.1,0.5,2.0,1.0,38.0,0.0,0.0,436.0,1.0,41.1,47.0,94.3,411.0,27.3,119.0,76.6,87.0,2.0,72.0,314.0,555.0,158.0,3.4,11.8,1.35,2017,193.1,0.29,2.57
Emmanuel Sanders,5606,WR,DEN,12.0,10.233,6.0,66.8,27.3,4.667,17.333,1,6.733,4.333,0.003,34.667,10,0.667,61.033,81.333,76.767,73.4,75.767,0.167,0.667,1.667,55.333,0.133,0.667,440.667,2.333,42.9,63.0,92.967,409.667,50.633,223.667,95.867,93.667,3.333,48.533,213.333,763.667,254.0,4.0,12.067,1.863,2018,182.9,0.22,2.77
Emmanuel Sanders,5606,WR,SF,16.571,11.014,6.571,67.657,47.4,7.143,18.286,0,3.686,2.429,0.053,40.571,28,0.286,77.814,81.543,76.9,62.4,76.986,0.243,1.429,4.714,66.571,0.171,0.857,528.857,5.571,45.129,67.571,93.214,493.286,41.757,215.286,89.429,99.571,4.286,57.371,309.143,864.429,248.286,3.657,12.714,1.764,2019,164.8,0.29,2.66
Emmanuel Sanders,5606,WR,NO,16.571,10.014,4.714,72.371,62.5,5.857,11.571,0,4.3,3.143,0.104,38.714,20,0.714,78.4,62.343,76.1,,76.329,0.086,0.571,3.429,59.714,0.086,0.429,484.714,3.286,48.429,69.857,94.786,459.0,37.786,182.0,100.786,96.714,4.857,61.829,300.714,836.571,220.286,3.129,11.971,1.837,2020,131.7,0.18,2.99
Equanimeous St Brown,47967,WR,CHI,16.0,12.8,0.0,55.3,28.6,2.0,7.0,0,4.5,1.0,-0.06,14.0,6,1.0,71.3,76.5,64.2,80.5,60.9,2.0,6.0,3.0,56.0,2.6,8.0,306.0,0.0,40.5,21.0,91.5,280.0,30.7,94.0,59.4,38.0,1.0,67.3,206.0,323.0,98.0,4.7,15.4,1.15,2022,11.2,0.05,2.24
Freddie Swain,26448,WR,SEA,17.0,13.4,0.0,70.0,0.0,0.0,2.0,0,0.0,0.0,-0.05,7.0,29,0.0,81.1,76.9,55.3,69.0,56.4,1.2,3.0,0.0,28.0,0.4,1.0,257.0,1.0,42.9,14.0,93.0,239.0,35.4,91.0,132.7,20.0,2.0,63.4,163.0,187.0,101.0,7.2,13.4,0.78,2020,86.5,0.15,2.88
Freddie Swain,26448,WR,SEA,17.0,9.6,2.0,66.067,42.9,2.0,5.333,0,2.533,0.667,-0.037,10.333,29,0.0,69.3,84.567,51.967,82.4,53.067,0.4,1.0,0.0,54.667,1.133,4.333,349.667,1.0,41.567,21.333,92.6,323.667,55.067,201.667,128.433,32.667,3.333,44.533,147.0,291.0,173.0,8.0,13.6,0.887,2021,11.4,0.1,2.85
Gabe Davis,55410,WR,BUF,19.0,17.4,2.0,54.9,25.0,4.0,16.0,3,11.4,5.0,0.3,31.0,4,1.0,51.7,31.8,66.4,59.3,67.1,0.2,1.0,3.0,56.0,1.8,10.0,563.0,4.0,57.1,39.0,91.5,515.0,36.1,203.0,103.3,71.0,7.0,63.6,358.0,684.0,130.0,3.3,17.5,1.33,2020,125.9,0.22,3.6
Gabe Davis,55410,WR,BUF,18.333,16.0,3.333,58.833,76.9,8.0,14.0,1,9.267,4.333,0.227,35.667,4,0.333,58.5,63.133,76.467,81.2,75.7,0.867,3.667,1.667,68.667,1.067,5.333,465.667,2.0,51.167,43.0,92.7,431.0,32.633,153.667,121.967,73.0,9.667,66.467,308.0,755.333,164.0,3.767,17.567,1.797,2021,173.6,0.19,3.62
Gabe Davis,55410,WR,BUF,17.571,16.457,2.571,55.386,30.8,8.0,20.857,0,10.314,5.857,0.194,39.286,4,0.714,53.871,51.4,70.714,,70.443,0.6,3.286,4.143,85.429,0.457,2.286,602.429,2.571,51.529,50.429,93.9,566.429,19.814,107.0,101.586,91.857,8.714,79.571,492.0,885.429,156.0,3.157,17.586,1.61,2022,161.4,0.17,3.51
Gabe Davis,55410,WR,BUF,17.143,15.9,5.143,56.743,50.0,7.714,17.286,0,9.029,4.857,0.173,36.857,4,0.857,59.586,44.114,69.414,65.3,69.686,0.571,3.286,5.286,71.286,0.786,4.429,602.714,1.0,50.886,48.143,93.443,563.571,16.871,96.143,93.643,85.429,7.857,82.329,502.143,820.143,171.0,3.629,17.029,1.476,2023,55.9,0.14,2.79
Gabe Davis,55410,WR,JAX,13.0,15.029,2.857,51.229,22.2,4.286,12.857,1,9.129,3.286,0.016,23.143,15,1.0,58.571,30.314,58.886,55.6,60.329,0.429,1.857,3.714,42.857,0.8,3.143,422.429,2.714,46.286,32.286,94.629,398.0,17.257,68.0,72.586,61.429,4.286,82.2,352.0,490.143,97.143,2.786,14.114,1.136,2024,30.9,0.13,2.57
Garrett Wilson,97405,WR,NYJ,17.0,11.0,22.0,59.7,35.9,14.0,39.0,1,2.4,2.0,-0.14,56.0,22,1.0,90.1,28.2,82.7,35.6,85.9,1.3,8.0,1.0,60.0,0.3,2.0,615.0,5.0,38.6,83.0,96.7,595.0,36.1,222.0,91.5,139.0,4.0,62.6,385.0,1103.0,389.0,4.7,13.3,1.85,2022,217.2,0.22,2.19
Garrett Wilson,97405,WR,NYJ,17.0,10.733,18.667,58.767,29.7,12.0,37.667,1,4.733,4.667,-0.253,50.0,22,1.667,72.767,30.8,76.167,,77.633,0.433,2.667,4.333,65.333,0.1,0.667,679.667,5.0,36.933,91.0,95.367,647.667,32.833,222.0,75.9,155.0,3.333,66.733,455.0,1062.333,342.333,3.833,11.767,1.65,2023,253.9,0.25,2.47
Garrett Wilson,97405,WR,NYJ,17.0,9.971,20.571,63.129,51.7,13.714,32.714,0,5.229,5.429,-0.114,55.714,22,1.857,75.014,31.886,77.729,,78.586,0.186,1.143,4.714,52.0,0.043,0.286,689.0,5.0,41.371,96.714,94.471,650.714,31.329,215.143,83.614,153.286,5.429,68.086,469.857,1086.143,401.571,4.157,11.271,1.673,2024,99.5,0.26,2.76
George Pickens,99229,WR,PIT,17.0,15.6,7.0,61.9,67.9,19.0,28.0,0,7.1,4.0,-0.05,38.0,25,0.0,67.8,80.6,68.8,,69.3,0.3,2.0,0.0,42.0,0.0,0.0,619.0,3.0,44.5,52.0,93.7,580.0,13.1,81.0,109.3,84.0,4.0,86.6,536.0,801.0,110.0,2.1,15.4,1.38,2022,208.8,0.23,3.16
George Pickens,99229,WR,PIT,17.667,14.267,7.0,60.367,32.0,11.667,26.0,1,5.167,3.333,-0.083,42.0,25,2.667,80.2,40.467,72.333,,72.9,0.1,0.667,2.667,71.333,0.0,0.0,617.667,4.333,43.3,62.667,94.033,580.667,15.3,94.333,99.967,104.0,4.667,84.6,522.667,1060.333,314.0,4.767,16.8,1.827,2023,166.4,0.22,2.73
George Pickens,99229,WR,PIT,16.143,14.057,9.857,60.729,37.0,10.714,26.571,0,9.243,6.571,-0.001,41.429,25,1.714,60.657,44.6,75.914,,76.786,0.043,0.286,2.286,55.714,0.0,0.0,549.286,5.286,43.871,63.429,93.9,515.714,19.186,103.286,98.157,104.571,4.286,80.771,445.714,1018.429,281.429,4.329,16.0,1.989,2024,289.9,0.3,3.12
Geronimo Allison,11141,WR,GB,15.0,7.9,1.0,60.5,60.0,3.0,5.0,0,14.8,4.0,-0.13,11.0,12,1.0,40.2,23.9,50.9,70.2,52.3,0.4,1.0,3.0,72.0,0.4,1.0,281.0,1.0,41.6,23.0,92.9,261.0,39.9,112.0,47.4,38.0,0.0,59.8,168.0,253.0,122.0,5.3,11.0,0.97,2017,62.3,0.26,3.11
Geronimo Allison,11141,WR,GB,8.333,11.5,1.0,67.767,66.7,2.333,3.667,0,13.6,3.333,0.043,11.0,12,1.0,44.467,24.3,57.9,,58.9,0.133,0.333,1.0,66.667,0.133,0.333,213.0,1.0,45.6,21.0,94.3,200.333,20.767,50.667,102.8,31.333,1.333,79.133,162.0,286.333,116.0,5.567,13.8,1.51,2018,75.4,0.12,2.15
Golden Tate,5585,WR,DET,16.0,6.2,22.0,78.6,57.1,8.0,14.0,0,4.2,4.0,0.08,44.0,11,1.0,83.2,59.9,82.9,,82.4,0.2,1.0,5.0,71.0,0.0,0.0,575.0,2.0,47.3,92.0,92.3,531.0,79.0,454.0,98.8,117.0,5.0,20.9,120.0,1003.0,631.0,6.9,10.9,1.89,2017,180.9,0.3,2.32
Golden Tate,5585,WR,PHI,16.667,6.933,22.667,71.933,43.5,9.333,20.0,0,6.733,6.0,0.113,38.667,24,1.667,70.667,40.9,75.033,,74.733,0.333,1.667,3.0,68.333,0.0,0.0,503.667,2.0,47.767,84.667,94.033,473.0,75.067,379.333,97.4,117.667,5.0,24.367,121.333,907.0,504.333,5.9,10.7,1.917,2018,154.2,0.25,3.08
Golden Tate,5585,WR,NYG,13.429,9.143,13.143,65.4,51.4,14.857,29.714,0,6.2,4.286,-0.02,33.714,21,1.286,71.714,65.529,74.443,,73.571,0.257,1.286,4.143,65.857,0.0,0.0,474.714,1.429,43.843,64.286,93.671,444.429,80.343,380.857,91.0,96.714,5.571,19.3,92.0,775.0,382.429,5.9,12.471,1.736,2019,85.8,0.2,2.45
Greg Dortch,42237,WR,ARZ,16.0,4.6,13.0,81.3,36.4,4.0,11.0,1,0.0,0.0,-0.03,19.0,1,0.0,90.5,88.4,64.2,,67.6,0.0,0.0,0.0,47.0,0.0,0.0,366.0,3.0,42.2,52.0,94.5,346.0,82.8,303.0,107.2,64.0,2.0,15.8,58.0,462.0,309.0,5.9,8.9,1.34,2022,64.5,0.16,2.58
Greg Dortch,42237,WR,ARZ,14.0,7.933,9.0,69.233,25.0,2.667,9.0,0,0.0,0.0,-0.13,15.667,1,0.0,87.3,88.667,66.867,,70.0,0.0,0.0,0.0,41.0,0.0,0.0,294.0,1.667,39.4,33.333,94.833,278.667,46.467,149.667,104.4,46.667,2.0,52.8,142.0,340.667,205.0,6.233,10.767,1.207,2023,92.3,0.21,2.2
Greg Dortch,42237,WR,ARZ,15.714,5.8,11.286,75.614,57.1,3.429,7.857,0,2.914,1.143,-0.021,15.857,1,0.571,78.9,52.114,65.171,,67.257,0.0,0.0,0.0,39.857,0.0,0.0,303.143,0.714,45.629,35.429,94.071,285.143,57.914,181.857,112.971,46.286,2.571,39.771,114.0,341.429,257.571,7.243,9.871,1.191,2024,75.1,0.26,2.09
Greg Ward,12258,WR,PHI,7.0,7.6,2.0,70.5,37.5,3.0,8.0,0,3.1,1.0,0.09,20.0,24,0.0,68.8,84.1,73.1,,71.3,0.0,0.0,0.0,38.0,0.0,0.0,240.0,0.0,50.0,31.0,95.0,228.0,61.3,147.0,94.7,44.0,1.0,38.3,92.0,278.0,113.0,3.6,9.0,1.22,2019,130.5,0.16,2.37
Greg Ward,12258,WR,PHI,13.0,6.533,4.0,68.767,58.3,5.667,10.667,1,4.633,2.333,-0.01,22.0,24,0.667,71.933,55.567,63.567,54.5,62.833,0.0,0.0,1.333,34.0,0.467,2.667,442.667,0.667,44.0,45.667,93.067,410.0,78.167,363.0,95.567,66.667,4.333,21.567,78.667,372.0,146.333,3.267,8.267,0.967,2020,34.5,0.14,4.93
Henry Ruggs III,61102,WR,LV,13.0,17.3,2.0,60.5,30.0,3.0,10.0,0,10.3,3.0,0.13,13.0,23,1.0,53.8,23.6,54.0,,55.6,0.0,0.0,1.0,72.0,0.0,0.0,367.0,0.0,47.8,26.0,93.5,343.0,39.8,146.0,102.1,43.0,2.0,59.9,220.0,452.0,148.0,5.7,17.4,1.32,2020,84.5,0.25,3.13
Hunter Renfrow,47509,WR,OAK,13.0,7.2,10.0,73.1,46.2,6.0,13.0,1,9.3,5.0,0.24,31.0,23,0.0,57.5,81.9,75.5,67.0,76.5,0.0,0.0,1.0,65.0,0.7,2.0,303.0,3.0,49.7,49.0,95.7,290.0,71.9,218.0,114.3,67.0,4.0,28.1,85.0,605.0,312.0,6.4,12.3,2.09,2019,133.6,0.24,2.39
Hunter Renfrow,47509,WR,LV,15.0,6.8,9.333,74.167,36.4,4.667,11.667,0,5.367,3.0,0.147,31.667,23,0.667,73.833,51.5,75.033,,75.5,0.0,0.0,0.333,57.0,0.233,0.667,368.333,1.667,49.367,53.667,94.1,346.0,66.367,242.667,111.167,72.333,2.667,33.633,125.667,639.0,336.0,6.267,11.9,1.863,2020,261.1,0.34,2.46
Hunter Renfrow,47509,WR,LV,16.714,6.743,12.571,78.757,40.0,5.429,13.571,0,3.786,3.0,0.069,43.286,23,0.857,83.3,55.214,77.186,,78.243,0.0,0.0,0.714,55.286,0.1,0.286,513.857,0.714,48.014,86.429,93.986,482.571,65.3,333.714,115.986,108.143,6.286,34.529,179.0,900.143,424.0,5.2,10.757,1.867,2021,81.0,0.21,2.25
Hunter Renfrow,47509,WR,LV,13.143,6.571,9.571,76.157,75.0,4.0,8.143,0,1.229,1.143,0.029,29.714,23,2.143,88.971,33.986,70.686,,70.686,0.0,0.0,2.571,38.429,0.0,0.0,411.286,0.143,45.486,60.286,94.329,387.429,76.657,302.714,90.4,77.286,4.0,23.029,107.429,595.429,281.714,4.714,9.757,1.43,2022,50.5,0.14,2.02
Isaiah Ford,11991,WR,MIA,8.0,8.2,3.0,65.7,54.5,6.0,11.0,0,8.0,2.0,0.09,16.0,17,0.0,61.5,75.8,68.9,39.9,67.8,0.6,1.0,2.0,28.0,0.0,0.0,159.0,0.0,51.7,23.0,93.1,148.0,35.8,57.0,62.1,35.0,0.0,63.5,101.0,244.0,86.0,3.7,10.6,1.65,2019,55.6,0.15,1.99
Isaiah Ford,11991,WR,MIA,9.333,9.133,1.667,66.367,36.4,4.667,11.0,0,7.133,2.0,-0.03,17.333,17,0.0,65.033,76.133,63.7,,63.067,0.467,1.0,2.0,21.333,0.0,0.0,236.333,0.667,47.9,26.333,94.767,224.667,56.067,140.333,64.167,39.667,0.0,43.233,94.333,265.333,75.333,2.9,10.133,1.25,2020,40.1,0.28,3.34
Isaiah Hodgins,52130,WR,NYG,12.0,9.2,4.0,82.1,63.6,7.0,11.0,0,0.0,0.0,0.03,28.0,21,1.0,90.4,36.0,76.9,,76.1,0.0,0.0,1.0,32.0,0.0,0.0,355.0,0.0,49.4,46.0,95.2,338.0,17.7,63.0,126.2,56.0,5.0,82.3,292.0,500.0,131.0,2.8,10.9,1.48,2022,62.0,0.12,2.95
Isaiah Hodgins,52130,WR,NYG,15.333,9.0,2.0,71.1,33.3,5.0,11.667,1,3.0,0.667,-0.163,17.333,21,1.0,78.2,28.667,63.233,73.8,63.1,0.0,0.0,0.333,26.667,0.933,2.667,315.667,1.333,43.0,29.333,93.667,296.0,17.633,55.667,120.733,40.0,3.667,82.367,260.0,320.0,91.667,3.2,10.967,1.053,2023,3.2,0.05,1.6
Isaiah McKenzie,11927,WR,BUF,8.0,8.1,5.0,62.1,28.6,2.0,7.0,0,5.3,1.0,0.01,10.0,4,0.0,70.5,51.3,67.0,,66.4,0.0,0.0,1.0,23.0,0.0,0.0,159.0,0.0,42.4,18.0,90.6,144.0,76.7,122.0,65.2,29.0,0.0,23.3,37.0,179.0,73.0,4.1,9.9,1.24,2018,63.3,0.14,1.81
Isaiah McKenzie,11927,WR,BUF,13.333,5.633,5.0,68.767,0.0,0.667,4.333,0,5.833,1.667,0.05,12.0,4,0.0,68.9,70.767,68.867,,67.067,0.0,0.0,0.333,38.333,0.0,0.0,226.333,0.667,43.467,26.667,94.333,214.667,60.7,132.0,86.267,38.333,0.667,39.033,93.667,244.333,182.333,6.433,9.233,1.153,2019,89.1,0.33,2.23
Isaiah McKenzie,11927,WR,BUF,16.571,4.7,5.571,81.871,0.0,0.286,2.429,1,4.157,1.286,0.199,16.0,4,0.0,75.186,76.671,70.886,25.0,73.6,0.0,0.0,0.143,42.714,0.343,0.571,197.571,1.429,50.857,30.286,93.343,185.143,66.3,127.429,117.257,37.0,3.714,31.986,67.0,273.857,194.143,6.3,9.1,1.534,2020,54.5,0.21,1.88
Isaiah McKenzie,11927,WR,BUF,17.429,5.314,4.714,82.214,66.7,1.143,2.429,0,3.986,1.143,0.23,15.857,4,0.0,74.557,68.729,71.971,,75.143,0.0,0.0,0.0,35.714,0.171,0.286,185.714,0.714,52.343,27.571,94.657,176.0,68.871,125.857,116.371,33.571,2.429,28.271,54.857,253.286,156.429,5.543,9.214,1.467,2021,119.8,0.22,2.35
Isaiah McKenzie,11927,WR,BUF,16.714,6.857,6.0,75.271,44.4,2.857,6.143,0,7.386,3.286,0.241,22.429,4,0.0,62.7,75.357,68.714,,70.414,0.0,0.0,1.143,31.714,0.086,0.143,312.571,0.286,53.429,36.714,94.571,295.857,76.557,244.571,105.786,50.286,3.429,21.871,65.0,354.286,144.143,4.114,9.571,1.283,2022,20.6,0.18,1.47
JJ Arcega-Whiteside,35014,WR,PHI,15.0,18.1,0.0,52.6,28.6,2.0,7.0,0,9.1,1.0,0.0,7.0,24,0.0,61.8,71.9,54.6,,53.3,0.0,0.0,1.0,30.0,0.0,0.0,331.0,2.0,47.8,10.0,94.3,312.0,12.7,42.0,78.6,19.0,1.0,87.3,289.0,169.0,19.0,1.9,16.9,0.54,2019,12.5,0.09,3.13
JJ Nelson,9592,WR,ARZ,16.0,19.2,2.0,49.2,42.1,8.0,19.0,0,19.4,7.0,-0.13,21.0,1,1.0,28.3,28.1,59.0,,58.2,0.0,0.0,5.0,46.0,0.0,0.0,386.0,1.0,40.7,29.0,94.3,364.0,26.4,102.0,54.9,59.0,2.0,73.6,284.0,508.0,60.0,2.1,17.5,1.4,2017,13.4,0.06,1.22
JJ Nelson,9592,WR,ARZ,13.333,19.4,1.333,40.933,20.0,3.333,9.667,0,14.8,3.0,-0.13,9.667,1,0.333,30.9,57.633,52.267,,52.0,0.0,0.0,3.0,26.667,0.0,0.0,221.333,0.333,38.5,14.333,94.233,208.667,15.533,43.333,23.1,32.333,0.667,84.467,178.0,212.0,35.333,2.9,11.9,0.793,2018,13.6,0.26,3.4
Ja'Marr Chase,84270,WR,CIN,21.0,12.9,22.0,67.1,38.9,14.0,36.0,0,9.4,11.0,0.11,72.0,7,2.0,56.3,40.1,85.3,,86.1,0.1,1.0,7.0,82.0,0.0,0.0,787.0,3.0,46.8,106.0,94.8,746.0,18.4,145.0,117.1,158.0,14.0,80.9,637.0,1823.0,827.0,7.8,17.2,2.44,2021,246.4,0.31,2.68
Ja'Marr Chase,84270,WR,CIN,17.0,10.833,19.333,68.367,37.5,12.667,33.333,0,6.667,7.667,0.11,70.0,7,2.0,71.5,38.633,84.367,,85.5,0.1,1.0,5.0,67.333,0.0,0.0,723.667,3.667,49.733,106.667,93.667,678.0,21.933,157.667,110.033,156.0,12.0,77.367,561.0,1451.667,615.0,5.8,13.6,2.127,2022,263.0,0.3,2.55
Ja'Marr Chase,84270,WR,CIN,16.429,9.843,16.857,70.1,44.0,11.714,28.571,1,5.029,5.571,0.041,66.0,7,1.429,79.614,50.157,84.9,,86.186,0.043,0.429,3.286,72.286,0.0,0.0,670.714,2.714,47.943,102.857,94.486,633.429,22.829,152.143,109.157,146.857,9.143,76.529,514.143,1317.0,579.571,5.629,12.8,2.071,2023,403.0,0.38,3.1
Ja'Marr Chase,84270,WR,CIN,16.429,9.143,20.571,72.714,41.7,10.571,25.429,0,6.014,7.714,0.081,70.714,7,0.571,67.729,70.957,85.386,,85.457,0.014,0.143,5.143,70.286,0.0,0.0,712.286,1.714,50.8,116.429,93.9,668.571,29.3,211.429,115.757,159.857,13.286,69.4,491.571,1504.286,686.143,5.857,12.829,2.239,2024,315.6,0.32,2.47
Jahan Dotson,84375,WR,WAS,12.0,15.4,2.0,62.5,61.1,11.0,18.0,0,7.9,3.0,-0.03,26.0,32,0.0,63.4,78.0,70.5,,74.0,0.0,0.0,4.0,61.0,0.0,0.0,403.0,3.0,44.4,35.0,93.3,376.0,26.3,106.0,102.9,56.0,7.0,73.7,297.0,523.0,144.0,4.1,14.9,1.39,2022,124.8,0.14,2.55
Jahan Dotson,84375,WR,WAS,15.333,11.8,1.333,62.167,33.3,6.333,14.0,2,7.633,3.667,-0.103,26.667,32,0.0,64.0,78.8,61.967,66.1,63.667,0.0,0.0,6.0,42.333,0.067,0.667,584.333,3.0,43.733,44.333,93.833,548.667,36.833,224.667,74.967,71.333,5.0,63.167,359.667,519.667,126.667,2.967,12.033,1.01,2023,41.9,0.06,2.09
Jahan Dotson,84375,WR,PHI,18.571,11.0,2.857,62.586,20.0,3.286,8.857,1,3.271,1.571,0.019,20.0,24,0.0,75.943,77.886,57.871,,58.714,0.229,1.143,2.571,38.714,0.029,0.286,545.857,1.857,45.543,31.571,94.157,514.0,34.357,192.286,86.986,50.571,2.714,65.414,352.429,376.429,105.714,3.614,12.129,0.747,2024,50.2,0.08,2.79
Jake Bobo,77997,WR,SEA,17.0,7.3,1.0,79.2,71.4,5.0,7.0,0,5.0,1.0,0.03,9.0,29,0.0,71.5,75.5,73.5,59.8,70.7,0.6,1.0,1.0,31.0,1.3,2.0,160.0,1.0,45.7,19.0,93.8,150.0,33.8,54.0,111.1,24.0,2.0,63.1,101.0,196.0,88.0,4.6,10.3,1.31,2023,29.7,0.09,2.28
Jake Kumerow,9883,WR,GB,15.0,14.3,3.0,59.1,33.3,2.0,6.0,0,7.1,1.0,0.21,9.0,12,0.0,63.2,72.3,62.7,62.3,58.2,0.4,1.0,1.0,49.0,0.4,1.0,225.0,2.0,51.4,13.0,93.8,211.0,22.7,51.0,93.4,22.0,1.0,76.9,173.0,242.0,98.0,7.5,18.6,1.15,2019,9.2,0.54,9.2
Jakeem Grant Sr,10820,WR,MIA,12.0,10.3,7.0,61.9,33.3,1.0,3.0,0,13.3,2.0,-0.22,9.0,17,0.0,47.7,88.3,70.7,,74.2,0.0,0.0,0.0,65.0,0.0,0.0,93.0,1.0,36.8,13.0,93.5,87.0,20.4,19.0,125.7,21.0,2.0,73.1,68.0,203.0,150.0,11.5,15.6,2.33,2017,60.3,0.21,2.74
Jakeem Grant Sr,10820,WR,MIA,10.667,9.3,3.667,65.767,33.3,1.0,3.0,1,7.433,1.333,-0.113,11.667,17,0.0,63.433,86.567,70.567,,72.067,0.0,0.0,0.667,56.333,0.0,0.0,147.667,2.333,40.333,18.333,93.633,138.333,21.267,31.667,110.3,27.667,2.0,74.633,110.667,246.333,144.667,8.367,13.733,1.863,2018,41.9,0.19,1.82
Jakeem Grant Sr,10820,WR,MIA,10.286,10.9,2.143,61.1,50.0,1.0,2.429,1,8.614,1.714,-0.18,10.143,17,0.0,61.014,85.157,65.729,,67.686,0.343,0.571,1.429,34.429,0.0,0.0,154.143,2.143,41.629,18.714,93.329,143.857,32.143,50.143,73.271,30.714,0.857,64.671,99.429,199.286,115.143,6.386,10.8,1.433,2019,81.3,0.22,2.08
Jakeem Grant Sr,10820,WR,MIA,12.286,10.657,7.429,65.671,62.5,3.286,5.571,0,9.071,3.0,-0.086,17.0,17,0.0,58.186,86.557,68.329,,69.114,0.629,1.429,1.286,29.714,0.0,0.0,211.571,1.571,45.157,29.0,94.329,200.0,30.329,62.571,78.0,43.571,0.857,68.086,146.0,298.286,150.857,5.286,10.229,1.459,2020,39.5,0.27,2.47
Jakobi Meyers,47468,WR,NE,15.0,10.8,5.0,65.0,70.0,7.0,10.0,0,10.3,3.0,-0.06,17.0,19,0.0,55.9,76.1,64.7,,67.0,0.0,0.0,1.0,35.0,0.0,0.0,292.0,2.0,43.5,26.0,92.8,271.0,59.6,174.0,83.2,40.0,0.0,39.0,114.0,359.0,119.0,4.6,13.8,1.32,2019,132.8,0.2,2.18
Jakobi Meyers,47468,WR,NE,14.333,10.667,5.667,72.067,66.7,5.0,7.333,0,6.633,3.0,-0.033,30.333,19,0.667,70.633,56.3,73.967,61.6,75.733,0.0,0.0,1.667,35.0,0.2,0.667,329.333,2.667,44.367,48.0,93.2,307.0,60.067,198.0,90.0,65.333,0.0,39.067,128.667,605.667,187.667,4.067,12.867,1.933,2020,182.5,0.2,2.17
Jakobi Meyers,47468,WR,NE,16.429,10.171,4.714,70.029,69.0,13.571,19.714,0,5.3,3.571,0.031,38.714,19,0.857,74.614,71.957,74.386,75.5,75.086,0.114,0.571,2.429,37.286,0.829,4.857,492.571,2.857,46.786,71.429,93.257,459.571,63.4,316.286,86.4,102.286,1.143,36.057,174.0,777.286,213.571,3.229,11.343,1.731,2021,182.3,0.26,2.64
Jakobi Meyers,47468,WR,NE,15.143,10.143,3.143,71.514,56.5,13.714,22.286,0,2.771,2.143,0.003,39.857,19,1.0,84.914,58.143,75.771,,76.071,0.057,0.286,1.143,43.571,0.414,2.429,484.286,3.0,44.629,72.143,93.371,452.143,67.157,325.714,105.6,101.429,4.0,32.157,155.429,822.429,236.571,3.343,11.543,1.857,2022,214.1,0.24,2.85
Jakobi Meyers,47468,WR,LV,15.714,9.914,5.714,68.643,52.4,12.857,22.714,0,4.071,3.143,-0.054,43.571,23,0.429,79.914,72.671,72.214,71.8,73.343,0.029,0.143,2.714,38.143,0.414,2.286,537.857,4.714,44.771,72.429,94.129,506.286,45.271,237.571,102.757,105.714,6.571,54.314,298.286,820.286,241.286,3.343,11.4,1.637,2023,216.0,0.24,2.43
Jakobi Meyers,47468,WR,LV,15.143,10.371,5.429,68.857,66.7,14.143,23.0,0,1.729,1.286,-0.073,48.286,23,0.143,86.357,77.9,75.171,70.7,76.2,0.0,0.0,3.429,40.857,0.286,1.714,583.857,4.429,44.114,79.571,93.543,545.857,37.414,212.143,97.343,115.571,5.429,62.343,370.286,932.286,274.286,3.429,11.714,1.711,2024,177.8,0.2,2.22
Jalen Brooks,111284,WR,DAL,14.0,14.1,2.0,40.0,35.7,5.0,14.0,0,0.0,0.0,-0.21,8.0,9,0.0,80.0,72.3,59.2,,58.6,0.0,0.0,2.0,41.0,0.0,0.0,236.0,0.0,41.7,12.0,92.4,218.0,18.2,43.0,43.3,30.0,1.0,81.8,193.0,177.0,40.0,3.3,14.8,0.81,2024,8.1,0.07,2.7
Jalen Coker,143068,WR,CAR,11.0,11.4,4.0,71.1,62.5,5.0,8.0,0,3.0,1.0,-0.15,23.0,5,0.0,78.9,77.1,72.8,,73.8,0.0,0.0,1.0,83.0,0.0,0.0,298.0,2.0,40.5,32.0,93.3,278.0,61.1,182.0,111.2,45.0,2.0,38.6,115.0,478.0,176.0,5.5,14.9,1.72,2024,90.4,0.21,2.74
Jalen Guyton,34164,WR,LAC,16.0,16.4,2.0,53.8,22.2,2.0,9.0,0,17.6,6.0,0.16,18.0,27,0.0,30.0,76.9,52.2,68.2,51.1,0.2,1.0,2.0,72.0,0.3,2.0,617.0,4.0,47.5,28.0,94.2,581.0,40.7,251.0,91.1,52.0,3.0,59.2,365.0,511.0,183.0,6.5,18.3,0.88,2020,97.2,0.16,2.56
Jalen Guyton,34164,WR,LAC,16.0,12.8,5.333,62.867,50.0,4.0,9.667,1,13.467,4.667,0.147,20.0,27,0.0,43.2,47.233,55.667,,56.767,0.333,1.667,0.667,63.333,0.1,0.667,513.0,3.333,47.7,30.0,94.0,482.333,31.5,166.333,110.767,48.0,3.0,68.2,345.0,469.0,163.667,5.5,15.767,0.98,2021,8.4,0.29,4.2
Jalen McMillan,131905,WR,TB,14.0,12.8,1.0,62.9,25.0,3.0,12.0,1,11.4,5.0,0.18,25.0,30,0.0,50.9,80.6,60.8,69.0,62.8,0.0,0.0,6.0,33.0,0.2,1.0,437.0,5.0,56.0,39.0,94.5,413.0,26.3,115.0,88.2,62.0,8.0,72.1,315.0,502.0,140.0,3.6,12.9,1.22,2024,29.9,0.22,2.3
Jalen Nailor,84292,WR,MIN,18.0,12.8,0.0,66.0,40.0,2.0,5.0,1,11.4,4.0,0.04,24.0,18,0.0,50.8,78.0,59.3,,60.3,0.0,0.0,0.0,33.0,0.0,0.0,462.0,3.0,47.4,31.0,92.2,426.0,49.4,228.0,136.3,47.0,6.0,50.6,234.0,447.0,108.0,3.5,14.4,1.05,2024,98.7,0.15,3.18
Jalen Reagor,61697,WR,PHI,11.0,14.0,5.0,58.5,33.3,4.0,12.0,0,3.1,1.0,-0.1,19.0,24,0.0,68.8,80.5,64.0,,64.2,0.3,1.0,3.0,55.0,0.0,0.0,322.0,1.0,44.7,31.0,94.4,304.0,20.8,67.0,64.7,53.0,1.0,78.6,253.0,396.0,175.0,5.6,12.8,1.3,2020,78.1,0.1,1.82
Jalen Reagor,61697,WR,PHI,15.667,11.067,5.0,59.233,18.2,2.667,11.333,1,8.033,3.0,-0.007,15.0,24,0.0,58.533,73.1,58.067,,57.467,0.1,0.333,2.333,41.0,0.0,0.0,450.667,1.667,43.3,33.0,94.4,425.333,20.8,93.667,68.833,55.667,1.667,78.133,351.667,332.667,163.667,4.933,10.2,0.847,2021,26.9,0.33,2.24
Jalen Reagor,61697,WR,NE,12.429,14.514,2.143,43.557,33.3,2.286,8.286,0,10.586,1.857,-0.106,9.286,19,0.0,54.857,74.586,54.257,,55.2,0.043,0.143,2.714,39.857,0.0,0.0,309.714,1.286,40.5,18.143,95.943,295.429,16.457,55.571,38.186,36.429,0.714,83.086,251.857,221.429,81.571,3.771,15.629,0.763,2023,16.7,0.12,1.67
Jalen Tolbert,61637,WR,DAL,18.0,14.2,2.0,61.1,50.0,4.0,8.0,0,4.3,1.0,0.08,13.0,9,0.0,72.1,75.5,56.5,,58.0,0.0,0.0,1.0,45.0,0.0,0.0,321.0,1.0,46.3,22.0,93.5,300.0,36.1,116.0,91.0,36.0,2.0,63.9,205.0,268.0,31.0,1.4,12.2,0.89,2023,152.0,0.17,3.1
Jalen Tolbert,61637,WR,DAL,17.333,12.933,2.667,64.5,52.4,8.667,16.667,0,6.433,3.0,-0.1,23.667,9,0.0,67.367,78.233,59.3,,61.2,0.0,0.0,1.667,47.0,0.0,0.0,505.0,3.0,42.3,40.0,92.9,468.667,32.033,158.0,104.933,61.333,5.333,67.967,347.0,496.0,127.0,2.867,12.333,1.03,2024,44.3,0.1,2.46
Jalin Hyatt,124282,WR,NYG,17.0,20.7,1.0,57.5,40.0,4.0,10.0,0,14.8,4.0,-0.09,11.0,21,1.0,44.0,26.2,59.7,,58.5,0.0,0.0,2.0,58.0,0.0,0.0,403.0,0.0,41.0,23.0,96.3,388.0,11.7,47.0,68.0,40.0,0.0,88.3,356.0,373.0,53.0,2.3,16.2,0.96,2023,14.2,0.04,1.77
Jalin Hyatt,124282,WR,NYG,16.333,19.3,0.333,47.233,60.0,3.333,6.667,0,12.333,2.0,-0.123,5.667,21,0.333,51.0,55.467,51.9,,52.5,0.0,0.0,2.0,32.0,0.0,0.0,287.667,0.0,41.0,13.0,94.967,274.0,10.833,31.667,30.133,26.0,0.0,89.167,256.0,165.667,22.333,1.367,10.6,0.513,2024,8.5,0.05,1.7
Jamal Agnew,11920,WR,DET,14.0,4.7,3.0,65.0,20.0,1.0,5.0,0,7.1,1.0,0.16,4.0,11,0.0,63.2,34.2,56.7,64.5,54.2,0.0,0.0,0.0,20.0,0.8,1.0,131.0,1.0,49.6,13.0,93.9,123.0,80.2,105.0,74.8,20.0,0.0,17.6,23.0,89.0,102.0,7.8,6.8,0.72,2020,70.0,0.27,2.26
Jamal Agnew,11920,WR,JAX,11.333,6.433,2.333,67.4,28.6,1.667,6.333,0,9.767,2.333,0.02,10.667,15,0.0,48.8,54.133,62.633,,59.933,0.0,0.0,0.0,26.0,0.267,0.333,171.667,0.333,46.6,20.333,94.5,162.333,73.933,125.667,88.933,30.0,0.667,25.333,45.0,182.333,118.667,6.133,8.6,1.08,2021,68.3,0.49,1.95
Jamal Agnew,11920,WR,JAX,14.0,5.9,2.143,72.6,50.0,1.286,3.857,0,10.071,2.714,-0.049,9.714,15,0.571,52.4,63.2,65.471,68.8,62.314,0.0,0.0,0.0,24.857,0.629,0.714,135.286,0.143,44.6,23.571,93.929,127.286,62.886,87.571,106.114,32.286,2.0,36.229,46.714,189.0,131.429,5.714,7.971,1.56,2022,42.3,0.21,2.35
James Washington,47792,WR,PIT,14.0,17.3,1.0,44.4,44.4,4.0,9.0,2,5.9,1.0,0.14,10.0,25,0.0,68.7,73.9,49.2,,50.5,1.5,6.0,0.0,47.0,0.0,0.0,402.0,4.0,47.5,16.0,94.8,381.0,13.7,55.0,73.5,36.0,1.0,84.8,341.0,217.0,55.0,3.4,13.6,0.57,2018,135.5,0.21,3.08
James Washington,47792,WR,PIT,14.667,16.367,2.333,52.867,56.3,7.333,13.667,0,8.767,3.667,0.007,24.0,25,0.667,58.7,46.033,62.6,73.1,62.5,1.367,6.0,3.333,68.333,0.267,1.333,432.667,3.333,44.167,34.667,93.667,405.0,22.1,97.0,74.767,63.333,2.333,76.467,329.667,562.333,153.0,4.2,15.667,1.363,2019,99.2,0.2,3.31
James Washington,47792,WR,PIT,16.0,14.557,3.857,55.971,21.4,4.857,13.857,0,9.643,3.857,-0.009,23.429,25,0.286,55.786,63.9,63.286,,63.3,1.386,5.429,2.571,57.857,0.114,0.571,383.143,1.429,43.786,34.857,93.343,357.571,19.529,76.429,87.357,61.429,3.857,79.0,301.286,506.143,155.857,4.371,14.314,1.407,2020,65.8,0.14,2.53
James Washington,47792,WR,PIT,16.143,13.643,2.429,57.843,42.9,5.571,14.286,1,8.457,3.0,-0.037,17.286,25,0.143,60.243,42.157,58.357,,58.557,0.757,2.857,1.857,49.571,0.057,0.286,378.857,2.143,41.757,31.143,93.729,355.0,30.729,117.143,91.571,53.857,3.571,68.529,258.857,421.571,120.857,3.771,13.271,1.177,2021,0.0,0.0,
Jameson Williams,101701,WR,DET,15.0,16.4,5.0,58.8,58.3,7.0,12.0,0,14.3,5.0,0.09,19.0,11,1.0,41.3,28.6,62.9,61.8,61.8,0.0,0.0,2.0,63.0,0.3,1.0,342.0,0.0,49.5,30.0,97.1,332.0,35.4,121.0,89.7,51.0,3.0,64.6,221.0,433.0,106.0,3.5,14.4,1.3,2023,212.2,0.26,3.08
Jameson Williams,101701,WR,DET,15.667,13.733,3.667,62.333,46.2,6.333,12.667,0,6.967,3.0,0.183,35.0,11,0.333,65.1,64.4,70.633,,70.667,0.0,0.0,3.333,75.667,0.1,0.333,470.667,2.667,51.567,49.333,96.9,456.0,35.2,165.667,102.567,78.333,5.667,64.8,305.0,824.333,362.0,6.7,16.333,1.747,2024,219.9,0.22,3.1
Jamison Crowder,9538,WR,WAS,15.0,7.6,4.0,68.8,53.8,7.0,13.0,0,9.6,7.0,0.0,37.0,32,1.0,55.0,41.7,72.7,67.8,72.5,1.1,5.0,4.0,41.0,0.4,2.0,468.0,0.0,45.1,66.0,96.8,453.0,74.4,348.0,86.7,96.0,3.0,24.1,113.0,789.0,363.0,5.5,12.0,1.74,2017,82.8,0.19,2.51
Jamison Crowder,9538,WR,WAS,11.0,9.133,2.667,66.867,37.5,4.333,9.667,0,9.467,4.333,-0.053,22.333,32,0.333,57.533,67.1,64.833,,65.1,0.567,2.333,2.0,66.333,0.133,0.667,349.333,0.667,44.833,41.333,93.4,328.333,75.867,264.0,95.167,61.333,2.333,23.233,81.667,521.667,262.333,6.7,12.933,1.553,2018,197.7,0.25,2.5
Jamison Crowder,9538,WR,NYJ,13.857,8.543,6.857,66.429,50.0,7.0,14.429,0,8.743,5.857,-0.091,32.429,22,0.143,60.486,75.729,69.5,,70.129,0.243,1.0,3.714,51.857,0.057,0.286,473.714,0.857,42.414,62.286,93.343,443.0,76.057,360.0,89.871,93.714,4.429,23.043,109.286,699.571,319.857,5.557,11.657,1.563,2019,166.3,0.28,2.77
Jamison Crowder,9538,WR,NYJ,12.714,8.414,7.143,68.929,30.0,4.714,12.0,0,5.571,3.571,-0.086,31.857,22,0.0,73.686,81.057,72.586,,73.429,0.157,0.714,3.286,62.429,0.0,0.0,440.0,1.571,40.957,60.143,93.586,412.0,73.857,325.429,98.971,87.429,5.429,25.286,110.571,692.857,322.571,5.586,11.714,1.68,2020,107.7,0.2,2.11
Jamison Crowder,9538,WR,NYJ,12.571,7.1,7.429,70.786,28.6,3.286,9.429,0,4.286,2.714,-0.066,27.429,22,0.571,78.129,57.229,69.029,70.7,69.529,0.171,0.857,2.714,42.143,0.286,1.143,438.143,0.714,42.143,57.143,93.443,409.286,76.543,335.429,91.414,81.143,3.714,22.9,100.286,574.143,246.143,4.214,9.929,1.393,2021,12.0,0.13,2.0
Jamison Crowder,9538,WR,WAS,12.0,6.686,4.143,76.386,100.0,2.143,4.571,0,4.929,1.429,-0.024,15.429,32,0.286,72.7,56.343,69.586,,69.943,0.086,0.429,1.0,33.0,0.143,0.571,233.429,0.286,42.686,32.143,94.229,218.857,82.829,184.857,106.143,43.571,2.0,16.386,47.143,318.429,144.0,4.686,9.857,1.584,2023,28.2,0.24,3.13
Jarius Wright,7118,WR,MIN,18.0,9.4,0.0,72.7,83.3,5.0,6.0,0,0.0,0.0,0.14,18.0,18,0.0,85.3,75.6,72.3,,72.9,2.1,5.0,0.0,33.0,0.0,0.0,234.0,1.0,46.8,24.0,94.0,220.0,80.8,189.0,121.4,33.0,2.0,17.1,40.0,305.0,112.0,4.7,12.7,1.39,2017,97.6,0.18,2.17
Jarius Wright,7118,WR,CAR,16.667,7.0,4.0,74.5,62.5,5.0,7.333,0,4.333,2.0,0.093,22.667,5,2.0,73.967,38.2,66.567,,66.3,1.033,3.0,1.333,33.0,0.0,0.0,350.667,1.0,46.8,36.667,94.4,331.333,85.133,301.0,99.733,49.0,1.333,13.7,46.0,399.667,174.0,4.767,11.167,1.237,2018,56.9,0.08,1.96
Jaron Brown,8128,WR,ARZ,16.0,16.2,0.0,48.4,27.8,5.0,18.0,0,3.1,1.0,-0.11,23.0,1,0.0,78.9,77.0,59.4,42.1,57.9,0.5,3.0,1.0,52.0,0.5,3.0,569.0,2.0,41.1,31.0,92.8,528.0,26.2,149.0,87.8,64.0,4.0,72.8,414.0,477.0,96.0,3.1,15.4,0.9,2017,60.6,0.17,4.33
Jaron Brown,8128,WR,SEA,16.667,15.2,0.0,68.0,100.0,3.0,7.333,0,1.033,0.333,0.023,13.667,29,0.0,80.033,74.133,63.2,77.5,61.1,0.5,1.667,1.0,47.333,1.967,4.333,311.0,2.0,44.1,19.667,91.0,285.333,33.267,94.333,110.267,33.333,4.667,65.267,212.667,269.667,63.333,3.3,13.067,0.973,2018,50.0,0.13,3.13
Jarvis Landry,8698,WR,MIA,16.0,6.3,17.0,71.8,48.3,14.0,29.0,2,5.9,7.0,-0.08,59.0,17,3.0,76.6,29.0,79.5,62.2,80.2,0.6,4.0,4.0,49.0,0.2,1.0,629.0,7.0,43.2,112.0,95.4,600.0,65.2,410.0,96.8,156.0,9.0,33.5,211.0,987.0,523.0,4.7,8.8,1.65,2017,214.6,0.22,2.55
Jarvis Landry,8698,WR,CLV,16.0,9.633,10.333,63.333,50.0,13.333,27.0,1,6.567,6.333,-0.013,49.0,8,1.667,71.933,47.533,76.3,38.5,73.933,0.333,2.0,2.667,50.333,0.2,1.0,641.0,4.333,44.333,91.333,93.2,597.333,68.733,440.667,88.733,143.333,5.667,30.3,194.333,979.667,363.0,3.9,10.933,1.643,2018,237.4,0.24,2.83
Jarvis Landry,8698,WR,CLV,16.0,10.129,13.0,63.6,50.0,15.429,31.0,1,6.071,5.571,-0.011,52.429,8,0.714,73.857,68.943,77.386,,77.4,0.143,0.857,5.714,58.714,0.086,0.429,633.0,5.286,43.629,86.571,92.457,585.143,64.714,410.0,85.286,135.714,5.857,34.471,218.143,1090.714,402.429,4.643,12.743,1.87,2019,181.0,0.26,2.38
Jarvis Landry,8698,WR,CLV,16.571,9.129,10.429,68.786,63.6,14.714,26.0,1,6.443,5.714,0.114,51.714,8,1.286,71.629,64.171,81.471,76.3,79.714,0.257,1.286,3.714,48.714,0.486,2.429,560.143,4.429,47.471,83.286,92.271,516.571,60.5,341.429,96.071,121.857,5.143,38.5,213.429,1018.857,401.0,4.786,12.2,1.983,2020,137.0,0.26,2.36
Jarvis Landry,8698,WR,CLV,14.0,8.557,9.286,67.771,66.7,11.0,18.0,1,4.843,3.571,-0.03,39.286,8,1.714,76.386,40.257,73.286,68.1,73.657,0.286,1.143,4.571,42.429,0.4,1.714,428.714,3.143,45.5,65.571,93.329,399.143,59.214,254.143,81.471,96.286,3.429,38.457,166.0,765.429,329.429,5.0,11.529,1.891,2021,58.2,0.19,2.33
Jauan Jennings,48027,WR,SF,19.0,8.8,5.0,66.7,71.4,5.0,7.0,0,16.7,6.0,0.17,19.0,28,1.0,32.7,27.7,66.2,,62.6,0.0,0.0,1.0,34.0,0.0,0.0,265.0,2.0,47.6,30.0,94.3,250.0,62.3,165.0,115.5,45.0,5.0,37.4,99.0,325.0,122.0,4.1,10.8,1.3,2021,82.6,0.17,2.36
Jauan Jennings,48027,WR,SF,19.0,9.4,5.667,65.567,50.0,3.667,6.333,1,11.767,4.667,0.13,24.333,28,1.0,46.1,28.967,67.467,57.0,66.6,0.0,0.0,2.333,40.667,0.533,2.0,337.0,2.667,46.4,36.0,94.167,317.333,56.9,189.667,88.167,55.0,2.333,43.0,147.0,430.333,164.0,4.5,11.867,1.353,2022,51.5,0.14,2.71
Jauan Jennings,48027,WR,SF,17.286,9.971,5.857,67.529,50.0,3.857,7.286,0,6.929,2.571,0.216,21.857,28,0.429,63.586,56.3,71.257,73.0,69.914,0.0,0.0,1.571,35.143,0.743,2.571,330.714,2.857,49.829,32.0,93.443,309.143,57.357,188.714,96.586,47.571,2.143,42.6,141.857,399.286,144.571,4.5,12.514,1.289,2023,210.5,0.31,2.73
Jauan Jennings,48027,WR,SF,15.857,10.357,9.429,68.657,62.5,13.0,21.429,3,5.071,3.143,0.119,36.429,28,0.714,73.514,55.2,78.386,74.8,78.314,0.0,0.0,2.429,40.857,0.6,2.429,408.714,4.714,49.171,57.857,93.757,383.571,48.0,191.714,99.014,84.0,4.143,52.0,217.0,733.571,200.143,3.729,12.743,1.843,2024,173.3,0.22,3.15
Javon Wims,41406,WR,CHI,16.0,11.9,0.0,47.4,33.3,2.0,6.0,0,14.3,3.0,-0.05,9.0,6,0.0,43.3,73.9,52.0,70.4,50.5,1.6,5.0,2.0,37.0,0.7,2.0,305.0,3.0,43.6,18.0,94.4,288.0,21.3,65.0,48.8,38.0,1.0,77.0,235.0,186.0,47.0,2.6,10.3,0.65,2019,17.0,0.06,2.43
Jaxon Smith-Njigba,129758,WR,SEA,17.0,6.4,6.0,70.0,25.0,3.0,12.0,0,11.3,8.0,-0.04,29.0,29,0.0,47.1,80.6,63.3,65.4,63.9,0.0,0.0,2.0,35.0,0.2,1.0,507.0,1.0,43.9,63.0,94.1,477.0,69.0,350.0,95.0,90.0,4.0,31.0,157.0,628.0,370.0,5.9,10.0,1.32,2023,251.6,0.27,2.4
Jaxon Smith-Njigba,129758,WR,SEA,17.0,8.267,9.333,73.467,46.2,9.0,21.333,1,5.1,4.0,0.0,46.333,29,0.667,76.167,67.0,75.1,,76.967,0.0,0.0,3.333,42.333,0.067,0.333,616.333,2.333,47.033,87.667,93.433,575.667,78.733,490.667,100.067,118.667,5.333,20.733,122.333,962.667,444.667,5.167,10.867,1.647,2024,361.9,0.44,2.87
Jayden Reed,78171,WR,GB,18.0,10.0,6.0,70.1,25.0,3.0,12.0,0,4.2,3.0,0.14,33.0,12,0.0,81.1,88.6,73.3,62.4,74.4,0.7,3.0,1.0,59.0,0.2,1.0,447.0,3.0,45.2,68.0,94.9,424.0,75.2,336.0,119.3,97.0,8.0,23.5,105.0,828.0,366.0,5.4,12.2,1.95,2023,199.0,0.29,2.65
Jayden Reed,78171,WR,GB,18.0,9.0,8.0,73.167,69.2,7.0,12.667,0,11.067,7.667,0.127,32.333,12,0.0,49.233,64.0,72.233,66.2,72.533,0.7,3.0,0.333,66.333,0.2,1.0,444.333,1.0,46.6,62.0,93.5,415.333,75.933,337.333,131.3,85.0,6.667,21.233,94.333,878.0,395.333,6.4,14.267,2.117,2024,48.5,0.29,2.2
Jaylen Waddle,84088,WR,MIA,16.0,7.0,11.0,75.4,70.6,12.0,17.0,0,8.0,9.0,0.04,59.0,17,1.0,64.1,64.9,78.3,,78.5,0.2,1.0,6.0,57.0,0.0,0.0,622.0,4.0,47.7,104.0,93.1,579.0,60.1,374.0,91.9,138.0,6.0,38.3,238.0,1015.0,455.0,4.4,9.8,1.75,2021,261.2,0.33,3.35
Jaylen Waddle,84088,WR,MIA,17.333,10.8,8.333,68.133,22.7,7.333,20.333,0,9.533,9.0,0.093,60.333,17,1.0,55.433,57.033,81.167,65.7,81.833,0.067,0.333,3.333,75.0,0.133,0.667,610.667,2.0,45.967,86.667,93.7,572.333,37.1,228.0,110.1,126.667,7.333,61.567,374.667,1271.667,502.333,5.933,15.2,2.223,2022,198.6,0.33,2.65
Jaylen Waddle,84088,WR,MIA,16.0,10.743,8.143,68.0,42.9,6.571,16.714,0,9.0,7.857,0.131,53.857,17,0.429,58.386,71.414,86.386,,86.843,0.143,0.714,3.714,66.429,0.057,0.286,507.429,0.857,48.614,79.429,95.3,482.429,30.014,158.286,101.757,116.571,5.429,68.671,342.286,1142.143,457.0,5.8,14.571,2.393,2023,145.6,0.18,2.35
Jaylen Waddle,84088,WR,MIA,15.429,10.471,5.0,68.557,50.0,3.571,9.429,0,9.3,6.714,0.091,44.429,17,0.143,57.3,77.243,78.8,,78.671,0.171,0.857,3.143,65.143,0.029,0.143,503.0,0.143,48.671,65.429,95.057,477.571,26.6,134.143,96.086,95.857,3.429,72.629,365.0,923.714,332.0,4.929,13.9,1.946,2024,193.8,0.27,2.94
Jeff Smith,48055,WR,NYJ,9.0,12.8,1.0,44.7,40.0,2.0,5.0,0,15.0,3.0,-0.18,9.0,22,0.0,41.6,73.9,52.1,,53.9,0.0,0.0,2.0,21.0,0.0,0.0,221.0,1.0,37.8,17.0,94.1,208.0,24.4,54.0,35.7,38.0,0.0,75.6,167.0,167.0,49.0,2.9,9.8,0.8,2020,19.2,0.09,2.13
Jeremy Kerley,6305,WR,NYJ,8.0,8.2,0.0,88.0,80.0,4.0,5.0,0,4.3,1.0,0.09,13.0,22,1.0,72.1,57.1,66.4,,65.7,0.0,0.0,0.0,31.0,0.0,0.0,191.0,0.0,46.2,22.0,97.4,186.0,77.0,147.0,116.2,25.0,1.0,22.5,43.0,217.0,62.0,2.8,9.9,1.17,2017,2.7,0.06,1.35
Jermaine Kearse,7428,WR,NYJ,16.0,9.5,4.0,67.7,40.0,10.0,25.0,1,4.4,3.0,0.0,37.0,22,1.0,80.6,47.3,69.7,72.2,69.4,0.7,4.0,3.0,51.0,0.4,2.0,567.0,3.0,43.2,65.0,93.5,530.0,51.1,290.0,98.0,96.0,5.0,48.1,273.0,810.0,302.0,4.6,12.5,1.53,2017,80.1,0.13,2.16
Jerry Jeudy,61103,WR,DEN,16.0,14.6,9.0,47.3,41.7,10.0,24.0,0,18.8,12.0,-0.1,39.0,10,2.0,28.5,38.1,65.2,,64.8,0.0,0.0,6.0,92.0,0.0,0.0,545.0,2.0,41.7,52.0,94.5,515.0,33.4,182.0,60.3,110.0,3.0,66.6,363.0,856.0,260.0,5.0,16.5,1.66,2020,85.0,0.21,2.13
Jerry Jeudy,61103,WR,DEN,12.0,11.867,7.0,62.7,33.3,4.667,12.0,1,9.6,5.333,0.007,27.667,10,1.333,58.633,32.7,67.533,,68.6,0.267,0.667,2.667,57.333,0.0,0.0,362.333,2.0,42.1,42.667,93.767,340.333,62.067,198.667,79.433,72.667,1.0,37.667,163.0,596.667,208.667,4.867,13.7,1.787,2021,205.2,0.29,2.89
Jerry Jeudy,61103,WR,DEN,13.714,12.0,5.857,65.729,27.3,3.714,11.429,0,8.743,5.714,-0.083,35.857,10,0.571,61.014,60.586,73.743,,73.914,0.114,0.286,2.286,62.857,0.0,0.0,429.0,1.429,39.929,57.143,94.129,404.143,57.514,233.143,97.757,88.286,3.857,42.371,195.571,819.143,327.714,5.571,14.157,2.011,2022,141.8,0.21,2.63
Jerry Jeudy,61103,WR,DEN,14.857,12.729,10.286,66.229,23.1,2.857,11.429,0,6.971,4.286,-0.086,31.143,10,0.714,66.871,50.657,70.957,,71.243,0.057,0.143,2.429,51.714,0.0,0.0,456.714,0.571,41.843,55.714,93.743,428.143,60.143,269.857,93.886,84.286,2.857,39.171,183.857,781.571,326.429,5.8,13.9,1.83,2023,236.9,0.22,2.63
Jerry Jeudy,61103,WR,CLV,16.429,12.071,9.286,64.314,38.1,5.857,17.286,1,8.843,7.714,-0.184,46.571,8,0.286,55.886,70.614,72.571,,73.386,0.229,1.714,2.286,73.857,0.0,0.0,643.857,4.714,40.929,76.571,93.8,604.0,44.614,272.143,94.586,119.429,3.714,54.557,366.286,1059.714,373.571,5.014,13.9,1.766,2024,122.7,0.13,2.41
John Brown,8726,WR,ARZ,10.0,16.9,0.0,41.2,35.3,6.0,17.0,0,12.5,3.0,-0.05,15.0,1,0.0,38.7,75.2,58.0,,58.8,0.0,0.0,2.0,52.0,0.0,0.0,340.0,1.0,41.8,21.0,91.5,311.0,45.9,156.0,64.1,51.0,3.0,54.1,184.0,299.0,60.0,2.9,14.2,0.96,2017,143.9,0.19,3.2
John Brown,8726,WR,BLT,14.667,16.767,0.667,44.933,23.8,5.333,19.667,0,13.3,5.667,-0.003,23.667,3,0.0,39.367,77.867,62.333,,63.0,0.267,1.333,2.0,64.667,0.0,0.0,476.0,1.0,42.867,36.333,92.9,443.0,30.767,136.0,76.233,79.667,4.333,69.033,338.667,585.667,136.667,3.633,15.8,1.273,2018,214.7,0.24,2.9
John Brown,8726,WR,BUF,15.429,15.529,6.0,54.857,42.9,7.429,20.429,0,8.557,4.714,0.016,41.571,4,0.0,57.614,80.343,69.114,,69.4,0.114,0.571,2.571,58.0,0.0,0.0,561.143,0.429,43.971,59.0,93.643,526.429,24.786,130.857,88.729,103.857,5.286,75.129,429.714,885.286,193.429,3.329,15.114,1.62,2019,96.8,0.21,2.93
John Brown,8726,WR,BUF,13.857,13.986,4.143,61.171,50.0,6.714,15.857,0,7.1,3.857,0.137,34.571,4,0.0,61.014,79.714,67.957,,68.329,0.057,0.286,1.714,51.571,0.0,0.0,508.857,0.143,49.743,52.571,94.571,481.0,14.829,79.429,95.843,86.571,4.143,85.129,429.143,732.143,197.571,3.914,13.8,1.484,2020,0.0,0.0,
John Hightower,84142,WR,PHI,12.0,22.4,1.0,34.5,0.0,0.0,4.0,1,28.6,4.0,-0.23,5.0,24,0.0,28.4,72.0,50.5,,52.4,0.0,0.0,5.0,59.0,0.0,0.0,250.0,1.0,37.5,10.0,92.4,231.0,12.0,30.0,15.2,29.0,0.0,88.0,220.0,167.0,60.0,6.0,16.7,0.72,2020,0.0,0.0,
John Metchie III,97400,WR,HST,18.0,8.7,3.0,57.6,0.0,0.0,3.0,1,13.6,3.0,0.06,9.0,13,0.0,46.6,75.5,57.8,65.3,58.6,0.0,0.0,0.0,27.0,0.4,1.0,226.0,2.0,45.6,19.0,94.7,214.0,39.8,90.0,75.6,33.0,0.0,60.2,136.0,202.0,95.0,5.0,10.6,0.94,2023,55.4,0.15,2.31
John Metchie III,97400,WR,HST,16.0,9.1,1.667,62.667,58.3,4.667,9.0,0,6.667,1.667,-0.073,12.333,13,1.333,60.4,38.833,58.8,65.7,59.667,0.0,0.0,1.333,27.667,0.333,1.0,284.667,0.667,42.067,26.333,94.633,269.333,52.733,154.0,74.733,41.667,0.667,47.267,130.667,278.667,81.667,3.333,10.6,1.027,2024,71.9,0.16,2.0
John Ross,11764,WR,CIN,13.0,15.1,3.0,38.2,37.5,3.0,8.0,0,25.0,7.0,-0.01,13.0,7,0.0,27.1,76.0,49.4,,50.6,0.5,2.0,5.0,39.0,0.0,0.0,400.0,2.0,43.5,21.0,92.0,368.0,12.8,51.0,51.5,55.0,7.0,86.8,347.0,210.0,59.0,2.8,10.0,0.57,2018,97.0,0.24,3.13
John Ross,11764,WR,CIN,9.667,15.233,5.0,46.667,33.3,2.333,6.667,0,21.667,7.0,-0.017,19.0,7,0.667,28.367,43.933,58.533,62.4,59.667,0.433,1.333,3.0,57.0,0.267,0.667,316.667,2.0,42.1,25.667,93.667,296.0,21.467,64.333,74.433,55.0,4.333,77.933,250.333,407.333,154.333,5.733,15.4,1.49,2019,3.7,0.04,1.85
Johnny Holton,11354,WR,OAK,15.0,23.4,0.0,50.0,20.0,1.0,5.0,0,30.8,4.0,-0.03,5.0,23,2.0,27.8,12.9,48.6,66.2,50.2,0.0,0.0,3.0,64.0,0.7,1.0,142.0,3.0,43.7,9.0,94.4,134.0,21.1,30.0,94.2,18.0,3.0,78.9,112.0,218.0,38.0,4.2,24.2,1.63,2017,0.0,0.0,
Jonathan Mingo,97774,WR,CAR,15.0,10.6,5.0,51.8,36.4,4.0,11.0,0,8.5,4.0,-0.22,15.0,5,1.0,60.7,31.2,54.7,76.4,52.6,0.0,0.0,2.0,40.0,1.0,6.0,578.0,2.0,38.8,43.0,93.3,539.0,33.7,195.0,56.2,83.0,0.0,66.1,382.0,418.0,161.0,3.7,9.7,0.78,2023,34.2,0.07,1.8
Jonathan Mingo,97774,WR,DAL,16.333,10.867,3.0,44.267,22.2,2.667,9.667,0,9.833,2.667,-0.187,9.0,9,0.333,56.433,26.467,51.5,,51.267,0.0,0.0,1.333,36.667,0.333,2.0,383.333,0.667,39.667,25.667,93.833,359.0,37.833,141.0,47.067,55.667,0.0,61.9,241.333,250.667,99.667,3.967,9.767,0.673,2024,3.5,0.04,3.5
Jordan Addison,123000,WR,MIN,17.0,12.5,5.0,67.3,40.9,9.0,22.0,1,4.1,3.0,0.0,38.0,18,0.0,80.3,81.4,68.6,,69.7,0.0,0.0,7.0,62.0,0.0,0.0,642.0,1.0,44.7,70.0,94.4,606.0,28.8,185.0,98.7,104.0,10.0,70.7,454.0,911.0,267.0,3.8,13.0,1.5,2023,212.5,0.26,3.22
Jordan Addison,123000,WR,MIN,16.333,13.567,5.0,66.433,54.5,11.0,22.0,0,5.167,3.667,0.04,40.0,18,0.0,76.1,81.467,71.467,67.4,72.3,0.133,0.667,4.333,66.667,0.133,0.667,616.0,3.0,48.033,67.333,92.467,570.0,29.6,182.333,107.7,101.333,9.333,69.767,430.0,906.333,237.667,3.533,13.467,1.593,2024,135.1,0.19,3.07
Jordan Matthews,8677,WR,BUF,10.0,7.0,2.0,73.5,57.1,4.0,7.0,1,7.4,2.0,0.05,14.0,4,1.0,65.2,26.4,52.7,64.9,52.0,0.3,1.0,0.0,47.0,0.3,1.0,327.0,4.0,46.1,25.0,94.5,309.0,73.1,239.0,107.7,34.0,1.0,26.6,87.0,282.0,132.0,5.3,11.3,0.91,2017,62.0,0.18,3.1
Jordan Matthews,8677,WR,PHI,14.0,10.133,2.0,74.5,66.7,2.667,4.333,0,5.467,1.333,-0.003,14.667,24,0.333,69.8,58.733,62.167,62.4,61.4,0.367,1.0,0.0,53.0,0.367,1.0,271.667,2.667,45.767,22.333,93.5,254.333,38.033,113.0,136.167,30.0,2.333,61.6,157.667,318.667,100.667,4.433,14.433,1.29,2018,7.3,0.05,1.82
Jordan Whittington,97623,WR,LA,10.0,5.8,2.0,79.3,33.3,1.0,3.0,1,0.0,0.0,0.04,15.0,26,0.0,84.9,81.8,78.3,78.9,78.9,0.7,1.0,0.0,50.0,4.4,6.0,135.0,2.0,53.5,23.0,91.9,124.0,34.1,46.0,110.5,29.0,0.0,60.7,82.0,305.0,206.0,9.0,13.3,2.46,2024,36.3,0.08,1.73
Jordy Nelson,4350,WR,GB,15.0,11.1,3.0,63.1,13.3,2.0,15.0,0,3.6,2.0,-0.01,38.0,12,0.0,80.1,79.6,68.6,,67.2,0.4,2.0,6.0,58.0,0.0,0.0,539.0,0.0,43.7,53.0,93.9,506.0,29.1,157.0,72.6,84.0,6.0,70.5,380.0,482.0,138.0,2.6,9.1,0.95,2017,154.7,0.18,2.42
Josh Bellamy,7472,WR,CHI,13.0,14.0,2.0,54.5,50.0,7.0,14.0,1,14.3,4.0,0.01,17.0,6,0.0,41.6,75.6,63.8,,61.3,1.4,4.0,1.0,46.0,0.0,0.0,283.0,4.0,45.4,24.0,95.8,271.0,20.5,58.0,81.3,44.0,1.0,77.7,220.0,376.0,115.0,4.8,15.7,1.39,2017,31.7,0.1,2.26
Josh Bellamy,7472,WR,CHI,15.0,13.267,1.333,56.633,33.3,3.667,8.667,1,8.967,2.0,-0.003,11.667,6,0.0,58.533,74.933,60.8,69.4,60.5,4.4,8.667,1.667,38.0,0.733,1.333,217.667,4.0,46.467,18.0,91.733,201.0,38.567,78.0,63.833,32.0,1.0,56.9,130.667,226.0,68.333,3.6,11.967,1.07,2018,4.0,0.06,2.0
Josh Doctson,10656,WR,WAS,16.0,15.1,3.0,48.6,33.3,8.0,24.0,0,7.9,3.0,-0.04,25.0,32,0.0,62.1,77.5,62.5,60.5,62.5,0.4,2.0,2.0,52.0,0.2,1.0,470.0,2.0,42.9,35.0,97.0,456.0,20.0,94.0,87.8,72.0,6.0,79.6,374.0,502.0,131.0,3.7,14.3,1.1,2017,109.2,0.13,2.48
Josh Doctson,10656,WR,WAS,15.333,15.3,4.333,55.333,50.0,11.333,25.333,0,6.9,3.0,-0.053,29.0,32,0.0,67.233,78.433,63.033,,62.967,0.133,0.667,4.0,38.667,0.067,0.333,522.0,2.667,42.7,41.0,94.6,493.333,20.267,106.0,70.333,74.0,3.333,79.6,415.333,522.0,128.333,3.167,12.833,1.06,2018,0.0,0.0,
Josh Downs,122832,WR,IND,17.0,7.4,8.0,72.3,45.5,5.0,11.0,0,2.9,2.0,-0.06,30.0,14,0.0,87.4,84.6,70.3,,71.0,0.2,1.0,1.0,59.0,0.0,0.0,514.0,1.0,40.4,68.0,94.0,483.0,81.3,418.0,99.2,94.0,2.0,17.7,91.0,771.0,374.0,5.5,11.3,1.6,2023,183.5,0.3,2.51
Josh Downs,122832,WR,IND,15.0,6.933,7.333,71.167,46.7,6.333,13.667,0,4.5,3.333,-0.033,36.667,14,0.0,80.0,85.667,79.967,64.5,80.4,0.267,1.0,2.333,65.667,0.2,0.667,428.667,1.667,41.133,70.667,94.4,404.333,83.433,356.667,98.267,99.333,4.0,15.233,66.333,792.333,393.333,5.567,11.233,2.0,2024,138.4,0.23,2.31
Josh Gordon,7618,WR,CLV,5.0,17.5,2.0,43.9,35.7,5.0,14.0,0,5.3,1.0,-0.09,12.0,8,0.0,69.0,73.9,76.2,,76.0,0.6,1.0,1.0,54.0,0.0,0.0,179.0,1.0,36.9,18.0,93.9,168.0,23.5,42.0,70.7,41.0,1.0,76.0,136.0,335.0,113.0,6.3,18.6,1.99,2017,138.7,0.22,3.38
Josh Gordon,7618,WR,NE,9.667,15.433,5.333,55.433,37.5,5.667,15.333,1,9.033,3.667,0.103,24.0,19,0.0,57.333,76.833,74.4,64.5,75.067,0.2,0.333,1.0,54.667,0.133,0.667,328.333,2.333,44.433,33.333,93.967,308.667,14.633,41.333,98.633,58.333,3.0,85.2,286.667,603.0,215.667,6.433,18.2,1.957,2018,75.7,0.16,2.7
Josh Reynolds,11872,WR,LA,16.0,8.6,1.0,47.8,33.3,1.0,3.0,0,8.3,1.0,-0.05,7.0,26,0.0,62.1,71.9,58.4,85.8,56.6,1.2,2.0,0.0,28.0,1.8,3.0,168.0,0.0,41.1,11.0,92.3,155.0,34.5,58.0,75.3,23.0,1.0,61.9,104.0,104.0,34.0,3.1,9.5,0.67,2017,100.0,0.16,3.23
Josh Reynolds,11872,WR,LA,18.0,11.733,4.333,52.733,30.8,3.0,9.667,0,7.767,2.333,0.003,21.667,26,0.0,63.567,76.567,64.4,79.8,63.2,0.8,2.667,2.667,31.333,4.133,17.667,369.333,0.667,44.633,28.333,90.033,330.333,30.9,110.667,78.833,52.333,3.667,67.3,254.0,383.333,122.667,4.033,12.567,1.057,2018,61.9,0.13,2.38
Josh Reynolds,11872,WR,LA,16.857,11.543,5.857,53.343,27.3,3.0,10.429,0,8.3,2.143,0.081,17.857,26,0.0,62.271,76.643,65.257,75.6,64.571,0.743,2.286,1.714,31.143,2.571,9.857,324.0,0.857,46.614,24.143,90.586,292.429,31.357,100.0,79.271,44.714,2.143,67.471,220.857,350.571,134.286,5.614,14.243,1.156,2019,126.3,0.16,2.38
Josh Reynolds,11872,WR,LA,17.571,11.671,8.571,62.057,44.4,6.0,15.286,0,6.529,2.714,0.033,27.857,26,1.143,68.929,78.9,65.886,55.4,65.9,0.4,1.571,2.0,36.429,1.557,7.0,472.857,1.0,48.543,42.714,93.729,446.0,31.729,150.429,86.657,67.0,2.143,67.771,320.143,558.143,205.857,5.157,13.529,1.25,2020,80.6,0.17,2.78
Josh Reynolds,11872,WR,DET,14.286,12.943,6.714,63.086,30.0,4.429,12.429,0,6.443,2.286,0.077,23.857,11,0.571,67.929,77.643,65.786,,66.429,0.157,0.571,1.286,38.143,0.4,1.714,369.143,1.571,49.243,35.286,94.914,351.429,23.043,92.286,92.371,55.0,1.857,76.771,276.0,468.0,154.429,4.429,13.586,1.353,2021,103.9,0.17,2.73
Josh Reynolds,11872,WR,DET,14.0,13.2,3.429,66.5,66.7,5.429,10.571,2,5.457,2.143,0.126,25.143,11,0.286,71.414,77.857,64.814,70.0,65.214,0.029,0.143,1.143,34.571,0.386,1.714,395.286,1.857,49.3,37.857,95.129,376.286,30.114,124.143,100.329,56.714,2.571,69.843,270.857,484.429,133.857,3.5,12.886,1.303,2022,130.8,0.16,3.27
Josh Reynolds,11872,WR,DET,17.143,12.471,7.286,64.971,57.1,6.714,12.0,1,7.729,3.714,0.15,32.429,11,0.571,62.829,53.386,67.786,61.6,67.443,0.0,0.0,1.0,33.286,0.257,1.143,504.714,2.571,49.929,42.429,95.2,480.714,32.686,170.143,110.814,65.429,4.571,67.314,334.571,616.286,175.571,4.057,14.357,1.293,2023,38.4,0.12,2.95
Josh Reynolds,11872,WR,JAX,12.857,11.514,3.286,58.957,37.5,4.857,9.857,0,3.4,1.714,0.056,19.286,15,0.286,72.371,62.529,64.157,,63.914,0.0,0.0,0.429,41.857,0.129,0.571,357.286,1.714,44.971,26.571,95.6,341.143,27.929,109.714,102.729,43.143,2.714,72.071,247.571,390.714,103.857,3.586,14.714,1.07,2024,21.1,0.08,1.92
Joshua Palmer,62979,WR,LAC,17.0,10.0,1.0,73.3,44.4,4.0,9.0,0,2.9,1.0,0.17,18.0,27,0.0,78.9,77.0,62.6,71.8,63.6,1.0,3.0,2.0,36.0,1.0,3.0,314.0,1.0,52.2,33.0,93.9,295.0,38.9,122.0,107.0,45.0,4.0,60.2,189.0,353.0,100.0,3.0,10.7,1.2,2021,167.3,0.19,2.29
Joshua Palmer,62979,WR,LAC,17.0,9.733,4.333,72.3,50.0,6.0,12.333,0,5.167,3.667,0.103,33.333,27,0.667,73.767,59.067,63.933,64.9,64.933,0.4,1.667,2.0,45.333,0.4,1.667,564.0,1.0,48.4,60.333,95.633,541.667,29.9,157.333,99.6,83.667,3.333,69.733,405.0,651.0,207.333,3.333,10.767,1.2,2022,108.7,0.21,2.79
Joshua Palmer,62979,WR,LAC,13.0,11.2,3.0,67.157,46.7,6.571,13.857,0,6.386,3.286,0.027,26.857,27,0.857,69.5,42.286,66.829,,67.257,0.171,0.714,1.429,64.571,0.171,0.714,452.571,1.0,46.971,47.571,93.957,427.571,34.986,149.143,99.486,70.143,2.571,64.743,302.143,611.0,196.286,4.229,13.357,1.486,2023,103.4,0.17,2.65
Joshua Palmer,62979,WR,LAC,13.857,13.514,2.0,63.714,45.5,5.857,12.571,1,8.3,3.857,0.059,28.143,27,0.429,63.4,60.443,67.229,,68.114,0.014,0.143,1.143,55.429,0.014,0.143,448.429,1.571,44.329,43.714,92.5,416.143,33.514,146.429,94.1,67.857,1.571,66.414,301.571,614.0,149.286,3.386,14.486,1.509,2024,52.3,0.13,2.38
JuJu Smith-Schuster,11817,WR,PIT,15.0,9.9,9.0,74.4,50.0,10.0,20.0,1,4.7,3.0,0.18,40.0,25,0.0,77.2,82.6,73.1,,73.5,1.4,7.0,2.0,97.0,0.0,0.0,513.0,7.0,47.4,61.0,94.2,483.0,58.7,301.0,133.3,82.0,8.0,39.8,204.0,922.0,399.0,6.5,15.1,1.91,2017,296.9,0.31,2.65
JuJu Smith-Schuster,11817,WR,PIT,15.667,9.5,7.667,70.733,51.2,17.333,34.0,0,4.967,5.0,0.18,58.667,25,0.667,79.2,67.933,78.9,,78.633,0.467,2.333,3.333,97.0,0.0,0.0,656.333,3.667,49.133,94.333,94.067,617.0,60.233,396.333,111.5,134.667,7.333,39.267,257.333,1258.0,573.0,6.1,13.567,2.023,2018,115.2,0.2,2.74
JuJu Smith-Schuster,11817,WR,PIT,13.571,9.671,5.571,65.629,57.1,12.0,22.571,1,9.271,5.571,0.026,38.286,25,0.857,60.171,46.943,69.871,,69.7,0.6,2.714,3.143,85.0,0.0,0.0,513.286,3.286,44.486,64.429,92.543,476.429,63.929,324.714,95.614,96.571,4.857,35.4,185.714,854.571,383.286,5.871,13.3,1.719,2019,234.1,0.25,2.41
JuJu Smith-Schuster,11817,WR,PIT,15.429,7.9,5.0,71.443,48.4,13.857,27.571,0,5.843,4.286,0.057,47.714,25,2.143,76.286,38.943,69.714,55.9,69.371,0.2,0.857,4.286,54.429,0.057,0.571,654.286,1.143,45.429,90.714,92.857,608.857,76.514,511.143,97.543,124.143,7.571,23.257,142.286,926.0,418.0,4.814,10.714,1.517,2020,34.8,0.16,1.93
JuJu Smith-Schuster,11817,WR,PIT,10.0,6.886,3.714,65.429,40.0,6.571,13.714,0,5.3,2.286,-0.019,24.143,25,1.0,72.7,58.571,62.157,,62.6,1.014,2.143,2.429,34.0,0.029,0.286,383.714,1.571,43.657,48.857,95.029,360.714,79.614,310.714,75.586,69.429,3.286,19.357,70.857,449.714,208.143,4.329,8.9,1.09,2021,189.3,0.25,2.43
JuJu Smith-Schuster,11817,WR,KC,15.0,6.8,6.714,74.414,46.7,6.714,14.429,0,3.643,2.429,0.111,41.286,16,2.143,82.671,41.171,66.629,71.3,68.0,0.457,0.857,2.714,41.857,0.186,1.286,529.143,2.286,49.643,71.714,95.214,501.286,59.1,290.286,90.9,92.143,3.143,40.443,238.0,769.429,365.143,4.9,10.143,1.399,2022,61.0,0.13,2.1
JuJu Smith-Schuster,11817,WR,NE,12.571,7.214,3.0,67.714,61.5,6.857,12.429,0,7.0,2.714,-0.089,24.143,19,0.857,67.443,61.514,60.886,,62.743,0.457,1.0,3.286,39.714,0.086,0.571,356.571,3.429,44.757,44.571,95.857,340.571,48.257,162.286,66.157,62.143,1.429,51.343,193.286,462.714,205.0,4.043,9.571,1.206,2023,53.1,0.13,2.95
JuJu Smith-Schuster,11817,WR,KC,15.571,6.529,4.714,70.1,0.0,3.286,7.571,1,3.157,1.286,-0.017,19.429,16,0.429,77.2,68.243,60.3,77.6,61.5,0.914,3.143,2.143,46.714,0.843,3.143,363.0,3.857,46.971,33.429,93.243,338.286,42.471,153.714,92.029,46.429,1.857,56.643,206.143,395.714,212.143,6.986,12.229,1.097,2024,73.5,0.12,2.23
Julian Edelman,5156,WR,NE,15.0,8.2,9.0,73.0,35.3,6.0,17.0,1,9.9,11.0,0.22,63.0,19,0.0,48.4,89.9,82.4,,80.8,0.0,0.0,3.0,36.0,0.0,0.0,595.0,6.0,52.9,100.0,94.3,561.0,64.0,381.0,106.0,137.0,6.0,35.3,210.0,1238.0,493.0,4.9,12.4,2.21,2018,250.4,0.25,2.32
Julian Edelman,5156,WR,NE,16.333,8.933,7.667,69.533,63.2,10.0,18.333,0,9.7,11.0,0.1,58.333,19,2.0,55.6,56.367,75.067,71.4,75.2,0.2,1.333,2.333,41.333,0.2,1.333,663.0,6.667,46.633,102.0,93.3,618.333,65.067,431.667,100.467,147.0,6.0,34.367,227.333,1177.333,386.333,3.767,11.533,1.917,2019,54.7,0.21,2.38
Julio Jones,6158,WR,ATL,18.0,13.9,13.0,63.1,34.7,17.0,49.0,1,8.6,10.0,0.24,79.0,2,0.0,58.0,84.1,91.8,,91.5,0.0,0.0,3.0,53.0,0.0,0.0,562.0,2.0,50.6,106.0,95.9,539.0,22.2,125.0,95.8,168.0,4.0,77.6,436.0,1639.0,549.0,5.2,15.5,3.04,2017,329.9,0.4,2.87
Julio Jones,6158,WR,ATL,16.667,14.167,11.667,66.433,50.0,19.0,43.0,0,7.267,8.667,0.233,79.0,2,1.333,67.267,53.767,91.2,,90.967,0.0,0.0,3.0,56.333,0.0,0.0,590.667,1.333,52.267,110.667,94.967,561.0,21.267,125.667,104.867,166.667,6.667,78.667,464.667,1664.333,484.333,4.4,15.033,2.967,2018,274.1,0.34,2.71
Julio Jones,6158,WR,ATL,15.714,13.1,9.571,66.414,51.1,21.286,44.143,0,6.371,7.143,0.214,77.857,2,1.143,77.857,56.357,90.857,,90.586,0.0,0.0,4.143,55.0,0.0,0.0,601.714,1.714,51.486,104.0,94.3,567.286,21.743,131.0,99.743,156.571,6.286,78.229,470.571,1509.857,413.286,3.943,14.5,2.666,2019,146.1,0.31,2.86
Julio Jones,6158,WR,ATL,11.714,12.814,8.429,73.557,50.0,12.857,25.429,0,5.771,4.571,0.25,53.857,2,0.571,76.043,67.486,88.186,,87.271,0.0,0.0,1.857,48.857,0.0,0.0,440.143,0.714,51.1,73.571,94.186,414.286,22.2,97.143,118.171,103.429,4.571,77.8,343.0,1078.429,298.286,4.171,14.771,2.601,2020,80.4,0.2,2.59
Julio Jones,6158,WR,TEN,11.0,12.243,6.857,71.8,57.1,9.571,17.857,0,6.7,3.429,0.171,34.429,31,0.143,69.743,75.386,81.314,,81.043,0.0,0.0,2.429,49.429,0.0,0.0,336.286,0.857,50.1,49.857,95.657,320.571,21.5,72.714,98.129,70.143,2.286,78.5,263.571,702.857,194.571,3.914,13.986,2.143,2021,70.4,0.2,2.43
Julio Jones,6158,WR,TB,10.714,13.186,4.0,64.586,45.5,6.0,12.0,0,2.943,1.286,0.037,20.857,30,0.0,79.2,78.1,71.9,,71.386,0.0,0.0,0.857,48.286,0.0,0.0,296.571,0.286,48.786,35.571,94.271,279.429,24.543,73.0,98.786,54.714,2.429,75.457,223.571,465.0,152.143,4.271,12.843,1.657,2022,36.4,0.16,3.31
Justin Hardy,9540,WR,ATL,18.0,9.0,0.0,67.7,50.0,3.0,6.0,3,8.7,2.0,0.2,12.0,2,1.0,60.3,25.2,59.6,70.2,59.1,3.2,8.0,0.0,27.0,0.4,1.0,251.0,4.0,51.3,21.0,95.2,239.0,35.5,89.0,120.9,31.0,3.0,61.4,154.0,224.0,78.0,3.7,10.7,0.94,2017,39.3,0.18,2.81
Justin Hardy,9540,WR,ATL,16.667,7.2,0.667,69.233,0.0,1.0,3.333,0,7.367,1.333,0.187,9.333,2,0.333,63.033,66.0,60.2,,58.633,4.4,6.667,0.667,21.667,0.133,0.333,164.333,2.0,53.033,16.333,95.067,156.333,41.567,65.667,107.367,23.667,2.333,54.067,92.0,163.333,75.333,4.767,9.9,1.087,2018,38.5,0.2,2.03
Justin Jefferson,61398,WR,MIN,16.0,12.0,13.0,72.7,54.5,12.0,22.0,0,4.3,4.0,0.19,58.0,18,1.0,82.3,55.0,90.4,,90.5,0.0,0.0,4.0,71.0,0.0,0.0,564.0,2.0,54.0,88.0,93.3,526.0,30.3,171.0,116.4,121.0,7.0,69.5,392.0,1400.0,450.0,5.1,15.9,2.66,2020,331.0,0.33,2.9
Justin Jefferson,61398,WR,MIN,16.667,12.867,10.333,68.433,48.1,12.667,25.333,0,6.567,7.333,0.123,69.333,18,1.0,73.7,58.933,90.2,,90.233,0.0,0.0,2.667,61.0,0.0,0.0,629.333,1.333,48.4,101.333,93.833,590.667,30.767,193.667,114.733,149.0,9.0,68.767,432.667,1544.0,478.0,4.767,15.3,2.613,2021,365.3,0.34,2.77
Justin Jefferson,61398,WR,MIN,17.429,11.629,10.714,71.043,55.0,18.0,33.714,1,5.614,7.143,0.064,77.143,18,0.429,79.071,74.4,90.2,,90.214,0.0,0.0,4.0,62.714,0.0,0.0,713.714,2.857,47.943,120.571,93.814,669.714,29.757,211.571,110.771,169.571,8.429,69.471,496.286,1722.286,569.429,4.729,14.386,2.577,2022,204.2,0.37,2.96
Justin Jefferson,61398,WR,MIN,13.286,12.671,10.143,69.986,40.9,13.286,27.857,1,4.157,4.429,0.019,63.571,18,0.714,83.086,60.757,90.7,,90.757,0.0,0.0,3.429,56.0,0.0,0.0,540.0,1.857,46.057,92.857,94.186,508.143,29.971,161.0,109.814,132.143,6.571,69.543,375.571,1374.857,402.857,4.229,15.086,2.761,2023,316.6,0.3,3.04
Justin Jefferson,61398,WR,MIN,15.714,12.3,10.714,69.343,54.8,15.429,29.714,1,4.557,5.0,0.037,63.0,18,0.857,82.186,60.829,88.4,,89.229,0.0,0.0,5.0,79.429,0.0,0.0,629.0,2.571,48.457,100.429,93.114,584.429,28.029,174.429,107.514,144.714,8.286,70.857,446.857,1481.143,449.714,4.414,14.871,2.584,2024,201.5,0.21,2.34
Justin Watson,66915,WR,TB,8.0,13.0,0.0,60.0,66.7,4.0,6.0,0,11.8,2.0,-0.08,10.0,30,0.0,51.2,77.5,63.9,66.3,62.5,1.3,2.0,2.0,17.0,0.7,1.0,153.0,0.0,47.6,15.0,95.4,146.0,49.0,75.0,71.9,25.0,2.0,49.7,76.0,159.0,15.0,1.0,10.6,1.09,2019,16.4,0.1,2.34
Justin Watson,66915,WR,KC,15.333,17.2,0.0,54.267,25.0,2.0,4.667,0,16.067,3.333,0.147,13.333,16,0.0,39.4,78.167,56.967,83.1,56.7,1.033,2.667,1.333,50.333,0.633,1.667,285.667,0.667,51.4,17.0,94.333,268.667,36.6,96.333,86.1,31.667,2.0,62.433,186.667,283.0,43.667,2.467,16.333,1.063,2022,91.0,0.17,3.37
Justin Watson,66915,WR,KC,18.0,17.6,0.0,53.657,46.7,4.857,10.571,0,15.686,4.857,0.126,20.0,16,0.571,42.2,49.614,60.071,66.3,59.9,0.671,2.286,2.286,45.0,0.386,1.286,403.571,0.857,50.371,26.143,94.2,379.714,33.229,127.571,82.271,49.0,2.571,65.9,272.571,435.571,59.286,2.314,16.543,1.136,2023,62.9,0.09,2.86
Justin Watson,66915,WR,KC,19.857,16.443,0.0,63.114,83.3,5.0,8.286,1,9.457,2.857,0.114,16.714,16,0.286,59.443,62.3,56.214,36.3,55.714,1.157,5.0,1.0,49.286,0.257,1.143,442.286,1.0,48.757,24.571,94.057,416.0,32.829,145.286,105.486,40.429,2.286,65.914,291.429,371.571,65.143,2.743,15.0,0.89,2024,6.0,0.09,2.0
KJ Hamler,61590,WR,DEN,13.0,10.9,5.0,55.6,25.0,3.0,12.0,0,18.9,7.0,-0.07,17.0,10,1.0,29.2,41.7,55.9,,55.4,0.3,1.0,3.0,49.0,0.0,0.0,352.0,0.0,43.6,30.0,92.6,326.0,66.2,233.0,73.1,54.0,3.0,33.2,117.0,381.0,123.0,4.1,12.7,1.17,2020,12.4,0.14,2.48
KJ Osborn,23503,WR,MIN,17.0,10.9,1.0,67.6,46.7,7.0,15.0,2,3.8,2.0,0.07,25.0,18,0.0,80.1,81.5,64.9,67.6,65.8,0.0,0.0,3.0,64.0,0.4,2.0,537.0,5.0,44.1,50.0,93.9,504.0,51.0,274.0,109.9,74.0,7.0,48.8,262.0,655.0,182.0,3.6,13.1,1.3,2021,155.6,0.18,2.47
KJ Osborn,23503,WR,MIN,17.667,9.433,4.333,69.533,38.5,5.667,13.667,0,1.267,0.667,0.057,30.333,18,0.667,87.3,58.233,65.1,71.5,65.467,0.0,0.0,2.333,65.333,0.533,3.333,622.333,3.0,46.433,58.0,93.633,582.667,55.8,349.333,107.167,83.333,6.333,44.067,272.0,665.0,264.667,4.467,11.567,1.153,2022,120.0,0.15,2.5
KJ Osborn,23503,WR,MIN,16.714,9.3,2.429,67.4,25.0,4.143,12.714,0,7.8,4.286,0.013,29.0,18,0.857,57.814,70.1,58.7,73.6,59.086,0.0,0.0,2.714,54.857,0.4,2.571,606.143,2.429,44.814,52.286,93.786,568.571,44.143,269.714,94.1,77.429,4.429,55.8,336.0,593.571,219.714,4.143,11.414,1.049,2023,18.7,0.07,2.67
KaVontae Turpin,47658,WR,DAL,17.0,9.5,4.0,64.6,16.7,1.0,6.0,1,11.4,4.0,-0.01,18.0,9,1.0,50.6,29.8,71.2,,70.0,0.0,0.0,2.0,64.0,0.0,0.0,216.0,1.0,46.1,31.0,94.4,204.0,77.8,168.0,88.9,48.0,2.0,19.4,42.0,420.0,264.0,8.5,13.5,2.06,2024,86.5,0.23,2.01
Kadarius Toney,61245,WR,NYG,10.0,6.5,12.0,73.6,55.6,5.0,9.0,1,7.1,3.0,-0.04,21.0,21,0.0,56.9,79.7,72.8,,74.4,0.9,2.0,1.0,38.0,0.0,0.0,218.0,1.0,42.3,39.0,89.9,196.0,60.1,131.0,88.6,53.0,0.0,38.1,83.0,420.0,234.0,6.0,10.8,2.14,2021,59.3,0.41,2.58
Kadarius Toney,61245,WR,KC,11.333,4.5,8.667,79.267,50.0,2.333,4.333,0,7.7,2.333,0.067,14.333,16,0.0,61.1,58.033,76.267,,75.733,1.5,2.0,0.333,38.0,0.0,0.0,146.0,1.0,45.5,28.333,92.367,134.0,45.5,71.667,119.733,36.333,2.0,50.3,69.0,287.333,180.667,6.467,10.0,2.147,2022,53.0,0.23,1.39
Kadarius Toney,61245,WR,KC,12.286,3.586,9.429,75.686,0.0,1.0,3.0,0,10.671,3.286,0.017,13.0,16,0.571,47.557,46.757,68.4,,68.4,0.986,1.429,1.286,26.571,0.0,0.0,154.571,1.0,48.643,27.571,93.529,144.286,45.786,73.0,90.4,36.714,1.429,48.529,73.0,219.714,155.143,5.629,7.886,1.554,2023,-0.4,-0.02,-0.2
Kalif Raymond,11028,WR,DET,16.0,10.3,4.0,68.6,22.2,2.0,9.0,0,5.9,3.0,-0.01,28.0,11,0.0,70.5,87.7,60.5,68.3,60.6,0.2,1.0,1.0,75.0,0.4,2.0,497.0,0.0,48.2,48.0,94.4,469.0,33.6,167.0,106.6,70.0,4.0,66.0,328.0,576.0,267.0,5.6,12.0,1.23,2021,112.2,0.2,2.08
Kalif Raymond,11028,WR,DET,16.667,10.1,2.667,73.4,42.9,2.667,7.667,0,1.967,1.0,0.017,25.333,11,0.667,83.7,56.433,68.233,72.0,68.667,0.467,1.667,0.333,62.333,0.533,2.0,396.333,0.0,47.467,47.333,93.533,371.0,41.867,161.667,106.667,64.667,1.333,56.867,230.0,602.667,240.333,5.067,12.733,1.683,2022,97.4,0.28,2.32
Kalif Raymond,11028,WR,DET,16.857,9.357,2.857,77.971,0.0,1.143,4.429,0,2.443,1.0,0.03,22.286,11,0.286,81.529,75.443,72.329,28.2,72.743,0.657,1.857,0.143,50.143,0.457,1.429,311.0,1.143,48.571,40.286,94.657,293.857,45.943,138.429,115.314,52.286,1.143,52.371,167.714,537.714,225.286,5.657,13.457,1.904,2023,50.5,0.24,2.66
Kalif Raymond,11028,WR,DET,14.714,7.943,2.286,81.686,50.0,1.0,2.714,0,0.8,0.286,0.027,16.0,11,0.143,83.5,81.286,72.471,,72.5,0.314,0.857,0.0,41.429,0.2,0.571,210.286,0.571,47.929,28.143,96.3,201.429,45.143,96.143,129.014,34.857,1.429,54.043,111.857,371.714,185.571,7.057,13.071,1.801,2024,60.8,0.17,2.34
Kamar Aiken,6671,WR,IND,15.0,10.3,4.0,39.5,37.5,3.0,8.0,0,31.8,7.0,-0.2,7.0,14,0.0,26.5,73.6,47.0,70.6,44.8,1.1,4.0,2.0,21.0,0.5,2.0,373.0,2.0,38.2,15.0,94.9,354.0,53.1,198.0,27.6,38.0,0.0,45.6,170.0,133.0,46.0,3.1,8.9,0.38,2017,11.3,0.09,1.88
Kayshon Boutte,124087,WR,NE,15.0,14.5,5.0,64.2,75.0,9.0,12.0,1,10.4,5.0,0.01,25.0,19,0.0,47.6,78.8,61.4,,62.5,0.8,4.0,2.0,48.0,0.0,0.0,507.0,3.0,48.3,43.0,91.9,466.0,13.6,69.0,94.7,67.0,3.0,85.6,434.0,589.0,152.0,3.5,13.7,1.26,2024,124.1,0.2,3.76
KeeSean Johnson,39587,WR,ARZ,10.0,10.2,1.0,52.5,16.7,1.0,6.0,0,12.5,3.0,0.08,10.0,1,1.0,50.8,25.6,53.5,,53.4,0.0,0.0,1.0,31.0,0.0,0.0,256.0,2.0,43.6,21.0,94.1,241.0,5.1,13.0,63.2,40.0,1.0,94.9,243.0,187.0,49.0,2.3,8.9,0.78,2019,32.3,0.15,2.15
Keelan Cole Sr,51593,WR,JAX,19.0,13.8,4.0,57.7,40.0,8.0,20.0,0,6.3,3.0,-0.01,34.0,15,2.0,69.9,24.7,74.0,,72.0,0.0,0.0,3.0,75.0,0.0,0.0,534.0,2.0,43.5,45.0,94.4,504.0,33.9,181.0,91.3,78.0,3.0,66.1,353.0,830.0,288.0,6.4,18.4,1.65,2017,93.1,0.14,2.45
Keelan Cole Sr,51593,WR,JAX,17.0,11.4,2.0,58.833,77.8,7.333,12.667,0,11.167,5.0,-0.077,28.0,15,2.0,45.3,22.967,64.267,61.6,63.533,0.4,2.0,2.333,48.333,0.133,0.667,505.333,2.667,43.633,40.333,95.667,483.333,25.433,129.667,80.9,68.667,1.667,74.033,373.0,604.0,188.0,4.533,14.733,1.243,2018,78.7,0.21,3.15
Keelan Cole Sr,51593,WR,JAX,16.429,11.8,0.857,63.329,66.7,5.429,8.857,0,7.071,2.714,-0.073,22.857,15,0.857,55.014,53.957,65.543,,66.2,0.4,1.429,1.571,52.143,0.057,0.286,373.714,2.286,41.957,31.0,94.6,354.571,40.614,137.286,100.729,50.0,2.429,58.929,234.714,465.143,140.571,4.457,14.886,1.333,2019,149.4,0.19,2.67
Keelan Cole Sr,51593,WR,JAX,16.0,11.486,2.429,65.429,57.1,6.714,11.0,0,7.829,4.0,-0.053,28.429,15,0.286,57.543,73.614,64.286,66.6,64.357,0.486,2.429,1.143,49.857,0.143,0.714,492.143,1.571,44.329,43.714,95.3,470.429,57.143,291.714,103.614,66.857,3.857,42.343,197.857,540.143,152.571,3.657,12.814,1.183,2020,78.9,0.14,2.82
Keelan Cole Sr,51593,WR,NYJ,15.429,12.671,1.143,61.1,44.4,5.143,10.0,0,4.886,2.143,-0.093,23.857,22,0.0,69.9,80.543,62.929,66.1,63.6,0.486,2.143,2.714,53.286,0.229,0.857,420.714,1.143,42.071,35.143,94.2,397.429,36.371,172.714,81.086,56.857,2.429,63.086,245.857,491.571,114.429,3.286,14.629,1.266,2021,30.1,0.08,3.01
Keenan Allen,7857,WR,LAC,16.0,9.9,13.0,69.4,50.0,14.0,28.0,2,9.7,11.0,0.24,74.0,27,1.0,54.2,58.7,89.3,67.4,89.7,0.3,2.0,2.0,51.0,0.3,2.0,583.0,7.0,48.8,102.0,93.8,547.0,49.2,287.0,107.3,147.0,6.0,49.7,290.0,1393.0,523.0,5.1,13.7,2.55,2017,260.1,0.33,2.45
Keenan Allen,7857,WR,LAC,17.333,9.9,9.0,73.267,47.4,10.667,22.0,0,5.7,6.333,0.22,68.667,27,1.667,76.333,61.767,89.3,65.7,89.7,0.3,2.0,2.667,53.0,0.233,1.333,595.667,5.667,49.333,102.667,93.6,557.667,53.733,320.333,110.7,140.333,6.667,45.567,271.333,1336.333,455.667,4.433,13.033,2.397,2018,261.5,0.28,2.44
Keenan Allen,7857,WR,LAC,16.571,10.129,7.857,71.8,46.2,11.429,24.286,0,5.071,5.571,0.163,65.429,27,0.714,79.8,74.529,84.443,70.0,85.129,0.3,2.0,5.714,48.429,0.386,2.286,622.714,4.143,50.229,103.429,93.086,579.571,52.971,329.857,96.586,144.143,6.286,46.557,290.0,1257.857,411.286,3.957,12.157,2.176,2019,247.1,0.28,2.45
Keenan Allen,7857,WR,LAC,15.143,8.529,9.286,72.371,56.3,15.0,28.429,1,2.986,3.143,0.133,62.286,27,2.0,87.514,66.271,84.357,73.3,84.729,0.357,2.0,5.571,36.571,0.4,2.143,586.857,2.714,48.314,101.571,93.386,547.857,52.514,308.429,95.829,140.429,7.286,46.986,275.714,1096.286,422.0,4.129,10.757,1.997,2020,255.8,0.26,2.41
Keenan Allen,7857,WR,LAC,15.429,8.757,5.857,71.214,50.0,14.857,28.857,0,5.686,6.429,0.131,64.143,27,1.429,72.143,62.843,80.086,,80.243,0.329,2.0,5.429,38.429,0.186,1.0,644.143,3.286,48.729,104.0,93.157,600.0,58.029,376.429,92.457,146.143,6.571,41.129,262.0,1105.0,384.286,3.714,10.586,1.85,2021,166.0,0.32,2.48
Keenan Allen,7857,WR,LAC,12.857,8.729,3.0,74.329,41.7,9.429,19.429,0,2.514,2.857,0.097,52.143,27,1.286,82.186,52.843,82.5,72.2,82.514,0.143,0.857,3.286,42.286,0.457,2.0,515.0,1.429,48.043,85.714,95.043,487.714,62.186,318.429,101.4,116.286,5.143,36.843,191.571,931.429,329.143,3.886,10.929,1.936,2022,274.9,0.35,2.5
Keenan Allen,7857,WR,LAC,12.857,9.5,4.714,74.557,50.0,9.143,18.857,0,4.143,4.714,0.063,53.714,27,1.571,79.8,42.671,83.929,77.5,84.557,0.043,0.286,2.429,43.143,0.486,2.571,538.429,1.143,47.943,97.429,94.486,507.857,61.114,327.857,106.771,131.143,6.0,38.043,206.0,1105.143,358.571,3.743,11.329,2.18,2023,186.4,0.22,2.66
Keenan Allen,7857,WR,CHI,13.857,9.871,4.429,66.4,59.1,11.0,20.0,0,7.4,6.286,-0.019,46.714,6,1.286,66.143,45.4,73.229,67.5,75.714,0.0,0.0,0.857,44.286,0.529,3.0,561.714,2.571,44.0,81.143,92.771,520.143,56.943,317.714,103.043,121.714,6.571,42.543,241.143,896.429,291.571,3.571,10.957,1.74,2024,182.7,0.29,2.26
Keith Kirkwood,48017,WR,NO,9.0,13.5,2.0,65.2,55.6,5.0,9.0,0,6.3,1.0,0.13,11.0,20,0.0,65.6,73.0,63.9,65.7,65.1,3.4,6.0,1.0,42.0,0.6,1.0,176.0,1.0,51.8,15.0,93.8,165.0,69.9,123.0,117.2,23.0,3.0,26.7,47.0,217.0,48.0,3.2,14.5,1.32,2018,0.0,0.0,
Keke Coutee,47698,WR,HST,7.0,5.0,2.0,75.0,25.0,1.0,4.0,0,7.1,3.0,-0.06,19.0,13,0.0,64.8,78.5,68.0,62.4,68.8,0.0,0.0,2.0,40.0,0.4,1.0,230.0,1.0,46.8,39.0,94.3,217.0,72.6,167.0,93.2,52.0,2.0,26.1,60.0,397.0,262.0,6.7,10.2,1.83,2018,54.8,0.16,2.28
Keke Coutee,47698,WR,HST,8.333,6.733,2.667,66.933,0.0,0.333,2.667,0,10.367,3.0,-0.06,13.0,13,0.667,48.533,43.5,58.067,,57.8,0.267,0.667,2.0,47.333,0.133,0.333,238.667,0.333,48.067,27.667,94.567,225.667,72.2,172.333,71.667,40.667,0.667,26.833,64.0,301.667,179.333,6.433,11.067,1.343,2019,91.0,0.31,2.76
Keke Coutee,47698,WR,HST,8.143,8.886,3.429,74.686,66.7,2.429,4.571,0,7.7,2.429,0.117,15.857,13,2.0,61.257,29.271,63.857,69.8,63.4,0.343,0.857,0.857,56.857,0.286,0.714,234.286,0.143,53.743,30.714,94.471,221.286,73.229,171.571,105.971,40.857,2.0,25.329,59.429,357.857,164.286,5.386,11.657,1.621,2020,1.5,0.05,1.5
Kelvin Benjamin,8663,WR,BUF,15.0,11.9,3.0,61.3,44.8,13.0,29.0,0,9.3,5.0,0.03,31.0,4,0.0,57.4,79.2,69.0,,68.7,0.0,0.0,2.0,43.0,0.0,0.0,425.0,2.0,42.9,49.0,95.5,406.0,17.9,76.0,91.7,80.0,3.0,82.1,349.0,701.0,148.0,3.0,14.3,1.73,2017,69.0,0.13,2.76
Kendrick Bourne,12270,WR,SF,11.0,13.2,2.0,51.6,40.0,2.0,5.0,2,5.9,1.0,0.19,12.0,28,0.0,67.7,73.6,62.6,70.6,63.8,0.5,1.0,2.0,54.0,0.5,1.0,212.0,4.0,50.2,16.0,95.3,202.0,22.6,48.0,52.8,31.0,0.0,76.9,163.0,257.0,112.0,7.0,16.1,1.27,2017,114.7,0.19,2.73
Kendrick Bourne,12270,WR,SF,14.333,10.533,4.0,63.867,35.7,4.0,11.0,0,9.033,3.667,0.063,24.0,28,0.667,57.633,54.8,65.267,72.9,64.933,0.833,3.0,2.0,40.0,0.5,1.667,336.0,2.667,46.533,33.333,93.1,311.333,24.467,83.333,86.0,50.333,2.667,74.567,249.0,410.333,138.667,4.733,13.1,1.31,2018,95.8,0.21,3.19
Kendrick Bourne,12270,WR,SF,17.0,9.714,4.571,66.171,58.3,5.714,11.571,0,9.586,3.857,0.067,26.286,28,0.286,57.1,68.0,67.857,75.9,68.457,0.7,2.429,1.429,34.286,0.9,3.0,338.857,2.286,47.714,34.857,91.671,310.0,39.971,136.286,107.486,51.857,4.571,59.1,199.286,430.714,142.857,4.371,12.7,1.384,2019,127.7,0.19,2.61
Kendrick Bourne,12270,WR,SF,16.286,9.629,6.143,68.314,50.0,6.714,13.429,0,8.657,4.143,0.031,32.286,28,0.143,61.086,74.171,70.6,80.9,71.329,0.657,2.857,1.714,41.286,0.643,2.571,426.286,2.571,47.471,44.286,92.8,396.571,44.771,190.429,104.314,64.857,3.429,54.457,232.571,578.143,188.0,4.2,12.971,1.453,2020,177.5,0.31,2.65
Kendrick Bourne,12270,WR,NE,17.286,9.014,9.0,76.414,75.0,8.143,12.571,0,5.343,2.857,0.096,32.857,19,0.571,75.014,63.329,75.0,,75.1,0.257,1.143,1.286,61.143,0.286,1.143,449.857,2.857,49.057,54.571,93.543,421.286,41.771,186.286,125.343,71.0,5.429,57.357,259.429,755.429,320.286,5.671,13.714,1.78,2021,88.3,0.2,2.15
Kendrick Bourne,12270,WR,NE,16.429,9.914,5.857,75.929,40.0,4.714,8.286,1,6.471,2.857,0.014,27.0,19,1.429,70.086,39.471,68.857,,71.214,0.086,0.429,1.714,51.857,0.057,0.286,377.714,3.571,45.171,44.714,94.871,357.714,32.686,128.571,106.414,58.571,2.857,66.943,247.286,593.857,232.0,4.886,13.057,1.627,2022,102.0,0.27,2.68
Kendrick Bourne,12270,WR,NE,11.714,10.243,5.286,71.557,0.0,1.857,5.429,0,2.7,1.143,-0.154,19.571,19,1.286,81.8,30.8,67.686,,70.229,0.0,0.0,3.0,43.0,0.0,0.0,296.0,3.286,42.271,40.0,95.057,281.143,30.414,91.429,93.729,55.571,3.571,69.443,203.857,481.286,219.286,5.329,11.843,1.696,2023,65.1,0.14,2.24
Kendrick Bourne,12270,WR,NE,11.429,9.886,3.571,73.129,60.0,3.714,7.571,0,3.071,1.0,-0.07,14.857,19,0.571,79.329,55.771,63.771,70.2,65.429,0.171,0.571,1.429,37.286,0.171,0.571,296.0,2.0,45.857,31.571,92.929,274.571,24.1,70.0,98.8,43.571,1.857,75.729,225.429,352.286,135.429,4.186,11.143,1.31,2024,92.1,0.16,2.49
Kenny Golladay,11851,WR,DET,11.0,15.7,4.0,58.3,42.9,6.0,14.0,0,9.7,3.0,0.03,18.0,11,0.0,56.8,76.6,68.0,65.7,68.1,1.3,4.0,1.0,54.0,0.3,1.0,318.0,4.0,47.2,28.0,90.6,288.0,24.8,79.0,104.3,48.0,3.0,73.9,235.0,477.0,177.0,6.3,17.0,1.66,2017,207.1,0.23,2.92
Kenny Golladay,11851,WR,DET,13.667,13.567,6.0,60.033,56.7,13.333,24.667,1,5.967,3.0,0.017,43.333,11,0.667,73.533,58.467,76.667,,76.9,1.3,6.667,1.667,58.0,0.1,0.333,512.667,4.0,45.067,56.0,92.267,474.667,28.133,147.667,100.5,92.667,4.333,70.433,357.667,867.667,292.333,5.433,15.8,1.8,2018,250.0,0.27,3.85
Kenny Golladay,11851,WR,DET,15.0,15.014,4.857,58.586,63.4,20.571,34.0,3,6.614,4.143,0.07,48.286,11,0.857,66.657,51.629,78.514,48.3,78.271,0.557,2.857,3.571,67.714,0.214,1.286,577.429,5.143,45.486,61.143,92.971,537.714,21.2,120.429,104.729,104.286,8.143,78.186,453.857,1051.857,298.429,5.014,17.229,1.931,2019,65.8,0.29,3.29
Kenny Golladay,11851,WR,DET,9.571,14.786,2.143,60.843,76.9,15.571,23.429,0,7.814,3.0,0.159,32.0,11,0.429,56.014,63.2,81.029,,79.871,0.186,1.143,1.714,57.429,0.086,0.571,351.714,2.286,44.8,40.0,92.186,326.571,19.114,70.0,112.914,67.0,5.0,80.671,280.429,685.0,160.571,3.257,17.057,2.259,2020,89.1,0.13,2.41
Kenny Golladay,11851,WR,NYG,11.714,14.614,3.429,54.243,48.4,15.143,27.286,0,5.1,1.857,-0.019,27.429,21,0.143,68.614,72.471,73.757,,73.1,0.0,0.0,3.0,45.0,0.043,0.286,388.857,1.429,40.629,36.143,93.271,364.429,18.743,72.857,77.929,68.143,2.143,81.257,316.0,564.286,121.571,3.043,15.5,1.699,2021,20.1,0.08,3.35
Kenny Stills,7926,WR,MIA,16.0,15.3,5.0,57.4,37.5,9.0,24.0,1,4.9,3.0,-0.11,35.0,17,4.0,76.4,18.5,59.9,,62.5,0.0,0.0,5.0,61.0,0.0,0.0,649.0,9.0,42.8,58.0,95.7,621.0,46.5,302.0,84.1,101.0,6.0,53.5,347.0,847.0,162.0,2.8,14.6,1.36,2017,128.3,0.17,3.47
Kenny Stills,7926,WR,MIA,15.333,16.367,3.0,60.267,72.7,8.333,15.333,1,6.633,3.0,-0.07,29.667,17,1.333,68.2,58.833,62.9,,65.033,0.0,0.0,3.0,70.333,0.0,0.0,527.667,7.0,43.6,44.0,93.967,497.0,39.367,212.0,102.233,73.667,6.0,60.5,315.0,651.0,144.0,3.333,14.8,1.3,2018,120.1,0.2,3.0
Kenny Stills,7926,WR,HST,15.143,13.529,1.286,67.771,50.0,7.571,14.571,1,6.271,3.0,0.021,31.571,13,0.571,69.514,70.414,67.186,71.8,68.1,0.0,0.0,1.857,61.0,0.229,1.143,506.143,3.571,46.057,45.714,94.271,477.571,38.814,198.286,116.671,68.143,5.429,61.129,307.571,671.571,167.429,3.657,14.686,1.403,2019,31.4,0.19,2.85
Keon Coleman,144949,WR,BUF,16.0,15.4,4.0,50.0,36.8,7.0,19.0,2,13.5,5.0,0.17,22.0,4,0.0,48.3,77.7,68.3,,68.8,0.0,0.0,2.0,64.0,0.0,0.0,405.0,5.0,45.8,32.0,92.1,373.0,11.9,48.0,89.2,64.0,4.0,87.9,356.0,578.0,226.0,7.1,18.1,1.55,2024,102.4,0.18,2.69
Kevin Austin,84345,WR,NO,8.0,12.0,0.0,52.4,50.0,2.0,4.0,0,8.3,1.0,-0.06,10.0,20,1.0,60.2,21.0,56.0,77.0,57.6,0.0,0.0,1.0,23.0,2.8,6.0,211.0,1.0,41.9,11.0,91.0,192.0,20.9,44.0,55.9,21.0,0.0,78.7,166.0,151.0,39.0,3.5,13.7,0.79,2024,33.0,0.14,2.54
KhaDarel Hodge,26104,WR,DET,13.0,11.6,1.0,52.0,44.4,4.0,9.0,0,7.1,1.0,-0.16,7.0,11,0.0,65.6,73.0,68.1,,66.7,1.2,2.0,2.0,42.0,0.0,0.0,168.0,0.0,39.9,13.0,94.0,158.0,6.5,11.0,38.3,25.0,0.0,91.1,153.0,157.0,39.0,3.0,12.1,0.99,2021,39.2,0.2,3.02
KhaDarel Hodge,26104,WR,ATL,15.0,12.467,1.667,62.933,40.0,2.667,6.333,0,7.1,1.0,0.027,7.0,2,0.0,64.8,72.8,74.033,,73.167,0.4,0.667,0.667,40.0,0.0,0.0,111.333,0.0,45.367,13.0,94.8,105.333,15.033,14.333,93.367,21.0,0.667,84.167,95.667,187.0,53.667,4.133,14.367,2.037,2022,37.2,0.1,2.48
KhaDarel Hodge,26104,WR,ATL,16.143,13.343,3.0,61.771,50.0,1.714,3.857,0,10.186,1.571,0.08,10.429,2,0.0,56.114,44.0,67.386,68.1,68.443,0.171,0.286,1.429,46.857,0.286,0.571,156.857,0.0,49.557,13.571,95.371,149.714,21.129,34.143,73.5,22.143,0.286,78.529,122.143,212.714,71.571,5.257,15.643,1.599,2023,26.1,0.11,3.73
Khalil Shakir,84140,WR,BUF,16.0,14.6,0.0,65.2,66.7,2.0,3.0,0,11.8,2.0,-0.02,11.0,4,0.0,52.8,77.6,65.6,52.8,68.0,0.0,0.0,0.0,31.0,0.0,0.0,181.0,0.0,43.3,15.0,94.5,171.0,61.3,111.0,116.6,23.0,1.0,38.7,70.0,252.0,84.0,5.6,16.8,1.47,2022,113.1,0.19,2.83
Khalil Shakir,84140,WR,BUF,18.0,9.8,3.333,80.067,60.0,2.667,4.333,0,5.267,1.333,0.147,25.0,4,0.0,75.333,81.133,73.0,69.9,73.933,0.667,2.667,0.0,64.333,0.467,2.0,335.667,0.667,49.433,37.667,94.967,319.0,71.633,248.333,133.2,45.0,3.0,27.767,84.667,541.333,255.333,6.533,14.933,1.657,2023,182.5,0.31,2.34
Khalil Shakir,84140,WR,BUF,18.0,7.343,14.571,81.0,46.7,5.143,10.429,1,3.457,1.714,0.217,34.714,4,0.571,83.086,68.143,76.371,61.6,77.457,0.514,2.286,0.571,57.286,0.314,1.429,428.429,2.0,50.271,69.857,92.7,395.571,71.9,311.571,120.343,85.0,3.571,27.271,112.857,800.571,511.714,7.086,12.457,1.967,2024,168.4,0.27,2.31
Ladd McConkey,124030,WR,LAC,17.0,10.7,14.0,73.4,62.5,15.0,24.0,0,6.2,6.0,0.04,60.0,27,2.0,73.6,36.7,84.3,,85.0,0.5,3.0,2.0,86.0,0.0,0.0,554.0,1.0,44.3,91.0,93.7,519.0,69.3,384.0,123.3,124.0,8.0,30.0,166.0,1346.0,477.0,5.2,14.8,2.59,2024,180.9,0.22,2.74
Laquon Treadwell,10657,WR,MIN,18.0,12.5,0.0,58.8,50.0,3.0,6.0,0,4.8,1.0,0.08,11.0,18,1.0,70.5,24.5,53.3,,53.8,0.0,0.0,2.0,25.0,0.0,0.0,344.0,4.0,45.6,20.0,92.4,318.0,8.1,28.0,51.1,34.0,0.0,91.9,316.0,200.0,59.0,3.0,10.0,0.63,2017,71.2,0.13,2.03
Laquon Treadwell,10657,WR,MIN,16.0,8.167,2.667,69.267,40.0,3.667,8.667,0,9.933,3.667,-0.02,14.333,18,0.333,53.567,59.7,51.967,,52.667,0.0,0.0,2.0,23.0,0.0,0.0,372.0,2.667,46.0,30.0,94.333,351.333,16.833,64.0,70.567,42.667,0.667,83.167,308.0,268.0,98.333,3.267,9.067,0.757,2018,33.4,0.2,3.71
Laquon Treadwell,10657,WR,JAX,13.714,10.643,5.143,66.657,50.0,5.0,10.571,0,5.914,2.143,-0.014,18.714,15,0.143,68.329,69.643,63.414,75.2,62.514,0.171,0.571,1.429,33.286,1.086,3.429,336.571,2.286,44.4,31.714,93.171,314.0,21.043,70.286,81.557,47.429,0.857,78.786,265.714,362.857,110.143,3.457,11.429,1.193,2021,10.2,0.07,1.7
Larry Fitzgerald,1724,WR,ARZ,16.0,8.5,9.0,71.2,45.0,18.0,40.0,1,3.5,4.0,-0.11,66.0,1,1.0,90.4,60.3,80.0,74.5,78.8,1.3,9.0,1.0,37.0,0.4,3.0,702.0,2.0,40.4,109.0,92.6,650.0,61.8,434.0,103.3,153.0,6.0,36.6,257.0,1156.0,418.0,3.8,10.6,1.78,2017,178.4,0.2,2.59
Larry Fitzgerald,1724,WR,ARZ,16.0,9.433,10.333,66.733,48.3,15.333,32.667,1,3.967,3.333,-0.203,48.0,1,0.333,84.133,74.367,75.467,,74.467,1.233,7.667,2.333,37.0,0.133,1.0,608.0,2.0,38.8,82.333,93.867,570.0,70.4,424.0,95.367,122.333,6.0,28.267,175.667,874.667,280.667,3.333,10.6,1.513,2018,179.4,0.2,2.39
Larry Fitzgerald,1724,WR,ARZ,16.0,8.614,7.857,69.8,52.0,14.0,28.286,0,1.7,1.429,-0.076,43.429,1,0.714,87.771,78.729,72.514,64.4,72.829,0.871,5.571,3.286,46.714,0.514,3.286,614.286,2.0,42.514,78.143,93.2,572.286,79.657,488.0,92.986,111.857,4.857,19.429,120.429,834.286,327.143,4.171,10.657,1.449,2019,100.9,0.14,1.87
Laviska Shenault,61220,WR,JAX,14.0,6.6,16.0,75.3,72.2,13.0,18.0,0,4.9,3.0,-0.03,33.0,15,0.0,75.7,82.7,71.5,,71.8,1.0,4.0,0.0,36.0,0.0,0.0,404.0,1.0,44.8,58.0,96.0,388.0,27.5,111.0,119.0,77.0,5.0,68.6,277.0,600.0,300.0,5.2,10.3,1.55,2020,129.0,0.19,1.74
Laviska Shenault,61220,WR,JAX,15.333,6.0,18.667,69.3,20.0,5.667,12.667,0,10.767,7.667,-0.083,31.0,15,0.667,49.5,61.5,66.3,77.7,65.667,0.6,2.667,1.333,50.667,1.067,5.333,461.333,2.333,42.667,61.333,93.8,432.0,47.7,225.667,90.133,89.0,1.667,49.533,223.0,612.667,372.667,6.067,9.967,1.423,2021,72.7,0.35,2.02
Laviska Shenault,61220,WR,CAR,13.429,2.114,16.571,77.929,50.0,3.0,6.571,0,6.671,3.857,0.101,19.0,5,0.286,64.357,71.214,76.986,,77.571,4.943,5.714,0.571,60.0,0.457,2.286,253.143,1.571,45.657,41.714,95.571,238.857,49.871,125.286,102.914,56.429,1.286,43.629,117.286,418.0,351.143,9.686,10.043,2.261,2022,21.5,0.23,0.98
Lil'Jordan Humphrey,42247,WR,DEN,17.0,9.9,3.0,65.0,50.0,1.0,2.0,0,7.1,1.0,0.07,9.0,10,0.0,63.2,72.3,60.4,46.2,58.8,2.1,5.0,0.0,54.0,1.7,4.0,242.0,1.0,50.2,13.0,91.7,222.0,63.6,154.0,129.6,20.0,3.0,34.3,83.0,162.0,98.0,7.5,12.5,0.73,2023,66.3,0.12,2.14
Lil'Jordan Humphrey,42247,WR,DEN,17.667,7.5,6.333,69.733,25.0,1.0,3.333,1,4.433,1.0,-0.023,11.0,10,1.333,72.933,37.833,58.067,74.7,56.733,1.567,4.333,1.333,45.333,2.033,6.0,292.667,3.0,44.267,25.0,92.233,270.0,59.333,172.667,95.8,35.333,1.667,39.1,115.667,249.333,160.667,6.633,10.5,0.91,2024,34.6,0.11,2.66
Luke McCaffrey,101634,WR,WAS,20.0,8.9,2.0,66.7,33.3,2.0,6.0,0,5.3,1.0,0.22,8.0,32,0.0,68.7,79.8,54.3,65.8,54.3,0.0,0.0,3.0,30.0,0.4,1.0,283.0,0.0,50.9,18.0,94.7,268.0,72.8,206.0,44.0,27.0,0.0,27.2,77.0,168.0,96.0,5.3,9.3,0.63,2024,49.3,0.28,4.48
Mack Hollins,11873,WR,MIA,15.0,14.6,0.0,45.5,0.0,0.0,1.0,2,16.7,2.0,-0.04,7.0,17,0.0,45.7,71.9,49.5,67.6,50.2,0.0,0.0,0.0,20.0,0.8,2.0,243.0,5.0,44.6,10.0,91.4,222.0,30.9,75.0,63.6,22.0,0.0,69.1,168.0,125.0,37.0,3.7,12.5,0.56,2019,39.6,0.14,2.48
Mack Hollins,11873,WR,MIA,13.667,11.267,0.0,57.833,57.1,2.667,5.0,0,16.1,2.667,0.073,7.0,17,0.667,41.767,39.167,55.3,73.9,53.333,0.4,0.667,0.0,29.333,1.067,2.0,189.0,1.667,49.733,14.0,92.6,174.667,23.5,46.333,86.6,24.0,0.667,76.1,142.0,159.0,35.667,2.7,11.5,0.967,2020,60.3,0.18,4.31
Mack Hollins,11873,WR,MIA,15.0,14.371,0.0,53.357,50.0,2.286,4.429,0,16.957,2.857,0.06,9.286,17,0.286,39.843,58.5,56.9,67.1,55.486,0.686,1.429,0.571,49.714,0.686,1.429,212.429,1.286,48.571,14.0,93.114,197.714,20.529,43.857,95.171,26.286,2.571,78.557,166.571,195.571,39.857,2.929,14.014,1.009,2021,154.8,0.15,2.54
Mack Hollins,11873,WR,LV,16.143,13.629,2.857,60.0,40.0,4.571,10.714,0,11.057,3.571,0.021,23.571,23,0.143,55.629,70.229,61.371,77.9,59.243,0.457,1.286,2.0,57.714,0.629,2.857,458.0,4.286,46.471,38.857,93.571,428.714,16.171,69.143,93.729,62.429,3.571,83.257,387.286,483.143,135.0,3.257,13.029,1.116,2022,43.1,0.13,2.39
Mack Hollins,11873,WR,ATL,14.571,13.786,1.429,62.171,60.0,3.714,7.714,0,4.4,1.571,-0.136,16.429,2,0.0,72.229,75.714,63.443,66.1,62.729,0.529,1.143,1.0,52.143,0.571,1.857,313.429,2.714,44.871,28.571,94.871,295.571,21.643,57.429,93.0,45.429,1.714,77.771,254.714,372.429,98.714,3.357,13.671,1.366,2023,98.8,0.14,3.19
Mack Hollins,11873,WR,BUF,17.571,14.043,1.286,64.257,58.3,5.714,10.429,0,2.486,1.143,0.066,24.0,4,0.0,79.371,77.1,62.771,62.4,63.743,3.343,15.857,0.429,46.571,0.371,1.429,423.143,3.0,47.829,33.857,93.957,395.857,27.4,114.286,111.929,52.714,4.0,69.257,293.0,445.714,108.0,3.171,13.357,1.209,2024,113.4,0.17,2.41
Malik Heath,124173,WR,GB,13.0,9.3,0.0,62.5,44.4,4.0,9.0,0,11.8,2.0,0.27,6.0,12,0.0,51.2,73.7,60.1,28.9,59.2,1.7,2.0,0.0,16.0,0.8,1.0,121.0,0.0,48.3,15.0,96.7,117.0,32.2,39.0,89.8,24.0,1.0,66.1,80.0,125.0,36.0,2.4,8.3,1.07,2023,31.7,0.19,3.17
Malik Nabers,146759,WR,NYG,15.0,9.7,18.0,66.1,46.2,18.0,39.0,1,6.8,8.0,-0.16,55.0,21,1.0,71.5,61.8,86.7,,87.1,0.0,0.0,2.0,59.0,0.0,0.0,602.0,6.0,41.3,109.0,92.4,556.0,27.1,163.0,96.6,165.0,7.0,72.6,437.0,1204.0,475.0,4.4,11.0,2.17,2024,57.1,0.26,3.17
Malik Turner,48078,WR,SEA,16.0,12.5,4.0,65.2,,0.0,0.0,0,21.1,4.0,0.11,10.0,29,0.0,29.7,73.3,64.9,80.7,62.0,5.6,9.0,0.0,33.0,4.3,7.0,161.0,1.0,52.0,15.0,88.2,142.0,43.5,70.0,115.3,23.0,1.0,50.9,82.0,245.0,105.0,7.0,16.3,1.73,2019,0.0,0.0,
Malik Washington,97108,WR,MIA,14.0,5.4,2.0,72.2,42.9,3.0,7.0,1,7.1,2.0,-0.01,13.0,17,0.0,64.1,86.2,57.7,64.9,60.8,0.7,2.0,0.0,20.0,0.4,1.0,270.0,2.0,47.9,26.0,95.6,258.0,52.2,141.0,88.1,36.0,0.0,47.0,127.0,223.0,123.0,4.7,8.6,0.86,2024,112.7,0.2,1.79
Marcell Ateman,23670,WR,OAK,7.0,12.0,0.0,50.0,44.4,4.0,9.0,0,11.8,2.0,-0.01,7.0,23,0.0,51.2,73.0,53.5,,54.2,0.0,0.0,0.0,32.0,0.0,0.0,232.0,2.0,44.6,15.0,95.7,222.0,17.7,41.0,76.3,30.0,1.0,82.3,191.0,154.0,34.0,2.3,10.3,0.69,2018,16.6,0.12,3.32
Marcus Johnson,11074,WR,IND,8.0,17.3,0.0,53.1,62.5,5.0,8.0,0,19.0,4.0,-0.16,12.0,14,0.0,30.0,74.2,59.8,,59.0,0.0,0.0,0.0,50.0,0.0,0.0,249.0,1.0,38.1,17.0,94.8,236.0,12.4,31.0,103.3,32.0,2.0,87.6,218.0,277.0,43.0,2.5,16.3,1.17,2019,39.5,0.13,2.82
Marcus Johnson,11074,WR,IND,8.667,17.367,0.0,53.567,71.4,5.0,7.333,0,14.667,2.667,0.013,11.333,14,0.0,43.4,73.2,61.933,,61.867,0.0,0.0,0.667,53.333,0.0,0.0,208.333,0.333,43.767,15.0,94.733,197.333,11.6,24.333,82.3,28.0,0.667,88.4,184.0,262.333,47.0,3.167,17.567,1.343,2020,24.8,0.12,2.25
Markus Wheaton,7860,WR,CHI,11.0,14.2,0.0,17.6,0.0,0.0,5.0,0,0.0,0.0,-0.12,2.0,6,0.0,36.2,65.8,49.8,,51.1,0.0,0.0,1.0,22.0,0.0,0.0,125.0,1.0,36.2,3.0,92.8,116.0,12.8,16.0,15.1,17.0,0.0,87.2,109.0,51.0,3.0,1.0,17.0,0.44,2017,0.0,0.0,
Marquez Callaway,42295,WR,NO,12.0,8.1,2.0,87.5,50.0,2.0,4.0,1,0.0,0.0,0.34,10.0,20,0.0,84.5,83.4,68.0,,68.2,0.0,0.0,0.0,27.0,0.0,0.0,163.0,1.0,60.5,21.0,96.3,157.0,24.5,40.0,103.6,24.0,0.0,75.5,123.0,213.0,59.0,2.8,10.1,1.36,2020,151.8,0.18,3.3
Marquez Callaway,42295,WR,NO,15.333,11.633,4.0,67.033,52.6,7.333,14.0,1,5.333,2.667,0.133,24.667,20,0.0,65.5,81.133,68.867,,69.133,0.4,2.0,0.667,47.667,0.0,0.0,375.0,2.333,50.367,37.667,95.433,357.0,21.5,77.333,104.467,62.0,4.0,78.1,295.667,536.333,115.667,3.0,13.5,1.473,2021,37.8,0.1,2.36
Marquez Callaway,42295,WR,NO,14.0,12.129,2.286,57.3,40.0,5.429,11.714,0,8.629,2.286,0.011,16.857,20,0.0,58.243,78.829,63.629,,63.229,0.171,0.857,1.429,39.286,0.0,0.0,273.286,1.0,48.957,25.286,95.414,260.429,13.271,41.143,72.6,44.857,2.286,86.557,231.286,320.143,71.857,2.657,11.443,1.111,2022,0.0,0.0,
Marquez Valdes-Scantling,47809,WR,GB,16.0,13.8,5.0,56.7,30.8,4.0,13.0,1,9.5,4.0,0.09,23.0,12,0.0,56.2,78.5,60.4,68.0,62.1,0.8,4.0,0.0,60.0,0.4,2.0,507.0,2.0,45.0,38.0,93.9,476.0,46.5,236.0,95.4,67.0,2.0,52.7,267.0,581.0,217.0,5.7,15.3,1.22,2018,84.1,0.16,3.0
Marquez Valdes-Scantling,47809,WR,GB,17.333,15.667,3.0,51.633,15.4,2.667,13.0,0,7.767,2.667,0.097,17.0,12,0.0,62.2,77.167,58.133,,58.367,0.467,2.0,0.667,69.333,0.133,0.667,409.667,1.333,47.067,30.667,93.167,382.0,26.967,120.0,86.733,59.0,2.0,72.567,287.667,500.333,178.333,5.833,16.433,1.32,2019,139.3,0.18,3.76
Marquez Valdes-Scantling,47809,WR,GB,17.714,17.114,2.429,53.786,40.0,4.571,14.143,0,11.671,5.143,0.207,26.714,12,0.571,47.171,51.814,59.543,,60.386,0.486,2.571,1.429,74.286,0.057,0.286,495.0,2.286,50.857,36.571,93.586,463.714,30.357,156.571,103.286,67.571,4.857,69.1,335.857,693.286,246.714,6.671,18.7,1.48,2020,87.0,0.19,3.35
Marquez Valdes-Scantling,47809,WR,GB,14.0,17.971,0.857,53.186,28.6,3.143,10.143,0,5.157,2.286,0.223,22.0,12,0.286,68.771,63.557,63.229,61.6,62.671,0.871,3.286,1.286,75.714,0.171,0.571,397.0,1.0,51.357,30.429,93.0,369.857,29.457,118.571,99.0,57.0,4.0,69.471,274.571,550.857,193.0,6.186,17.686,1.47,2021,122.4,0.16,2.85
Marquez Valdes-Scantling,47809,WR,KC,17.143,16.429,0.857,55.257,40.0,4.857,12.714,0,7.4,3.857,0.236,32.286,16,0.143,62.471,71.686,64.571,,64.786,0.643,3.286,1.143,65.143,0.086,0.286,562.429,1.571,51.729,41.286,93.757,528.429,36.186,209.714,99.786,74.286,4.143,63.014,349.143,704.857,180.571,4.614,17.057,1.357,2022,58.5,0.09,2.79
Marquez Valdes-Scantling,47809,WR,KC,18.714,17.086,1.429,55.557,42.9,3.714,9.286,1,8.029,3.143,0.154,24.571,16,0.571,61.7,49.043,57.729,,58.2,0.286,1.429,1.0,53.286,0.043,0.143,588.714,2.286,50.371,34.286,93.657,551.857,34.371,204.857,92.429,61.571,2.714,65.271,382.286,545.714,126.714,3.786,15.814,1.01,2023,84.5,0.18,4.22
Marquez Valdes-Scantling,47809,WR,NO,16.571,18.214,1.857,50.443,10.0,2.286,9.857,0,11.786,3.286,0.09,19.0,20,0.286,50.471,61.686,59.4,,59.229,0.057,0.429,1.0,61.857,0.0,0.0,451.143,1.143,44.229,26.143,92.843,420.143,27.329,134.143,99.329,50.714,3.429,72.6,316.571,477.0,133.286,5.714,19.071,1.214,2024,32.0,0.09,2.29
Marquise Brown,61568,WR,BLT,15.0,12.6,8.0,69.7,40.0,4.0,10.0,0,5.4,3.0,0.28,30.0,3,0.0,73.0,79.6,72.8,,72.6,0.0,0.0,0.0,83.0,0.0,0.0,405.0,2.0,47.2,53.0,95.8,388.0,34.8,141.0,129.8,76.0,7.0,65.2,264.0,710.0,257.0,4.8,13.4,1.83,2019,183.0,0.23,3.1
Marquise Brown,61568,WR,BLT,17.0,13.533,8.0,65.033,27.3,3.333,10.667,0,7.933,5.667,0.133,38.0,3,0.0,62.6,80.867,74.0,,73.933,0.0,0.0,2.667,74.333,0.0,0.0,497.667,1.333,45.667,63.667,96.0,478.0,26.333,127.0,109.933,98.667,7.667,73.6,370.0,880.0,303.0,4.733,13.8,1.843,2020,228.3,0.25,2.48
Marquise Brown,61568,WR,BLT,16.429,12.657,8.0,65.3,50.0,6.571,14.857,0,6.943,5.857,0.069,39.714,3,1.714,68.886,51.8,70.914,,70.943,0.114,0.571,2.857,59.857,0.0,0.0,588.714,2.286,46.2,79.286,95.486,562.0,29.229,172.143,99.857,121.714,6.714,70.686,415.714,953.143,356.143,4.543,12.257,1.71,2021,156.0,0.2,2.29
Marquise Brown,61568,WR,ARZ,14.0,12.114,5.143,64.814,64.7,9.286,16.429,0,5.543,4.429,-0.071,36.0,1,1.429,74.657,47.471,69.8,,70.057,0.057,0.286,5.429,50.857,0.0,0.0,564.286,2.143,42.586,74.143,94.671,534.429,32.129,180.571,78.6,114.286,4.571,67.6,382.143,831.0,299.143,3.986,11.229,1.547,2022,134.7,0.17,2.54
Marquise Brown,61568,WR,ARZ,13.714,12.314,4.857,58.957,23.8,7.286,19.429,1,5.314,3.429,-0.154,33.286,1,0.714,74.943,63.571,67.914,,68.614,0.029,0.143,4.143,43.857,0.0,0.0,528.429,3.286,41.571,61.286,93.157,492.714,25.914,138.857,74.214,103.0,4.0,73.843,388.286,674.571,221.714,3.543,11.071,1.356,2023,18.1,0.4,2.01
Marquise Brown,61568,WR,KC,8.571,11.471,1.857,53.371,25.0,3.571,10.714,0,6.043,1.857,-0.027,18.286,16,0.143,69.7,71.357,66.486,,66.486,0.0,0.0,2.429,29.857,0.0,0.0,287.0,1.429,43.0,32.143,93.157,266.857,36.029,85.571,59.029,57.571,1.571,63.857,200.857,345.857,122.571,4.314,10.514,1.271,2024,137.7,0.25,2.81
Marquise Goodwin,7859,WR,SF,16.0,16.0,6.0,56.6,50.0,11.0,22.0,1,9.7,6.0,0.09,46.0,28,0.0,48.3,80.5,77.1,,76.5,0.0,0.0,2.0,83.0,0.0,0.0,508.0,5.0,47.0,56.0,97.2,494.0,25.2,128.0,88.0,99.0,2.0,74.4,378.0,962.0,193.0,3.4,17.2,1.95,2017,87.4,0.2,3.24
Marquise Goodwin,7859,WR,SF,12.667,14.867,3.333,56.267,37.5,5.667,12.667,0,6.033,2.667,0.063,28.0,28,0.667,65.1,40.233,67.5,,68.033,0.267,0.667,3.333,72.333,0.0,0.0,345.333,2.333,46.733,34.0,95.267,330.667,23.267,82.0,83.933,60.333,3.333,76.067,261.333,584.0,151.0,4.933,17.2,1.71,2018,38.1,0.14,2.93
Marquise Goodwin,7859,WR,CHI,13.429,13.8,1.429,54.171,40.0,4.714,11.143,1,2.586,1.143,-0.019,18.857,6,0.857,75.957,31.757,64.643,,66.071,0.114,0.286,2.0,59.571,0.0,0.0,294.857,1.571,43.743,26.0,94.429,279.429,16.657,52.286,80.6,47.571,2.0,82.829,241.143,429.143,112.714,4.514,16.343,1.476,2021,90.2,0.21,3.11
Marquise Goodwin,7859,WR,SEA,13.0,12.214,2.0,62.586,50.0,3.857,8.571,0,4.543,1.286,0.03,16.429,29,0.429,72.129,53.957,63.671,65.8,64.429,0.229,0.714,1.429,45.571,0.171,0.571,292.857,1.0,47.086,24.429,93.986,275.286,40.129,123.857,105.214,39.0,3.143,59.129,166.714,367.0,111.143,4.529,15.114,1.336,2022,14.0,0.11,1.75
Martavis Bryant,8753,WR,PIT,16.0,16.2,8.0,61.2,43.5,10.0,23.0,0,7.1,4.0,0.19,32.0,25,0.0,68.2,82.8,68.9,,69.4,0.2,1.0,2.0,51.0,0.0,0.0,516.0,3.0,51.1,52.0,93.2,481.0,12.0,62.0,92.3,85.0,4.0,87.4,451.0,681.0,200.0,3.8,13.1,1.42,2017,47.9,0.22,2.18
Marvin Hall,11440,WR,ATL,16.0,11.2,0.0,52.6,0.0,0.0,7.0,1,9.1,1.0,0.06,5.0,2,0.0,78.0,83.1,55.9,,56.8,0.0,0.0,0.0,47.0,0.0,0.0,122.0,2.0,48.7,10.0,95.9,117.0,13.9,17.0,96.2,19.0,1.0,86.1,105.0,149.0,57.0,5.7,14.9,1.27,2018,39.8,0.31,4.97
Marvin Hall,11440,WR,CLV,13.333,15.733,0.0,56.267,33.3,1.333,6.333,0,15.167,3.0,0.027,8.333,8,0.0,45.467,78.1,56.9,,56.8,0.0,0.0,0.0,64.333,0.0,0.0,212.667,0.667,48.033,15.333,94.767,201.0,15.767,34.333,107.133,27.0,1.667,84.233,178.333,251.0,55.667,3.967,16.167,1.25,2020,2.0,0.12,2.0
Marvin Harrison,145056,WR,ARZ,17.0,14.2,1.0,54.4,42.1,16.0,38.0,0,1.6,1.0,0.09,43.0,1,1.0,78.8,45.4,77.7,,77.2,0.0,0.0,4.0,60.0,0.0,0.0,579.0,2.0,51.0,62.0,93.8,543.0,25.9,150.0,88.5,114.0,8.0,74.1,429.0,885.0,149.0,2.4,14.3,1.63,2024,125.8,0.22,3.07
Marvin Jones,7158,WR,DET,16.0,16.1,9.0,58.1,51.4,18.0,35.0,2,6.2,4.0,0.07,44.0,11,0.0,71.4,80.6,76.3,65.0,75.8,0.3,2.0,3.0,58.0,0.1,1.0,674.0,5.0,46.3,61.0,92.9,626.0,11.3,76.0,110.9,105.0,9.0,88.4,596.0,1101.0,196.0,3.2,18.0,1.76,2017,115.8,0.22,3.31
Marvin Jones,7158,WR,DET,11.333,15.9,4.333,58.9,44.4,8.667,17.667,0,5.667,2.667,0.11,32.667,11,0.0,78.0,78.667,73.367,,72.933,0.1,0.667,2.333,45.333,0.033,0.333,468.0,4.333,46.433,43.667,93.767,438.0,14.567,64.667,104.633,74.333,6.333,85.333,402.667,705.667,134.0,3.0,15.667,1.573,2018,193.9,0.24,3.03
Marvin Jones,7158,WR,DET,12.286,14.643,5.286,64.614,64.5,15.143,25.286,1,5.057,2.857,0.139,37.429,11,0.0,77.829,79.771,73.1,,73.886,0.329,2.0,3.857,46.286,0.014,0.143,512.571,3.571,46.871,54.143,93.443,478.571,25.786,134.571,105.243,83.286,7.857,73.714,375.429,747.571,121.429,2.314,13.914,1.549,2019,227.8,0.24,3.0
Marvin Jones,7158,WR,DET,14.143,13.657,5.429,66.271,57.7,14.857,25.0,0,4.943,3.429,0.121,45.286,11,0.0,78.157,80.871,73.157,65.6,74.557,0.543,3.714,4.0,43.571,0.057,0.571,589.286,2.571,47.5,66.143,93.229,548.857,29.971,181.286,104.757,99.286,8.429,69.343,404.0,854.0,161.0,2.414,13.043,1.551,2020,180.2,0.18,2.47
Marvin Jones,7158,WR,JAX,16.143,12.9,4.286,65.471,53.3,16.286,29.0,1,4.314,3.286,0.006,44.714,15,0.0,80.243,81.514,70.471,76.4,72.4,0.443,3.0,3.571,37.857,0.2,1.429,649.714,3.286,45.971,72.286,93.429,607.0,30.286,196.143,94.614,110.571,6.143,69.2,450.429,866.143,146.286,2.029,12.0,1.43,2021,116.9,0.17,2.54
Marvin Jones,7158,WR,JAX,17.429,13.814,2.286,60.271,58.8,12.429,22.0,1,7.943,4.857,0.06,38.286,15,0.0,67.771,80.314,64.2,67.4,65.157,0.186,1.286,3.143,36.714,0.214,1.286,617.857,2.0,47.9,60.286,94.629,584.286,20.471,129.857,84.214,99.143,4.714,79.329,486.714,708.286,128.571,2.143,11.729,1.2,2022,8.4,0.05,1.68
Marvin Mims,122937,WR,DEN,16.0,15.2,4.0,68.8,28.6,2.0,7.0,0,4.3,1.0,-0.12,9.0,10,0.0,73.7,62.8,63.1,,64.6,0.0,0.0,1.0,60.0,0.0,0.0,264.0,1.0,41.2,22.0,92.8,245.0,28.4,75.0,105.9,32.0,1.0,70.8,187.0,377.0,156.0,7.1,17.1,1.54,2023,129.5,0.44,2.49
Marvin Mims,122937,WR,DEN,17.333,9.933,6.0,73.533,25.0,1.333,5.0,0,4.567,1.667,0.113,13.0,10,0.667,74.767,67.933,66.767,70.7,70.067,0.267,0.667,1.667,82.0,0.267,0.667,240.0,0.333,46.133,34.667,94.4,226.333,33.733,80.333,119.767,46.667,4.333,56.933,138.333,469.0,374.0,10.233,14.1,2.093,2024,89.0,0.24,1.82
Mason Tipton,109617,WR,NO,11.0,12.9,1.0,58.3,75.0,3.0,4.0,0,12.5,2.0,-0.14,2.0,20,0.0,51.8,73.7,48.0,,47.6,0.0,0.0,0.0,15.0,0.0,0.0,254.0,1.0,38.7,14.0,93.7,238.0,27.2,69.0,67.9,24.0,0.0,72.4,184.0,99.0,29.0,2.1,7.1,0.42,2024,20.4,0.07,1.36
Mecole Hardman,42683,WR,KC,19.0,9.2,8.0,71.4,66.7,4.0,6.0,1,3.2,1.0,0.28,19.0,16,0.0,79.4,47.2,68.1,,68.7,0.8,3.0,0.0,83.0,0.0,0.0,377.0,1.0,48.9,30.0,88.3,333.0,50.1,189.0,153.3,42.0,6.0,48.5,183.0,567.0,332.0,11.1,18.9,1.7,2019,124.1,0.25,2.76
Mecole Hardman,42683,WR,KC,19.0,9.467,4.667,67.933,20.0,2.0,5.333,0,9.4,5.0,0.273,24.333,16,0.667,56.267,61.267,68.7,,68.5,0.6,2.333,0.0,60.333,0.0,0.0,415.0,2.333,50.433,42.667,92.433,384.333,52.033,216.333,127.767,63.333,5.333,46.9,194.333,606.333,361.333,8.833,14.833,1.587,2020,144.9,0.23,2.16
Mecole Hardman,42683,WR,KC,19.571,8.114,11.143,72.143,25.0,2.0,6.857,0,7.229,4.429,0.254,32.143,16,0.857,63.429,50.257,69.557,,69.586,0.886,4.429,0.571,56.143,0.0,0.0,476.143,1.0,51.386,56.571,93.786,447.571,51.329,244.143,117.329,78.0,4.0,47.129,224.429,725.0,489.714,8.757,13.271,1.617,2021,93.8,0.31,3.23
Mecole Hardman,42683,WR,KC,13.571,7.971,6.143,73.829,66.7,1.857,4.714,0,7.329,3.286,0.296,23.286,16,0.429,57.529,68.043,68.886,,67.886,0.614,2.571,0.286,42.714,0.0,0.0,341.429,0.429,50.657,41.571,92.986,319.429,51.4,175.429,126.114,56.571,3.857,46.671,159.714,497.429,316.571,7.129,11.8,1.527,2022,27.7,0.18,1.73
Mecole Hardman,42683,WR,KC,13.429,7.814,4.571,71.614,33.3,1.429,3.714,0,7.971,2.286,0.014,15.429,16,0.714,58.771,41.714,61.057,,63.571,0.614,1.714,1.286,47.571,0.0,0.0,227.714,0.571,42.586,28.714,92.429,211.571,53.457,119.857,94.271,39.571,2.143,43.814,102.143,310.286,201.143,6.5,10.3,1.403,2023,33.2,0.29,1.95
Michael Crabtree,4933,WR,OAK,14.0,11.0,7.0,58.6,44.8,13.0,29.0,2,9.4,6.0,0.04,35.0,23,1.0,59.2,43.9,72.0,,71.7,0.0,0.0,2.0,41.0,0.0,0.0,413.0,7.0,45.1,58.0,92.3,381.0,20.8,86.0,95.4,99.0,8.0,78.7,325.0,618.0,196.0,3.4,10.7,1.62,2017,132.7,0.17,2.46
Michael Crabtree,4933,WR,BLT,16.0,11.2,7.0,56.133,41.2,9.0,21.0,1,14.067,9.333,0.027,36.333,3,0.333,39.333,67.967,66.2,,65.233,0.133,0.667,2.0,34.333,0.0,0.0,520.333,5.0,44.633,56.667,92.767,483.0,15.667,78.667,86.733,101.0,6.0,84.1,440.333,636.0,156.667,2.733,11.233,1.347,2018,6.2,0.2,1.55
Michael Gallup,26075,WR,DAL,18.0,14.2,3.0,50.6,30.4,7.0,23.0,0,6.8,3.0,0.1,26.0,9,0.0,51.8,78.3,62.7,,62.2,0.0,0.0,2.0,49.0,0.0,0.0,529.0,1.0,45.0,41.0,92.1,487.0,11.9,63.0,79.4,81.0,3.0,88.1,466.0,644.0,197.0,4.8,15.7,1.32,2018,212.7,0.25,3.22
Michael Gallup,26075,WR,DAL,15.333,13.733,7.667,56.133,53.1,13.667,29.0,0,13.267,9.667,0.193,42.0,9,0.0,36.667,79.967,70.233,,70.333,0.0,0.0,2.0,57.667,0.0,0.0,537.0,1.0,49.733,57.667,93.767,503.667,12.967,69.667,95.0,101.667,5.0,87.033,467.333,952.667,287.667,4.933,16.433,1.88,2019,173.3,0.17,2.94
Michael Gallup,26075,WR,DAL,15.714,13.143,6.714,58.457,52.9,11.0,22.143,0,11.743,8.143,0.094,43.143,9,0.0,41.6,80.157,67.986,,68.486,0.0,0.0,0.857,56.143,0.0,0.0,604.429,1.0,48.857,58.429,95.214,576.429,9.157,53.286,100.771,99.571,5.0,90.843,551.143,890.0,267.286,4.571,15.214,1.571,2020,91.5,0.18,2.61
Michael Gallup,26075,WR,DAL,11.714,12.529,3.714,60.071,50.0,10.714,20.857,1,9.9,5.571,0.08,32.857,9,0.0,53.729,78.886,71.457,,71.571,0.0,0.0,0.286,48.0,0.0,0.0,464.429,1.0,48.814,46.286,94.114,439.143,8.3,38.143,99.457,77.143,3.429,91.7,426.286,653.286,191.571,4.0,13.743,1.474,2021,105.4,0.14,2.7
Michael Gallup,26075,WR,DAL,14.0,12.5,2.286,57.257,47.6,9.857,20.143,0,8.514,4.143,0.074,29.429,9,0.0,59.357,78.529,66.214,,65.843,0.0,0.0,2.857,35.0,0.0,0.0,487.286,0.429,48.8,43.571,94.986,464.143,7.757,37.286,80.786,76.286,4.143,92.243,450.0,516.143,140.571,3.186,11.786,1.131,2022,87.8,0.14,2.58
Michael Pittman,29049,WR,IND,14.0,8.5,6.0,68.2,20.0,1.0,5.0,0,8.2,4.0,0.16,25.0,14,1.0,61.5,37.0,62.8,,62.3,0.0,0.0,1.0,45.0,0.0,0.0,431.0,8.0,48.8,45.0,95.6,412.0,25.3,109.0,95.1,66.0,1.0,74.7,322.0,593.0,331.0,7.4,13.2,1.44,2020,236.6,0.24,2.54
Michael Pittman,29049,WR,IND,16.0,9.7,8.0,70.067,64.3,12.333,20.333,1,6.333,4.667,0.06,44.333,14,1.0,72.233,50.4,72.933,66.3,74.033,0.133,0.667,2.333,53.0,0.133,0.667,545.0,6.0,46.0,73.667,93.333,507.333,20.967,111.667,100.767,104.667,4.333,78.967,432.667,919.0,339.0,5.067,12.6,1.78,2021,218.5,0.21,2.14
Michael Pittman,29049,WR,IND,16.0,8.557,6.286,70.714,50.0,13.857,25.857,0,5.457,4.857,-0.071,48.143,14,1.571,77.471,41.2,71.6,,71.9,0.114,0.857,2.714,38.714,0.057,0.286,618.714,3.143,44.343,88.143,94.457,584.286,24.529,152.429,94.5,124.286,4.143,75.386,465.429,922.429,341.286,4.171,10.714,1.586,2022,248.2,0.25,2.28
Michael Pittman,29049,WR,IND,16.143,8.3,5.571,72.029,53.6,15.429,28.571,0,4.657,5.0,-0.053,52.571,14,1.286,85.314,52.471,75.714,75.1,77.214,1.2,7.286,4.714,59.0,0.314,1.857,624.857,5.571,42.914,103.143,93.657,585.571,25.086,157.0,90.114,143.143,4.286,73.729,460.571,1077.143,443.0,4.3,10.471,1.856,2023,167.8,0.19,2.43
Michael Pittman,29049,WR,IND,16.0,9.643,5.0,68.143,53.6,15.0,28.286,0,4.343,3.857,-0.056,42.429,14,1.143,83.0,49.129,73.543,67.0,74.386,0.7,4.143,4.429,44.286,0.371,2.0,561.429,4.714,41.129,84.714,94.014,528.0,25.429,143.0,84.4,123.286,3.429,73.929,414.286,923.0,346.143,4.043,11.043,1.749,2024,200.4,0.22,2.5
Michael Thomas,10681,WR,NO,18.0,10.1,17.0,73.9,55.3,21.0,38.0,2,2.5,3.0,0.24,82.0,20,0.0,90.7,84.7,91.4,,91.6,0.0,0.0,4.0,46.0,0.0,0.0,621.0,4.0,52.2,119.0,95.7,594.0,24.8,154.0,105.6,161.0,7.0,75.2,467.0,1461.0,515.0,4.3,12.3,2.46,2017,319.5,0.34,2.56
Michael Thomas,10681,WR,NO,18.0,8.9,17.667,80.567,57.1,20.333,36.0,2,2.233,3.0,0.253,82.667,20,1.333,91.1,59.233,91.533,64.9,91.8,0.133,0.667,2.0,63.333,0.133,0.667,638.333,5.333,54.467,133.667,94.767,604.667,29.6,189.333,117.867,165.667,9.0,70.333,448.333,1561.667,554.333,4.167,11.7,2.58,2018,374.6,0.4,2.5
Michael Thomas,10681,WR,NO,17.429,8.5,14.429,81.957,67.6,21.857,34.857,1,3.071,4.714,0.229,90.286,20,1.143,90.643,64.129,90.886,,91.171,0.057,0.286,0.857,55.143,0.057,0.286,660.429,6.286,53.629,146.429,94.271,622.571,30.857,204.0,120.457,178.429,9.0,69.114,456.143,1695.0,579.857,3.957,11.586,2.717,2019,83.9,0.24,2.05
Michael Thomas,10681,WR,NO,9.143,9.529,6.0,77.243,80.0,14.0,20.429,0,4.729,2.714,0.006,46.714,20,0.571,78.1,68.243,83.086,,83.271,0.029,0.143,0.143,36.286,0.029,0.143,348.143,3.429,47.257,73.857,94.814,328.286,25.2,103.571,129.657,90.286,5.714,74.786,244.429,840.857,267.429,2.586,11.029,2.12,2022,89.8,0.18,2.3
Michael Wilson,84423,WR,ARZ,13.0,14.1,6.0,64.4,47.1,8.0,17.0,1,2.6,1.0,-0.04,29.0,1,0.0,81.9,77.9,68.3,68.1,68.7,0.0,0.0,2.0,69.0,0.2,1.0,444.0,3.0,43.3,38.0,93.5,415.0,25.9,115.0,98.5,59.0,3.0,74.1,329.0,565.0,143.0,3.8,14.9,1.36,2023,126.5,0.15,2.64
Michael Wilson,84423,WR,ARZ,15.0,12.5,4.0,66.2,61.1,10.0,17.667,1,3.6,1.667,0.013,27.667,1,0.667,79.433,50.767,64.7,46.8,65.9,0.0,0.0,2.667,50.333,0.2,1.0,506.667,4.333,48.167,44.0,93.233,472.333,32.167,165.0,94.033,66.333,3.667,67.833,341.667,553.667,139.667,3.2,12.767,1.18,2024,220.6,0.24,2.83
Mike Evans,8642,WR,TB,15.0,14.6,2.0,53.8,42.6,23.0,54.0,2,5.3,4.0,0.09,55.0,30,1.0,77.0,81.7,79.3,,78.7,0.0,0.0,5.0,42.0,0.0,0.0,628.0,6.0,49.6,71.0,94.1,591.0,21.0,132.0,75.3,132.0,5.0,79.0,496.0,1001.0,108.0,1.5,14.1,1.69,2017,286.4,0.31,3.33
Mike Evans,8642,WR,TB,15.667,15.867,4.0,60.4,61.5,18.333,35.333,1,6.767,6.0,0.183,64.333,30,1.0,62.8,63.1,82.633,65.9,82.367,0.067,0.667,7.0,62.0,0.067,0.667,662.667,5.333,51.867,81.0,93.833,621.667,18.733,124.0,89.967,134.0,7.0,81.067,537.333,1349.667,232.0,2.767,16.5,2.157,2018,230.7,0.29,3.44
Mike Evans,8642,WR,TB,14.143,15.771,2.857,59.486,51.7,16.429,31.714,0,8.329,6.571,0.119,58.429,30,0.429,60.571,73.557,84.386,69.6,83.986,0.143,0.857,7.571,64.857,0.143,0.857,592.0,3.429,48.914,73.0,93.414,553.286,24.771,143.429,88.557,122.571,7.571,75.029,447.429,1239.571,251.429,3.471,16.957,2.239,2019,248.6,0.29,3.55
Mike Evans,8642,WR,TB,17.429,14.9,4.143,61.5,52.6,12.286,22.857,1,9.5,8.143,0.179,62.429,30,0.143,51.7,77.857,79.329,,79.286,0.071,0.429,6.286,58.0,0.071,0.429,673.429,4.143,49.543,77.714,93.814,632.143,32.543,222.286,104.729,126.143,12.0,67.357,450.571,1239.714,285.429,3.686,15.986,1.993,2020,262.5,0.29,3.5
Mike Evans,8642,WR,TB,17.857,13.757,7.429,65.0,75.0,13.571,21.0,0,7.757,7.0,0.181,64.0,30,0.0,63.3,82.514,76.729,,76.543,0.029,0.143,4.286,55.286,0.029,0.143,715.0,2.857,50.529,84.714,95.243,681.429,34.614,248.857,118.843,130.0,14.571,65.357,466.0,1237.286,303.429,3.6,14.729,1.837,2021,226.3,0.24,2.94
Mike Evans,8642,WR,TB,17.143,13.814,7.571,63.957,64.3,16.0,24.429,1,5.829,5.286,0.109,61.286,30,0.0,70.357,82.529,74.643,,75.443,0.0,0.0,5.571,58.857,0.0,0.0,735.571,3.571,49.757,85.0,94.914,698.0,30.014,221.143,101.743,132.857,10.143,69.986,514.429,1225.714,272.143,3.171,14.414,1.754,2022,282.5,0.33,3.58
Mike Evans,8642,WR,TB,18.0,14.529,6.857,62.729,54.5,17.571,29.714,0,6.886,6.571,0.096,60.857,30,0.0,67.471,82.771,78.543,,79.786,0.0,0.0,4.714,68.714,0.0,0.0,693.857,3.714,47.414,88.143,94.329,654.714,29.1,202.0,108.586,140.571,12.0,70.9,491.857,1355.0,327.143,3.671,15.343,2.084,2023,240.4,0.36,3.25
Mike Evans,8642,WR,TB,16.286,13.471,5.571,67.143,63.2,14.571,24.286,0,5.686,5.143,0.183,60.0,30,0.0,73.757,82.371,85.543,,86.071,0.0,0.0,5.0,63.0,0.0,0.0,558.143,1.714,52.586,83.857,94.0,524.571,31.7,173.571,112.657,125.857,11.714,68.3,384.571,1213.0,285.429,3.357,14.386,2.356,2024,84.8,0.24,2.83
Mike Thomas,10840,WR,CIN,14.0,8.5,1.0,61.9,33.3,1.0,3.0,0,7.1,1.0,-0.13,7.0,7,1.0,63.2,22.0,55.2,,56.5,0.7,1.0,0.0,29.0,0.0,0.0,142.0,1.0,45.9,13.0,95.1,135.0,21.1,30.0,95.7,21.0,1.0,78.2,111.0,132.0,29.0,2.2,10.2,0.98,2020,10.2,0.07,2.04
Mike Wallace,5007,WR,BLT,15.0,14.0,5.0,59.8,42.9,9.0,21.0,0,5.5,3.0,-0.12,33.0,3,0.0,72.5,79.6,69.0,,69.0,0.4,2.0,2.0,66.0,0.0,0.0,476.0,1.0,41.5,52.0,95.6,455.0,13.9,66.0,93.5,87.0,4.0,85.7,408.0,748.0,155.0,3.0,14.4,1.64,2017,0.0,0.0,
Mike Williams,11762,WR,LAC,10.0,12.0,0.0,47.8,60.0,3.0,5.0,0,15.4,2.0,-0.19,7.0,27,0.0,45.7,71.9,52.6,,51.8,0.0,0.0,1.0,20.0,0.0,0.0,145.0,0.0,39.3,11.0,93.1,135.0,22.1,32.0,41.0,23.0,0.0,77.9,113.0,95.0,15.0,1.4,8.6,0.7,2017,178.2,0.29,3.56
Mike Williams,11762,WR,LAC,15.333,14.4,2.667,57.067,51.7,11.0,21.0,0,8.933,2.667,0.083,30.333,27,0.0,63.833,77.767,71.2,,70.8,0.133,0.667,1.0,43.333,0.0,0.0,373.667,0.667,47.433,37.0,93.3,349.0,27.433,108.667,98.867,61.667,6.667,72.433,264.333,547.667,97.0,2.333,13.2,1.367,2018,161.3,0.19,3.23
Mike Williams,11762,WR,LAC,15.143,16.629,2.857,57.371,54.5,15.0,27.857,0,10.057,4.571,0.07,36.429,27,0.0,48.9,78.7,72.857,64.5,72.971,0.057,0.286,5.0,50.571,0.114,0.571,484.143,1.429,48.329,43.857,92.9,449.571,32.5,164.286,81.114,75.0,4.0,67.443,319.571,806.714,155.857,3.343,17.314,1.677,2019,153.7,0.19,3.14
Mike Williams,11762,WR,LAC,15.429,16.486,2.0,59.157,48.3,15.286,30.143,0,7.3,3.857,0.129,37.714,27,0.0,61.814,79.529,74.214,,74.1,0.029,0.143,3.571,60.429,0.057,0.286,525.429,1.857,48.329,48.571,93.743,492.286,27.986,148.429,95.114,82.143,4.857,71.986,376.857,828.571,164.857,3.4,17.071,1.68,2020,244.6,0.27,3.22
Mike Williams,11762,WR,LAC,15.571,13.986,4.714,60.771,51.2,18.571,36.429,0,8.043,5.714,0.174,45.0,27,0.0,61.3,80.857,75.7,,75.657,0.114,0.571,2.286,67.429,0.029,0.143,582.143,1.429,49.343,64.143,93.857,546.143,21.5,123.714,103.743,105.0,6.857,78.386,457.857,1013.857,309.714,4.643,16.057,1.844,2021,176.5,0.25,2.8
Mike Williams,11762,WR,LAC,14.143,12.943,4.429,66.271,57.7,16.571,30.714,0,4.157,3.0,0.134,41.857,27,0.0,79.386,80.814,77.643,,77.814,0.057,0.286,1.714,61.143,0.0,0.0,525.429,0.571,47.514,64.571,95.457,500.714,16.729,88.286,108.4,97.857,5.571,83.214,436.857,946.857,324.0,4.943,14.686,1.889,2022,50.2,0.3,2.51
Mike Williams,11762,WR,LAC,7.714,12.429,4.429,72.329,71.4,10.143,17.286,0,1.657,1.286,0.217,23.571,27,0.0,82.157,77.314,76.257,,75.743,0.543,0.714,0.714,54.0,0.0,0.0,290.571,0.143,52.957,39.714,95.1,276.857,22.871,53.857,115.757,57.429,3.0,76.586,236.0,561.714,211.0,5.386,13.7,2.164,2023,56.8,0.12,2.7
Miles Boykin,48209,WR,BLT,17.0,16.7,0.0,55.2,40.0,2.0,5.0,1,11.1,2.0,0.11,11.0,3,0.0,53.1,73.3,58.9,,57.4,0.0,0.0,1.0,50.0,0.0,0.0,244.0,3.0,46.1,16.0,94.3,230.0,8.6,21.0,100.4,29.0,3.0,91.4,223.0,224.0,19.0,1.2,14.0,0.97,2019,69.6,0.13,3.66
Miles Boykin,48209,WR,BLT,17.667,13.833,1.333,58.067,0.0,0.667,3.0,1,3.7,0.667,0.097,13.0,3,0.0,74.033,74.367,60.767,,58.133,0.0,0.0,1.667,45.333,0.0,0.0,297.333,3.0,45.9,20.0,95.233,283.333,8.867,26.333,98.4,34.333,3.667,90.933,270.333,265.333,68.333,3.2,13.333,0.937,2020,1.6,0.04,1.6
Mohamed Sanu,7084,WR,ATL,17.0,8.0,4.0,69.8,48.3,14.0,29.0,0,6.3,5.0,0.21,47.0,2,0.0,65.1,82.2,77.2,69.9,75.8,0.6,3.0,2.0,52.0,0.6,3.0,536.0,2.0,49.4,74.0,95.5,512.0,65.5,351.0,100.7,106.0,5.0,33.8,181.0,828.0,340.0,4.6,11.2,1.62,2017,178.2,0.21,2.44
Mohamed Sanu,7084,WR,ATL,16.333,8.133,8.667,71.6,43.8,9.333,20.333,0,3.1,2.333,0.217,43.0,2,1.333,81.9,48.2,73.467,,72.4,0.4,2.333,0.667,46.667,0.2,1.0,578.0,2.0,51.733,68.667,94.7,547.333,72.033,417.667,110.567,96.0,4.333,27.267,156.333,834.667,377.333,5.533,12.2,1.527,2018,124.1,0.16,2.0
Mohamed Sanu,7084,WR,NE,16.143,8.057,6.571,69.657,53.3,8.571,17.286,1,6.529,4.429,0.133,36.143,19,0.571,65.729,54.543,64.914,,64.514,0.286,1.571,2.571,36.0,0.086,0.429,570.571,1.429,50.114,63.714,93.386,532.857,65.843,376.714,88.929,91.429,3.0,33.343,189.286,661.143,276.571,4.314,10.314,1.237,2019,42.0,0.15,2.33
Mohamed Sanu,7084,WR,DET,12.571,11.114,3.0,68.7,0.0,3.286,7.714,0,6.014,2.429,0.16,22.143,11,0.286,67.986,64.314,64.371,76.2,64.5,0.1,0.571,1.143,26.286,0.857,1.714,359.571,1.143,50.386,36.286,91.814,332.143,48.814,203.857,96.3,52.429,1.714,50.829,153.714,378.286,135.143,3.086,10.643,1.097,2020,32.7,0.14,2.18
N'Keal Harry,48297,WR,NE,8.0,11.6,4.0,45.2,33.3,3.0,9.0,1,17.6,3.0,-0.11,9.0,19,0.0,38.1,75.5,65.1,,62.8,0.0,0.0,1.0,18.0,0.0,0.0,162.0,1.0,36.9,14.0,92.0,149.0,11.7,19.0,64.7,31.0,2.0,87.7,142.0,126.0,48.0,3.4,9.0,0.85,2019,75.9,0.13,2.17
N'Keal Harry,48297,WR,NE,12.0,9.467,4.0,55.067,58.3,5.667,11.0,0,9.667,2.333,-0.077,13.0,19,0.667,59.7,44.3,60.233,67.8,61.867,0.2,0.667,1.667,26.0,0.6,2.0,276.667,3.0,40.767,26.667,94.133,261.667,27.833,86.333,69.9,47.0,2.0,71.367,188.0,248.0,84.667,3.2,9.267,0.93,2020,30.4,0.09,2.53
Nelson Agholor,9453,WR,PHI,19.0,9.8,8.0,71.3,45.5,10.0,22.0,0,7.2,6.0,0.2,43.0,24,0.0,66.5,82.5,74.9,65.7,74.0,0.7,4.0,2.0,72.0,0.2,1.0,601.0,0.0,47.9,77.0,94.7,569.0,86.2,518.0,114.5,108.0,8.0,12.0,72.0,935.0,404.0,5.2,12.1,1.64,2017,164.8,0.17,2.46
Nelson Agholor,9453,WR,PHI,18.333,10.133,10.667,70.033,35.7,6.667,16.667,0,6.133,4.667,0.133,35.0,24,0.667,72.633,61.767,68.1,66.2,66.933,0.9,6.0,2.0,79.333,0.133,1.0,669.0,1.333,48.167,71.0,94.633,633.0,65.133,428.667,103.433,101.333,5.333,33.2,229.333,827.667,374.0,5.267,11.633,1.32,2018,94.0,0.14,2.29
Nelson Agholor,9453,WR,PHI,14.143,11.429,7.429,64.3,38.5,5.714,14.571,1,6.686,3.714,0.126,24.714,24,1.429,66.329,39.843,60.271,,60.057,0.5,3.143,1.429,58.571,0.057,0.429,537.0,1.143,47.443,52.714,93.643,503.857,65.114,346.571,92.5,80.571,4.0,33.943,184.571,562.143,243.143,4.371,10.3,1.074,2019,185.6,0.25,3.87
Nelson Agholor,9453,WR,LV,14.857,13.986,7.143,60.486,53.3,6.714,14.286,0,11.857,6.571,0.111,30.429,23,0.714,46.529,59.457,66.957,,66.914,0.314,1.857,2.286,72.714,0.014,0.143,491.857,0.571,48.7,48.286,93.886,462.143,45.429,224.857,103.043,79.429,6.0,54.0,263.714,726.286,231.0,4.671,14.971,1.586,2020,103.4,0.15,2.58
Nelson Agholor,9453,WR,NE,15.286,14.714,4.429,60.886,53.8,7.0,13.571,0,7.014,3.571,0.083,26.714,19,0.286,64.6,70.8,65.886,,65.271,0.086,0.429,3.286,55.571,0.0,0.0,466.571,0.143,48.557,41.0,94.414,440.714,24.357,111.286,88.3,67.571,4.429,75.357,353.857,588.429,159.571,3.786,14.043,1.333,2021,79.2,0.17,2.55
Nelson Agholor,9453,WR,NE,16.0,13.386,4.143,61.586,28.6,4.286,9.857,0,9.514,3.857,-0.093,19.0,19,1.143,56.357,45.5,61.286,76.5,61.686,0.029,0.143,3.286,49.857,0.743,2.286,380.857,0.0,42.643,35.429,94.4,359.857,24.671,89.0,79.443,57.714,3.143,74.986,290.714,475.143,152.286,4.314,13.043,1.306,2022,97.1,0.17,2.77
Nelson Agholor,9453,WR,BLT,17.714,11.114,3.857,68.386,44.4,3.857,9.0,1,9.057,3.571,-0.089,18.857,3,1.143,58.314,41.986,60.571,36.3,60.657,1.657,6.857,2.0,41.143,0.486,1.714,396.571,0.571,42.971,36.0,94.186,373.714,50.986,205.429,101.086,52.714,3.857,47.214,183.857,420.429,157.143,4.371,11.7,1.136,2023,49.1,0.12,3.51
Nick Westbrook-Ikhine,47861,WR,TEN,17.0,11.2,4.0,70.4,53.8,7.0,13.0,0,2.6,1.0,-0.01,23.0,31,1.0,81.5,29.4,68.0,64.5,67.6,0.5,2.0,1.0,46.0,0.3,1.0,368.0,0.0,44.7,38.0,94.6,348.0,38.0,140.0,114.4,54.0,4.0,61.4,226.0,476.0,143.0,3.8,12.5,1.37,2021,82.7,0.11,3.31
Nick Westbrook-Ikhine,47861,WR,TEN,17.0,12.867,2.667,60.533,30.0,6.333,17.667,0,8.0,2.333,-0.07,19.667,31,0.333,63.9,60.4,62.533,38.3,61.133,0.167,0.667,1.667,57.333,0.233,1.0,418.0,1.333,43.3,29.333,94.6,395.333,49.533,210.0,97.333,48.0,3.333,50.133,206.667,423.333,119.667,4.133,14.767,1.09,2022,83.0,0.14,2.96
Nick Westbrook-Ikhine,47861,WR,TEN,15.286,12.6,3.429,64.057,22.2,3.857,12.714,1,10.571,3.286,-0.07,18.714,31,0.143,50.243,69.6,60.743,79.6,61.571,0.071,0.286,0.714,43.429,1.7,6.143,386.0,2.286,41.871,28.571,92.314,356.857,51.057,198.0,109.257,44.571,3.143,48.8,187.429,392.857,118.143,4.171,13.871,1.113,2023,135.7,0.18,4.24
Nick Westbrook-Ikhine,47861,WR,TEN,16.143,12.814,4.286,59.629,57.1,6.0,13.429,0,10.014,3.286,-0.063,22.0,31,0.0,53.986,76.7,61.743,77.6,62.357,0.0,0.0,2.0,74.429,1.343,5.286,434.714,2.286,43.171,29.857,92.429,402.143,34.529,143.857,105.829,50.429,6.429,65.443,290.714,446.429,122.571,4.1,14.9,1.11,2024,19.9,0.05,1.81
Nico Collins,61441,WR,HST,14.0,11.6,1.0,55.9,41.7,5.0,12.0,1,5.7,2.0,-0.15,22.0,13,0.0,70.3,77.1,65.6,,65.1,0.0,0.0,1.0,32.0,0.0,0.0,383.0,4.0,42.9,33.0,94.3,361.0,16.4,63.0,78.8,59.0,1.0,83.6,320.0,446.0,123.0,3.7,13.5,1.24,2021,97.1,0.22,2.62
Nico Collins,61441,WR,HST,11.333,12.4,2.333,57.167,75.0,9.667,14.667,0,1.9,0.667,-0.117,21.333,13,0.0,83.433,77.433,70.133,,69.7,0.0,0.0,1.0,49.333,0.0,0.0,331.0,2.0,42.3,35.667,93.967,311.0,12.0,41.0,83.267,62.333,1.667,88.0,290.0,469.333,137.0,3.833,13.167,1.533,2022,258.4,0.39,3.19
Nico Collins,61441,WR,HST,14.571,11.829,13.0,65.757,47.1,8.714,16.0,0,3.214,2.571,0.001,44.571,13,0.571,83.471,80.786,82.286,,81.986,0.114,0.571,1.571,64.0,0.0,0.0,425.857,0.857,44.986,67.286,94.329,401.857,16.629,74.714,108.714,98.714,5.857,83.257,350.571,1036.0,427.857,5.7,14.843,2.434,2023,210.6,0.42,3.1
Nico Collins,61441,WR,HST,14.286,11.886,13.286,68.657,57.1,10.857,19.143,1,3.943,3.429,0.023,54.429,13,0.286,82.486,81.971,89.2,75.8,89.086,0.171,0.857,3.571,68.0,0.229,1.143,441.571,1.857,44.514,77.0,94.257,416.286,20.514,92.857,110.957,110.857,7.429,79.143,347.286,1177.0,449.143,5.614,15.086,2.763,2024,226.2,0.29,3.1
Noah Brown,11993,WR,DAL,16.0,11.7,1.0,58.3,62.5,5.0,8.0,0,6.7,1.0,-0.04,6.0,9,0.0,65.9,73.0,66.7,33.4,64.1,1.4,2.0,1.0,20.0,1.4,2.0,143.0,0.0,46.0,14.0,94.4,135.0,33.6,48.0,60.1,24.0,0.0,65.0,93.0,154.0,48.0,3.4,11.0,1.14,2020,34.4,0.11,2.15
Noah Brown,11993,WR,DAL,14.667,10.433,2.333,63.9,60.0,3.667,6.0,0,12.767,2.333,0.053,6.0,9,0.0,52.033,40.267,62.233,74.1,59.7,0.467,0.667,0.333,24.667,1.933,3.333,171.667,0.667,47.333,15.333,91.333,156.333,21.933,36.0,79.767,24.0,0.0,77.2,134.333,174.0,62.0,4.0,11.333,1.113,2021,116.5,0.14,2.71
Noah Brown,11993,WR,DAL,16.571,10.814,4.429,63.671,40.9,6.714,15.143,0,9.929,3.286,0.029,18.0,9,0.571,58.414,36.971,60.671,77.0,60.557,0.2,0.286,2.429,39.714,1.857,6.571,366.143,1.429,47.257,33.429,92.286,339.0,34.829,145.714,79.557,52.571,1.714,64.8,219.857,414.0,118.0,3.657,12.057,1.191,2022,101.6,0.22,2.99
Noah Brown,11993,WR,HST,13.429,11.829,3.286,61.957,25.0,4.143,11.571,1,12.029,4.429,-0.023,22.286,13,0.286,46.957,57.614,67.286,66.9,67.757,0.171,0.571,1.143,61.286,1.0,3.714,360.286,1.857,44.514,34.571,91.114,329.571,37.471,143.143,96.743,56.0,2.0,62.271,216.429,520.0,182.429,5.414,15.071,1.606,2023,86.3,0.18,2.47
Noah Brown,11993,WR,WAS,12.0,11.957,2.571,63.243,42.9,5.286,13.429,0,7.971,3.143,0.101,22.714,32,0.143,61.057,71.329,69.757,,69.886,0.086,0.286,1.143,58.429,0.343,1.571,335.429,0.857,49.857,36.143,92.971,311.714,28.443,101.429,93.114,57.143,1.571,71.471,233.714,505.714,136.571,3.829,14.086,1.656,2024,13.3,0.13,2.66
Odell Beckham,8647,WR,NYG,4.0,13.0,4.0,61.0,64.3,9.0,14.0,0,19.4,6.0,0.11,15.0,21,0.0,29.5,76.5,69.2,,70.0,0.0,0.0,1.0,48.0,0.0,0.0,153.0,3.0,46.5,25.0,94.1,144.0,12.4,19.0,97.8,41.0,3.0,87.6,134.0,302.0,71.0,2.8,12.1,2.1,2017,220.1,0.31,2.68
Odell Beckham,8647,WR,NYG,9.333,12.667,14.667,63.467,29.2,7.667,20.667,0,9.0,4.0,0.083,39.0,21,0.0,65.833,81.967,83.067,,83.267,0.133,0.667,3.0,50.0,0.0,0.0,377.0,2.333,44.767,59.667,94.767,358.0,23.733,102.333,96.333,93.0,5.0,75.933,273.333,802.0,235.667,3.667,13.167,2.207,2018,202.5,0.2,2.63
Odell Beckham,8647,WR,CLV,13.143,13.2,9.714,59.714,50.0,11.857,26.0,3,8.771,5.714,0.036,41.857,8,0.0,63.471,65.529,74.857,,75.343,0.057,0.286,5.286,72.286,0.0,0.0,520.429,5.571,43.871,67.857,92.671,480.286,23.543,127.857,81.571,114.143,4.429,76.314,392.0,935.143,289.0,4.086,13.643,1.98,2019,86.1,0.27,3.31
Odell Beckham,8647,WR,CLV,10.286,13.729,6.857,56.071,42.9,7.0,16.0,0,5.4,3.0,0.05,29.571,8,0.0,71.629,71.014,75.514,,74.786,0.029,0.143,3.143,57.286,0.0,0.0,357.286,3.714,46.729,45.286,93.443,331.571,19.343,78.571,85.857,78.714,3.714,80.586,278.429,628.286,164.571,2.929,13.9,1.863,2020,129.1,0.19,2.81
Odell Beckham,8647,WR,BLT,13.429,14.543,3.714,55.7,45.5,5.857,12.571,0,3.857,1.857,0.026,27.714,3,0.571,77.014,46.429,74.414,,74.971,0.0,0.0,1.857,54.143,0.0,0.0,350.0,2.857,47.943,39.429,92.5,322.286,15.0,55.857,89.7,70.286,3.143,85.0,294.143,581.286,152.143,3.571,14.771,1.799,2023,14.5,0.12,1.61
Olabisi Johnson,47882,WR,MIN,17.0,9.9,1.0,75.0,60.0,3.0,5.0,1,5.7,2.0,0.16,17.0,18,0.0,70.8,78.3,63.7,66.2,62.0,0.0,0.0,0.0,23.0,0.3,1.0,341.0,2.0,45.7,33.0,94.1,321.0,42.2,144.0,116.8,44.0,3.0,57.5,196.0,311.0,76.0,2.3,9.4,0.97,2019,32.9,0.14,2.35
Olamide Zaccheaus,44920,WR,ATL,11.0,14.6,2.0,66.7,60.0,3.0,5.0,2,9.1,2.0,-0.01,16.0,2,0.0,58.1,74.8,68.6,,70.1,0.0,0.0,1.0,51.0,0.0,0.0,184.0,2.0,46.9,20.0,96.2,177.0,16.3,30.0,92.9,30.0,1.0,83.7,154.0,274.0,63.0,3.2,13.7,1.55,2020,89.8,0.15,2.81
Olamide Zaccheaus,44920,WR,ATL,15.0,11.467,0.667,62.767,42.1,6.333,14.333,0,8.9,2.667,-0.063,20.0,2,0.0,58.5,78.2,65.133,56.6,64.7,0.867,3.333,1.667,49.667,0.667,2.667,328.0,0.667,46.567,27.333,94.267,307.667,34.967,128.0,90.433,44.0,2.333,64.233,196.667,362.0,85.0,3.133,13.3,1.243,2021,112.0,0.15,2.67
Olamide Zaccheaus,44920,WR,ATL,16.143,11.657,3.714,64.386,40.0,3.857,9.0,1,5.186,1.714,-0.079,22.857,2,0.571,72.1,50.657,64.829,69.4,66.243,0.371,1.429,0.714,47.0,0.743,2.857,361.143,2.0,44.986,34.571,94.0,338.714,49.786,189.143,101.329,53.714,2.714,49.757,170.0,459.714,151.857,4.257,13.3,1.373,2022,38.4,0.08,3.84
Olamide Zaccheaus,44920,WR,WAS,18.714,8.271,8.0,68.686,50.0,4.0,8.714,0,7.829,4.143,0.013,27.429,32,0.286,63.5,54.843,67.057,69.0,67.943,0.186,0.714,0.286,47.857,0.486,2.0,399.429,2.571,47.657,45.571,93.614,373.857,54.7,218.143,105.743,65.857,3.0,44.671,178.571,525.143,255.429,5.443,11.729,1.404,2024,84.8,0.15,1.97
Parker Washington,129799,WR,JAX,17.0,11.7,8.0,62.7,44.4,4.0,9.0,1,8.6,3.0,0.0,19.0,15,1.0,60.4,25.1,59.7,,60.6,0.0,0.0,1.0,30.0,0.0,0.0,405.0,1.0,44.6,32.0,94.6,383.0,39.0,158.0,97.7,51.0,3.0,60.7,246.0,390.0,108.0,3.4,12.2,1.02,2024,172.7,0.26,2.66
Parris Campbell,47940,WR,IND,7.0,8.1,5.0,78.3,0.0,0.0,1.0,0,5.3,1.0,0.05,6.0,14,2.0,68.7,16.6,54.7,,54.0,0.0,0.0,0.0,27.0,0.0,0.0,124.0,2.0,46.2,18.0,96.0,119.0,47.6,59.0,104.2,23.0,1.0,52.4,65.0,127.0,109.0,6.1,7.1,1.07,2019,14.7,0.23,1.84
Parris Campbell,47940,WR,IND,13.667,7.033,10.333,75.5,33.3,2.667,8.333,0,4.767,2.333,-0.083,23.333,14,1.333,70.433,59.733,58.767,,58.8,0.133,0.667,4.0,41.667,0.0,0.0,464.667,2.0,44.667,48.0,95.4,442.333,70.533,367.0,85.867,64.333,2.333,29.333,97.0,457.667,226.333,5.033,8.967,1.043,2022,30.4,0.15,1.52
Parris Campbell,47940,WR,NYG,11.571,4.729,5.571,74.7,66.7,2.286,5.286,0,4.786,1.571,-0.219,11.143,21,0.571,70.929,70.343,54.557,67.1,54.286,0.8,1.429,2.857,27.571,0.4,0.571,285.429,0.857,43.314,32.0,94.257,270.143,76.4,227.0,64.8,43.0,1.0,22.4,56.429,255.571,135.857,4.1,6.814,0.87,2023,15.0,0.11,2.5
Paul Richardson,8680,WR,SEA,16.0,15.4,4.0,55.0,41.4,12.0,29.0,0,15.4,8.0,0.13,33.0,29,0.0,35.1,78.9,66.9,,66.1,0.2,1.0,1.0,61.0,0.0,0.0,595.0,0.0,47.2,44.0,91.4,544.0,16.8,100.0,104.3,80.0,6.0,83.0,494.0,703.0,126.0,2.9,16.0,1.29,2017,59.1,0.16,2.69
Paul Richardson,8680,WR,WAS,10.0,13.867,2.667,58.733,12.5,4.667,15.0,0,5.133,2.667,0.003,19.0,32,0.0,67.433,76.167,65.433,,64.767,0.067,0.333,0.333,51.0,0.0,0.0,367.667,0.0,43.333,28.0,92.667,339.333,25.8,84.667,105.367,48.667,3.333,73.6,281.333,409.0,76.667,2.7,14.067,1.17,2018,64.5,0.16,2.22
Pharoh Cooper,10751,WR,LA,17.0,6.1,2.0,64.7,66.7,2.0,3.0,0,8.3,1.0,-0.36,3.0,26,0.0,60.2,28.8,62.7,82.9,59.3,2.1,2.0,0.0,26.0,6.3,6.0,96.0,0.0,37.8,11.0,88.5,85.0,57.3,55.0,76.6,17.0,0.0,38.5,37.0,84.0,54.0,4.9,7.6,0.99,2017,0.0,0.0,
Pharoh Cooper,10751,WR,ARZ,14.333,8.233,2.0,72.1,57.1,3.333,5.667,1,7.7,1.667,-0.013,7.667,1,0.0,63.533,68.933,67.767,65.6,66.033,0.7,0.667,0.0,27.333,2.5,2.667,143.333,0.667,44.8,20.333,88.967,127.667,79.767,119.667,96.2,27.667,0.667,18.033,21.0,190.0,70.667,3.767,9.0,1.417,2019,12.3,0.09,2.46
Phillip Dorsett,9462,WR,NE,17.0,17.7,1.0,70.0,42.9,3.0,7.0,0,6.7,1.0,0.18,10.0,19,0.0,64.4,73.2,58.0,,56.9,0.0,0.0,1.0,39.0,0.0,0.0,258.0,1.0,47.5,14.0,93.8,242.0,32.2,83.0,90.4,20.0,0.0,66.7,172.0,244.0,73.0,5.2,17.4,1.01,2017,81.9,0.21,2.28
Phillip Dorsett,9462,WR,NE,18.333,14.367,4.333,72.667,50.0,2.333,5.0,0,5.633,1.667,0.207,18.0,19,0.0,69.467,76.733,63.267,,62.433,0.0,0.0,2.333,32.333,0.0,0.0,295.333,1.0,50.5,29.333,94.133,278.0,23.467,67.667,98.2,40.0,3.333,75.967,226.0,321.333,95.667,3.667,12.267,1.15,2018,100.8,0.18,3.15
Phillip Dorsett,9462,WR,HST,16.429,12.729,1.857,60.457,50.0,2.143,4.429,2,7.614,1.857,-0.06,14.0,13,0.0,63.6,75.686,58.943,,59.1,0.0,0.0,2.143,33.286,0.0,0.0,301.429,2.143,41.986,24.0,94.114,283.714,20.914,62.143,76.086,39.429,2.0,78.843,238.571,284.571,73.571,3.229,12.629,1.001,2022,0.0,0.0,
Pierre Garcon,4519,WR,SF,8.0,10.1,4.0,61.5,41.7,5.0,12.0,0,0.0,0.0,-0.12,25.0,28,0.0,90.2,78.3,77.5,,76.3,0.0,0.0,1.0,59.0,0.0,0.0,293.0,1.0,38.7,40.0,95.2,279.0,23.9,70.0,79.0,65.0,0.0,75.8,222.0,500.0,177.0,4.4,12.5,1.79,2017,58.6,0.15,2.44
Preston Williams,38855,WR,MIA,8.0,14.6,0.0,54.2,47.6,10.0,21.0,0,8.6,3.0,-0.16,24.0,17,2.0,42.0,40.9,67.7,,69.4,0.0,0.0,3.0,35.0,0.0,0.0,288.0,3.0,40.7,32.0,92.7,267.0,5.2,15.0,73.3,59.0,3.0,94.8,273.0,428.0,71.0,2.2,13.4,1.6,2019,70.8,0.21,3.93
Preston Williams,38855,WR,MIA,8.0,15.067,0.0,54.4,40.0,6.0,13.667,0,12.4,3.0,-0.033,17.333,17,0.667,44.933,63.233,66.233,,66.267,0.0,0.0,2.333,43.0,0.0,0.0,243.333,1.0,48.167,22.667,93.633,227.667,7.733,18.333,89.9,41.667,3.667,92.267,225.0,334.667,53.667,2.4,15.133,1.453,2020,13.8,0.08,1.97
Puka Nacua,100632,WR,LA,18.0,9.4,16.0,69.9,50.0,15.0,30.0,0,10.2,13.0,0.07,74.0,26,1.0,51.7,44.2,90.2,72.0,89.3,0.0,0.0,3.0,80.0,1.4,9.0,659.0,5.0,46.9,114.0,92.1,607.0,30.3,200.0,109.6,163.0,7.0,69.5,458.0,1667.0,731.0,6.4,14.6,2.75,2023,206.6,0.43,2.3
Puka Nacua,100632,WR,LA,14.667,8.667,20.667,71.7,35.0,9.667,23.333,0,6.933,7.667,0.11,60.0,26,0.333,65.3,70.733,91.733,75.5,91.5,1.8,6.667,1.667,60.667,1.0,5.0,469.0,3.0,48.3,98.0,93.1,435.667,30.033,141.333,106.733,137.0,4.333,67.367,318.0,1309.667,631.0,6.467,13.267,3.07,2024,377.0,0.52,2.71
Quentin Johnston,123085,WR,LAC,17.0,13.0,5.0,58.5,31.8,7.0,22.0,0,5.0,2.0,-0.02,20.0,27,0.0,64.3,78.6,58.9,,58.7,0.0,0.0,1.0,57.0,0.0,0.0,514.0,1.0,44.9,38.0,94.9,488.0,10.7,55.0,82.3,65.0,2.0,89.3,459.0,431.0,152.0,4.0,11.3,0.88,2023,174.7,0.27,3.01
Quentin Johnston,123085,WR,LAC,16.333,12.467,10.333,58.9,30.4,7.0,22.667,0,8.2,4.667,0.047,28.0,27,0.0,53.567,79.867,64.567,,65.033,0.0,0.0,1.667,63.0,0.0,0.0,480.667,1.0,45.033,49.333,94.167,452.667,11.5,55.0,96.033,83.667,6.0,88.5,425.667,617.667,259.333,5.133,12.367,1.38,2024,173.2,0.24,3.27
Quez Watkins,61664,WR,PHI,18.0,13.8,8.0,66.2,53.3,8.0,15.0,0,2.2,1.0,0.07,26.0,24,0.0,85.4,81.1,68.2,66.2,71.8,2.7,13.0,3.0,91.0,0.2,1.0,481.0,2.0,43.0,45.0,94.0,452.0,72.1,347.0,85.5,68.0,1.0,25.2,121.0,682.0,260.0,5.8,15.2,1.51,2021,86.4,0.13,2.4
Quez Watkins,61664,WR,PHI,19.333,12.067,5.333,64.867,9.1,3.333,12.333,0,2.667,1.0,0.037,17.333,24,0.667,75.667,47.5,57.867,66.2,60.067,0.9,4.333,3.0,65.667,0.2,1.0,478.333,1.333,44.067,37.667,94.533,452.0,74.367,355.667,81.367,58.0,2.333,24.733,118.333,468.667,191.333,5.0,12.133,1.037,2022,35.2,0.12,2.35
Quincy Enunwa,8843,WR,NYJ,11.0,8.2,9.0,61.3,28.6,2.0,7.0,0,13.6,6.0,-0.12,22.0,22,2.0,49.3,22.5,68.0,67.6,65.9,0.3,1.0,2.0,42.0,0.6,2.0,337.0,2.0,40.2,38.0,95.3,321.0,47.8,161.0,75.3,62.0,1.0,51.6,174.0,449.0,284.0,7.5,11.8,1.4,2018,0.6,0.01,0.6
Quintez Cephus,29614,WR,DET,13.0,14.9,1.0,62.5,0.0,0.0,1.0,0,9.1,2.0,-0.05,16.0,11,0.0,48.0,74.6,64.8,68.1,66.0,0.4,1.0,0.0,49.0,0.9,2.0,231.0,0.0,46.3,20.0,93.5,216.0,17.3,40.0,120.4,32.0,2.0,82.3,190.0,349.0,82.0,4.1,17.5,1.62,2020,47.4,0.22,3.16
Randall Cobb,6216,WR,GB,15.0,6.1,5.0,77.6,38.5,5.0,13.0,1,2.9,2.0,-0.04,29.0,12,1.0,80.4,51.5,64.4,76.0,64.8,1.0,5.0,2.0,46.0,1.3,7.0,521.0,3.0,43.6,66.0,91.9,479.0,77.7,405.0,104.6,85.0,4.0,15.5,81.0,653.0,421.0,6.4,9.9,1.36,2017,88.3,0.19,2.32
Randall Cobb,6216,WR,GB,11.0,7.367,5.0,70.333,50.0,3.0,7.0,1,7.3,3.333,0.0,21.667,12,1.0,64.6,45.567,61.6,,63.133,1.8,7.0,0.667,65.333,0.433,2.333,413.667,1.667,43.467,47.333,93.433,385.667,84.633,346.333,99.733,66.333,2.667,11.3,49.0,473.0,300.333,6.333,10.033,1.207,2018,156.9,0.22,2.71
Randall Cobb,6216,WR,DAL,13.286,8.986,7.857,69.914,63.6,5.286,9.286,0,11.186,6.571,0.131,32.143,9,1.571,44.314,39.071,66.343,68.6,67.571,1.457,6.429,2.0,61.714,0.414,2.143,462.429,1.857,47.429,51.714,93.757,433.286,88.729,410.143,100.229,73.571,2.857,8.843,41.0,675.857,319.571,6.2,12.929,1.529,2019,100.1,0.27,2.63
Randall Cobb,6216,WR,HST,11.286,8.229,4.143,75.643,57.1,4.571,7.714,0,6.871,3.714,0.166,25.429,13,0.714,62.871,60.371,69.486,,70.529,0.657,2.857,0.857,47.0,0.114,0.571,352.857,0.714,50.314,42.857,95.4,335.571,82.586,297.857,115.214,57.571,2.857,16.457,51.286,543.286,226.286,5.157,12.386,1.61,2020,95.6,0.26,3.3
Randall Cobb,6216,WR,GB,12.429,9.486,2.857,74.086,53.8,6.143,11.0,0,2.757,1.571,0.213,22.857,12,0.286,77.043,71.086,70.5,,71.843,1.714,5.429,0.429,49.0,0.057,0.286,317.571,0.857,48.229,34.714,94.8,300.714,78.657,253.714,131.571,47.0,4.143,19.286,57.571,458.571,178.286,5.043,13.129,1.501,2021,81.7,0.22,2.4
Randall Cobb,6216,WR,GB,12.571,9.843,3.0,72.529,25.0,3.714,9.286,0,3.571,1.286,0.016,19.429,12,0.571,76.5,78.3,70.314,36.3,71.6,0.771,2.286,0.571,43.143,0.229,0.571,272.286,0.286,44.743,32.857,95.2,259.143,78.543,213.571,113.229,45.286,2.429,19.886,54.286,408.429,169.286,5.171,12.514,1.579,2022,14.9,0.07,2.98
Rashard Higgins,10806,WR,CLV,15.0,10.2,6.0,58.7,33.3,2.0,6.0,0,6.9,2.0,-0.25,13.0,8,1.0,65.2,26.4,50.4,62.3,48.7,0.0,0.0,7.0,56.0,0.2,1.0,504.0,3.0,35.6,27.0,93.5,471.0,93.8,473.0,54.2,46.0,2.0,6.2,31.0,312.0,150.0,5.6,11.6,0.66,2017,120.2,0.25,3.08
Rashard Higgins,10806,WR,CLV,13.667,11.4,3.333,70.567,44.4,3.333,8.0,1,7.033,2.667,-0.07,22.333,8,1.667,65.4,23.8,62.2,,61.7,0.2,0.667,3.667,45.333,0.067,0.333,397.333,3.0,41.2,35.0,92.767,369.0,50.867,225.0,99.6,49.333,3.333,48.933,171.667,485.333,151.333,4.467,13.667,1.42,2018,15.5,0.09,3.88
Rashard Higgins,10806,WR,CLV,13.857,13.229,2.0,71.443,53.8,5.429,10.857,0,6.671,2.857,0.09,27.286,8,3.0,67.343,21.171,68.6,65.7,68.043,0.371,1.429,2.714,44.0,0.2,0.714,385.714,1.857,46.229,40.143,94.157,363.286,32.429,136.429,110.8,56.0,3.714,67.2,247.857,616.571,123.714,3.229,15.171,1.746,2020,57.5,0.11,2.4
Rashard Higgins,10806,WR,CLV,14.429,13.029,0.571,63.414,27.3,4.286,11.286,0,11.014,3.571,0.011,21.857,8,1.429,52.671,51.729,61.957,61.6,62.714,0.529,1.857,1.429,30.0,0.257,0.857,335.714,1.857,46.343,31.857,94.457,317.143,33.229,108.714,93.414,49.286,2.286,66.186,225.143,443.143,72.286,2.071,13.329,1.357,2021,0.0,0.0,
Rashee Rice,97605,WR,KC,20.0,5.0,16.0,80.2,14.3,1.0,7.0,0,2.8,3.0,0.0,59.0,16,3.0,90.2,23.6,84.9,71.7,86.1,0.5,3.0,1.0,67.0,0.7,4.0,579.0,2.0,46.9,105.0,93.6,542.0,49.7,288.0,122.0,131.0,8.0,49.4,286.0,1200.0,853.0,8.1,11.4,2.21,2023,64.9,0.42,2.6
Rashee Rice,97605,WR,KC,9.333,5.133,10.667,81.933,0.0,0.333,3.0,1,3.6,1.667,-0.02,29.667,16,1.0,79.533,58.4,85.033,,85.7,0.167,1.0,1.0,51.667,0.233,1.333,259.0,1.333,49.3,51.0,92.467,241.333,50.233,129.333,118.467,63.0,4.0,49.467,128.0,592.0,407.667,7.833,11.8,2.843,2024,148.1,0.36,2.55
Rashid Shaheed,63707,WR,NO,12.0,11.6,0.0,82.4,0.0,0.0,1.0,0,0.0,0.0,0.1,18.0,20,1.0,86.9,89.8,80.9,,78.6,0.0,0.0,0.0,68.0,0.0,0.0,193.0,0.0,51.6,28.0,97.4,188.0,25.9,50.0,138.4,34.0,2.0,73.6,142.0,488.0,174.0,6.2,17.4,2.6,2022,151.6,0.25,2.86
Rashid Shaheed,63707,WR,NO,14.0,13.6,2.667,70.667,55.6,3.333,6.333,0,2.8,1.333,0.033,24.0,20,0.333,80.3,77.667,72.967,,72.467,0.0,0.0,2.0,61.333,0.0,0.0,361.667,2.0,45.067,40.0,96.867,350.0,40.033,156.667,115.533,58.667,4.0,59.333,202.667,642.0,161.333,4.333,16.2,1.98,2023,75.8,0.27,2.92
Rashid Shaheed,63707,WR,NO,9.429,16.171,1.143,58.857,0.0,1.429,6.714,0,1.2,0.571,0.003,17.143,20,0.143,82.186,80.486,71.1,,70.6,0.0,0.0,3.143,66.286,0.0,0.0,259.0,2.0,45.714,28.571,95.229,247.714,31.614,93.429,86.943,48.0,3.429,67.829,164.0,474.571,127.429,4.771,16.943,2.014,2024,146.6,0.21,2.16
Rashod Bateman,84296,WR,BLT,12.0,9.6,2.0,70.8,66.7,10.0,15.0,0,6.1,3.0,-0.07,29.0,3,0.0,69.3,78.8,64.9,,65.2,0.0,0.0,3.0,36.0,0.0,0.0,432.0,2.0,43.8,46.0,94.7,409.0,18.3,79.0,80.0,65.0,1.0,81.7,353.0,515.0,168.0,3.7,11.2,1.26,2021,55.5,0.29,3.7
Rashod Bateman,84296,WR,BLT,8.0,12.0,2.667,59.333,0.0,3.333,5.667,0,18.7,4.333,0.063,14.333,3,0.667,41.967,41.2,62.7,,62.467,0.0,0.0,1.667,62.0,0.0,0.0,228.667,0.667,42.933,25.333,94.567,216.333,15.567,38.333,92.067,40.333,1.667,84.433,190.333,361.667,147.333,7.3,16.4,2.007,2022,76.5,0.13,2.32
Rashod Bateman,84296,WR,BLT,13.714,13.486,2.857,59.143,50.0,5.429,10.429,1,13.729,4.143,0.05,18.714,3,0.286,49.929,62.229,61.729,,61.114,0.114,0.571,2.429,43.143,0.0,0.0,331.714,0.857,46.286,31.429,94.871,315.0,12.557,40.429,76.086,52.143,1.286,87.329,290.714,388.143,104.286,4.271,13.486,1.46,2023,174.6,0.23,3.88
Rashod Bateman,84296,WR,BLT,16.857,14.743,6.429,63.886,33.3,3.143,7.571,2,10.6,4.143,0.196,29.571,3,0.143,57.157,70.8,67.257,,67.5,0.057,0.286,2.714,52.714,0.0,0.0,433.286,2.0,49.157,41.571,94.557,409.429,10.343,42.571,106.5,63.714,6.857,89.6,390.429,640.714,152.714,4.1,15.429,1.623,2024,53.4,0.1,2.81
Ray-Ray McCloud III,47895,WR,PIT,14.0,-1.6,3.0,95.2,,0.0,0.0,0,4.8,1.0,0.11,3.0,25,0.0,70.5,90.5,69.9,,64.1,0.0,0.0,0.0,13.0,0.0,0.0,106.0,0.0,44.3,20.0,91.5,97.0,54.7,58.0,81.9,21.0,0.0,45.3,48.0,77.0,109.0,5.5,3.9,0.79,2020,68.2,0.13,1.66
Ray-Ray McCloud III,47895,WR,PIT,15.333,4.0,4.333,73.8,37.5,2.0,5.333,0,7.533,3.0,-0.057,13.0,25,0.667,63.3,56.5,61.967,67.4,59.833,0.867,3.333,1.333,20.333,0.333,1.333,287.333,0.667,41.033,34.0,91.9,264.333,76.633,240.0,67.9,50.333,0.0,22.3,43.333,223.667,119.0,3.833,6.1,0.83,2021,58.1,0.2,3.23
Ray-Ray McCloud III,47895,WR,SF,17.429,9.257,1.857,69.743,66.7,2.0,4.0,1,10.371,2.429,0.079,11.286,28,0.286,57.471,54.557,65.929,62.4,65.414,0.371,1.429,0.571,32.714,0.429,1.143,228.857,0.857,47.3,22.571,92.529,211.571,58.786,150.857,98.643,33.571,0.571,40.471,75.714,234.714,105.286,5.529,12.557,1.161,2022,28.5,0.14,1.9
Ray-Ray McCloud III,47895,WR,ATL,17.429,8.743,5.286,71.786,47.1,5.571,11.714,0,7.471,2.857,0.054,22.0,2,1.857,68.214,33.443,63.8,80.1,64.014,0.186,0.714,2.0,49.714,1.471,8.0,449.143,2.143,48.2,45.286,91.9,411.429,51.143,225.0,94.786,61.571,0.857,48.371,222.429,503.857,240.286,5.514,12.343,1.239,2024,13.9,0.07,1.99
Richie James,28991,WR,NYG,17.0,6.6,2.0,82.9,58.3,7.0,12.0,0,4.2,3.0,-0.11,34.0,21,0.0,80.4,29.0,72.0,68.1,72.7,0.2,1.0,0.0,33.0,0.5,2.0,428.0,2.0,44.3,68.0,94.4,404.0,84.6,362.0,116.0,82.0,4.0,15.0,64.0,651.0,232.0,3.4,9.6,1.61,2022,21.4,0.16,2.14
Ricky Pearsall,100660,WR,SF,11.0,11.3,0.0,70.5,55.6,5.0,9.0,0,3.1,1.0,0.03,19.0,28,0.0,78.5,79.2,63.9,66.2,64.1,0.0,0.0,3.0,46.0,0.3,1.0,325.0,2.0,47.9,31.0,94.2,306.0,39.7,129.0,93.0,44.0,3.0,60.0,195.0,400.0,110.0,3.5,12.9,1.31,2024,88.6,0.18,2.33
Rishard Matthews,7211,WR,TEN,16.0,12.2,7.0,61.3,47.4,9.0,19.0,0,6.6,4.0,-0.04,39.0,31,0.0,63.0,80.3,71.9,,70.9,0.4,2.0,6.0,75.0,0.0,0.0,568.0,0.0,43.5,57.0,94.7,538.0,32.7,186.0,78.1,93.0,4.0,66.9,380.0,837.0,285.0,5.0,14.7,1.56,2017,7.4,0.05,1.48
Robbie Chosen,11254,WR,NYJ,16.0,13.6,5.0,56.8,30.8,8.0,26.0,1,8.7,6.0,0.0,36.0,22,0.0,60.3,80.9,71.4,,72.6,0.0,0.0,5.0,69.0,0.0,0.0,520.0,3.0,43.7,63.0,94.6,492.0,28.1,146.0,87.0,111.0,7.0,71.5,372.0,941.0,285.0,4.5,14.9,1.91,2017,160.4,0.24,3.08
Robbie Chosen,11254,WR,NYJ,14.667,16.067,3.0,57.267,29.6,8.0,26.667,0,6.7,4.0,-0.027,32.0,22,1.333,67.967,43.5,69.333,,71.4,0.0,0.0,4.333,73.667,0.0,0.0,474.667,3.667,43.1,54.333,96.0,455.333,25.033,119.333,88.867,95.0,6.333,74.833,354.667,815.0,215.667,3.9,14.967,1.783,2018,160.3,0.17,3.02
Robbie Chosen,11254,WR,NYJ,15.429,15.914,3.571,56.829,47.6,9.143,23.429,0,6.014,3.429,-0.08,33.714,22,1.143,72.271,42.871,68.971,,69.8,0.0,0.0,3.571,84.143,0.0,0.0,554.857,3.286,41.329,53.0,94.0,520.286,21.871,119.714,88.943,93.286,5.571,78.071,434.857,794.429,197.0,3.671,14.986,1.547,2019,224.1,0.28,2.26
Robbie Chosen,11254,WR,CAR,15.714,12.586,3.714,64.871,35.0,8.0,21.286,0,4.671,3.571,-0.011,42.286,5,1.143,77.486,48.914,72.3,,73.143,0.286,1.714,2.571,80.0,0.0,0.0,573.429,2.0,44.114,76.286,94.243,539.857,27.557,158.0,93.4,115.286,4.0,72.043,413.143,956.286,364.429,4.543,13.0,1.774,2020,138.5,0.14,2.47
Robbie Chosen,11254,WR,CAR,16.571,11.457,4.0,57.186,23.8,6.286,20.714,0,6.843,4.429,-0.129,34.429,5,0.429,68.243,68.686,65.9,,65.4,0.257,1.429,5.0,67.143,0.0,0.0,627.0,0.714,42.657,64.857,94.843,594.714,33.586,211.429,70.457,111.429,4.429,66.157,413.857,721.0,261.857,3.786,11.029,1.239,2021,54.2,0.11,2.71
Robbie Chosen,11254,WR,ARZ,16.286,12.943,1.714,51.129,22.2,3.571,14.0,0,5.771,2.571,-0.141,20.429,1,0.714,69.014,45.2,57.3,,57.857,0.129,0.714,2.857,69.857,0.0,0.0,465.571,0.714,40.586,40.143,94.643,441.286,23.571,125.143,66.7,73.714,2.429,76.3,339.571,466.0,173.286,4.443,12.5,1.019,2022,22.6,0.17,5.65
Robert Foster,48230,WR,BUF,13.0,21.0,0.0,61.4,55.6,5.0,9.0,0,3.6,1.0,0.02,20.0,4,0.0,75.5,75.9,72.1,,73.3,0.0,0.0,0.0,75.0,0.0,0.0,282.0,3.0,41.8,27.0,93.3,263.0,13.5,38.0,127.2,44.0,3.0,86.2,243.0,541.0,160.0,5.9,20.0,2.06,2018,12.3,0.06,2.46
Robert Woods,7822,WR,LA,13.0,11.3,6.0,69.1,40.0,4.0,10.0,0,4.4,3.0,0.19,43.0,26,1.0,78.6,46.1,81.0,81.5,79.7,1.4,6.0,0.0,94.0,1.2,5.0,428.0,5.0,42.5,65.0,94.6,405.0,31.8,136.0,118.4,94.0,5.0,66.8,286.0,923.0,313.0,4.8,14.2,2.28,2017,265.6,0.26,2.53
Robert Woods,7822,WR,LA,17.0,11.033,7.333,68.233,47.8,8.667,18.667,0,3.333,3.0,0.17,63.667,26,0.333,86.667,72.633,84.6,79.5,84.233,1.4,9.333,2.0,57.333,1.6,11.0,651.333,5.0,48.033,90.333,93.333,606.333,47.933,330.0,107.2,132.667,5.667,50.667,312.0,1235.0,432.333,4.8,13.733,2.073,2018,232.9,0.24,2.18
Robert Woods,7822,WR,LA,15.857,9.529,7.143,69.129,47.4,8.857,18.857,1,2.686,2.429,0.124,58.143,26,0.143,88.8,79.757,83.229,79.3,82.043,0.771,5.143,4.286,52.0,2.0,13.286,654.0,6.143,48.014,90.143,92.457,603.857,40.257,270.571,93.143,130.571,3.571,58.914,377.714,1177.286,516.714,5.714,13.086,1.963,2019,247.1,0.25,2.17
Robert Woods,7822,WR,LA,17.286,7.786,7.714,72.829,43.8,8.143,17.857,1,4.686,5.0,0.054,56.857,26,0.571,82.671,73.786,76.629,69.3,76.586,0.457,3.286,4.429,51.286,1.771,12.0,681.571,5.571,48.857,98.714,94.157,641.571,45.914,314.714,96.286,135.714,5.429,53.6,363.286,1112.429,540.571,5.486,11.3,1.733,2020,135.2,0.25,2.55
Robert Woods,7822,WR,LA,12.429,8.086,5.0,70.543,28.6,4.429,11.286,0,6.829,4.571,0.199,42.571,26,0.286,70.229,76.586,75.4,72.6,73.314,0.471,2.0,2.571,38.857,1.957,9.0,480.571,2.429,52.114,67.714,94.057,452.571,44.5,213.714,102.543,94.714,4.571,54.671,263.571,774.571,354.0,5.029,11.771,1.72,2021,117.7,0.15,2.22
Robert Woods,7822,WR,TEN,14.857,8.414,2.0,67.2,46.7,5.571,12.857,0,7.257,4.429,0.059,35.143,31,0.143,66.714,64.957,70.686,,68.629,0.443,2.0,2.571,39.429,0.814,3.429,474.0,1.286,47.257,57.714,94.471,448.429,35.043,165.571,88.571,85.0,3.286,63.886,303.571,607.429,227.0,3.771,10.643,1.377,2022,89.3,0.13,2.18
Robert Woods,7822,WR,HST,15.286,9.386,1.0,59.8,38.1,6.857,17.286,1,8.143,4.0,-0.017,29.143,13,0.0,62.1,75.657,64.929,39.3,64.014,0.429,2.0,1.571,30.571,0.529,2.143,462.571,2.0,44.371,45.571,93.829,434.143,45.729,211.143,77.757,76.286,1.714,52.443,242.857,483.143,153.143,3.343,10.6,1.14,2023,40.3,0.11,2.01
Rome Odunze,73774,WR,CHI,17.0,14.2,4.0,56.3,72.2,13.0,18.0,0,8.5,5.0,-0.07,37.0,6,2.0,61.7,25.7,63.8,76.6,65.3,0.0,0.0,1.0,47.0,0.4,3.0,679.0,1.0,41.6,54.0,91.9,624.0,35.3,240.0,86.9,96.0,3.0,64.4,437.0,734.0,261.0,4.8,13.6,1.18,2024,146.1,0.2,3.32
Romeo Doubs,84329,WR,GB,13.0,9.8,1.0,65.6,33.3,5.0,15.0,0,10.6,5.0,-0.15,20.0,12,2.0,51.5,23.5,62.6,,62.0,0.0,0.0,0.0,26.0,0.0,0.0,331.0,0.0,43.6,42.0,94.3,312.0,22.4,74.0,100.1,64.0,3.0,77.6,257.0,425.0,194.0,4.6,10.1,1.36,2022,174.4,0.21,2.96
Romeo Doubs,84329,WR,GB,17.0,11.867,2.333,65.667,53.6,11.667,23.667,0,7.2,4.333,0.037,39.333,12,1.333,66.833,39.567,69.933,,70.0,0.0,0.0,2.0,39.333,0.0,0.0,501.667,0.667,45.533,60.0,94.433,474.0,17.933,86.0,106.367,91.333,7.0,82.067,415.667,747.0,208.667,3.6,12.167,1.547,2023,130.1,0.2,2.83
Romeo Doubs,84329,WR,GB,15.286,12.0,3.286,66.257,66.7,11.857,20.429,0,8.457,4.714,0.09,36.286,12,0.571,61.043,62.157,69.8,,70.571,0.0,0.0,2.0,39.143,0.0,0.0,447.0,2.0,47.571,53.143,93.786,419.714,15.286,67.714,102.786,80.286,5.286,84.714,379.286,671.0,171.714,3.257,12.529,1.589,2024,163.4,0.21,2.97
Rondale Moore,62890,WR,ARZ,15.0,1.3,13.0,84.3,60.0,3.0,5.0,0,3.3,2.0,0.2,21.0,1,1.0,82.5,69.1,70.7,,70.1,0.0,0.0,3.0,77.0,0.0,0.0,293.0,1.0,53.7,59.0,96.6,283.0,76.1,223.0,81.4,70.0,1.0,20.5,60.0,467.0,464.0,7.9,7.9,1.65,2021,87.9,0.19,1.87
Rondale Moore,62890,WR,ARZ,10.333,3.9,9.0,77.767,20.0,1.667,5.0,1,7.033,3.333,0.053,17.667,1,0.333,67.767,75.9,65.833,,65.767,0.0,0.0,1.0,51.0,0.0,0.0,298.333,1.0,47.3,47.0,94.467,281.667,63.233,188.333,94.867,60.0,1.0,34.1,102.0,431.667,348.667,7.367,9.367,1.53,2022,105.0,0.14,1.54
Russell Gage,44771,WR,ATL,16.0,7.2,6.0,71.0,30.0,3.0,10.0,0,3.9,2.0,0.06,25.0,2,0.0,78.8,40.3,66.3,,66.4,0.0,0.0,1.0,19.0,0.0,0.0,403.0,2.0,46.0,49.0,93.8,378.0,67.0,270.0,87.0,69.0,1.0,32.8,132.0,446.0,161.0,3.3,9.1,1.18,2019,175.5,0.23,2.37
Russell Gage,44771,WR,ATL,16.0,8.533,9.333,68.133,45.0,7.0,16.667,0,7.233,5.333,0.1,41.667,2,0.0,64.933,67.967,73.033,68.2,71.267,0.0,0.0,1.0,29.667,0.267,1.333,501.667,1.333,47.467,64.333,93.8,470.667,67.333,338.0,93.333,95.0,3.0,32.2,161.333,672.667,243.667,3.767,10.3,1.407,2020,167.0,0.27,2.53
Russell Gage,44771,WR,ATL,14.857,9.314,8.0,69.771,57.9,9.286,18.0,0,7.1,5.143,-0.037,39.0,2,1.143,65.829,44.271,74.271,,74.257,0.114,0.571,3.286,40.714,0.114,0.571,447.571,0.571,45.429,65.286,95.229,425.714,57.2,260.286,90.114,93.857,3.571,42.314,185.143,728.286,250.143,3.843,11.1,1.723,2021,123.6,0.23,2.42
Russell Shepard,8254,WR,CAR,15.0,8.7,3.0,54.8,16.7,1.0,6.0,0,29.2,7.0,0.17,9.0,5,1.0,27.3,25.7,46.0,,45.1,0.6,2.0,1.0,40.0,0.0,0.0,312.0,4.0,45.4,17.0,93.3,291.0,78.2,244.0,72.2,31.0,1.0,21.2,66.0,202.0,109.0,6.4,11.9,0.69,2017,40.8,0.22,4.08
Russell Shepard,8254,WR,NYG,11.667,14.633,1.0,55.333,66.7,1.667,4.0,0,15.8,3.0,-0.003,7.667,21,0.333,48.1,55.967,56.333,,57.233,0.2,0.667,1.667,46.0,0.0,0.0,193.333,2.667,43.4,12.333,96.767,185.0,46.933,109.333,83.667,22.333,1.667,52.867,83.333,192.667,46.333,3.133,16.5,1.177,2018,5.5,0.08,1.83
Ryan Grant,8777,WR,WAS,16.0,9.9,6.0,71.4,61.5,8.0,13.0,1,6.3,3.0,0.02,29.0,32,0.0,69.9,78.9,69.2,,68.5,1.2,5.0,3.0,40.0,0.0,0.0,403.0,1.0,45.2,45.0,97.3,392.0,35.0,141.0,100.8,63.0,4.0,63.5,256.0,573.0,240.0,5.3,12.7,1.46,2017,74.4,0.13,2.13
Ryan Grant,8777,WR,IND,14.667,9.633,4.0,68.667,38.5,6.0,13.0,1,7.367,3.0,0.113,21.667,14,0.0,65.567,78.033,62.467,66.5,61.3,0.533,2.333,1.667,28.667,0.133,0.667,415.667,2.333,49.333,38.333,94.967,394.667,19.733,81.0,89.133,55.667,2.0,79.633,332.0,413.667,139.333,3.433,10.567,1.047,2018,5.4,0.06,1.35
Ryan Miller,78734,WR,TB,11.0,10.2,0.0,60.0,42.9,3.0,7.0,0,7.7,1.0,0.14,7.0,30,0.0,61.8,71.9,59.0,73.7,58.5,0.0,0.0,1.0,39.0,1.3,2.0,151.0,0.0,49.7,12.0,93.4,141.0,50.3,76.0,91.3,20.0,2.0,49.7,75.0,128.0,56.0,4.7,10.7,0.91,2024,11.4,0.09,5.7
Ryan Switzer,11888,WR,PIT,16.0,3.4,2.0,81.8,57.1,4.0,7.0,0,5.3,2.0,0.15,15.0,25,0.0,72.0,90.3,63.0,,62.4,0.0,0.0,0.0,24.0,0.0,0.0,260.0,0.0,52.1,36.0,93.1,242.0,73.1,190.0,98.2,44.0,1.0,18.8,49.0,253.0,136.0,3.8,7.0,1.05,2018,10.7,0.13,1.34
Sammy Watkins,8639,WR,LA,16.0,15.9,2.0,57.1,46.2,6.0,13.0,0,2.4,1.0,0.14,34.0,26,0.0,82.2,78.3,69.2,74.7,66.8,0.0,0.0,1.0,67.0,0.4,2.0,526.0,1.0,43.4,40.0,95.2,501.0,31.6,166.0,118.5,70.0,8.0,68.4,360.0,616.0,195.0,4.9,15.4,1.23,2017,115.1,0.25,2.56
Sammy Watkins,8639,WR,KC,13.333,11.5,6.0,67.367,37.5,4.0,9.667,0,5.733,3.0,0.333,31.333,16,0.667,71.133,43.167,70.533,69.0,70.133,0.667,2.667,0.333,58.333,0.333,1.333,438.0,1.667,50.533,46.667,93.467,410.333,34.733,150.667,118.767,69.333,4.667,64.6,284.667,668.667,273.0,5.767,14.4,1.677,2018,138.5,0.19,2.56
Sammy Watkins,8639,WR,KC,15.429,10.929,10.0,64.814,40.0,6.286,15.571,1,5.714,3.571,0.326,37.429,16,1.429,72.257,33.986,71.143,80.8,69.771,0.8,4.571,0.143,63.857,0.6,3.429,556.857,2.429,52.114,57.714,91.829,510.143,45.229,260.571,111.071,89.714,4.286,53.971,291.714,835.714,337.0,5.786,14.514,1.656,2019,91.4,0.17,2.41
Sammy Watkins,8639,WR,KC,12.857,8.957,6.0,70.1,25.0,3.286,9.143,0,6.857,3.429,0.29,32.286,16,1.286,67.0,28.257,67.486,72.7,65.771,0.686,3.429,0.0,48.286,1.014,4.429,459.143,2.286,53.871,47.714,92.657,423.857,47.9,223.571,110.271,69.571,2.714,51.243,231.571,621.857,247.714,5.0,12.671,1.431,2020,72.4,0.16,2.68
Sammy Watkins,8639,WR,BLT,13.0,11.071,4.143,64.157,50.0,3.714,8.571,0,10.271,3.714,0.126,23.714,3,1.143,54.643,27.386,66.543,,64.671,0.271,1.429,0.571,48.286,0.486,2.143,365.429,1.0,48.786,35.714,93.657,340.714,28.729,122.714,96.186,55.571,1.714,70.914,241.0,486.429,168.429,4.514,13.686,1.409,2021,48.5,0.14,3.03
Scott Miller,47481,WR,TB,9.0,16.6,0.0,56.5,50.0,1.0,2.0,0,0.0,0.0,0.1,5.0,30,0.0,80.0,73.3,63.3,,62.1,0.0,0.0,0.0,48.0,0.0,0.0,149.0,0.0,40.9,13.0,91.9,137.0,30.9,46.0,99.9,23.0,1.0,69.1,103.0,200.0,38.0,2.9,15.4,1.46,2019,102.5,0.23,2.85
Scott Miller,47481,WR,TB,16.333,16.267,2.0,61.367,33.3,2.333,6.667,1,3.4,1.333,0.127,17.0,30,0.0,71.933,76.767,66.567,,65.967,0.0,0.0,1.333,48.0,0.0,0.0,297.667,0.667,44.967,29.0,92.433,275.667,26.233,74.667,103.7,46.333,3.0,73.767,223.0,454.0,88.667,3.033,15.6,1.607,2020,19.1,0.14,2.73
Scott Miller,47481,WR,TB,15.571,14.4,1.429,59.157,35.7,3.857,10.857,0,3.857,1.143,0.009,11.857,30,0.0,72.429,75.986,60.3,,59.757,0.0,0.0,0.571,33.714,0.0,0.0,245.286,0.857,42.986,25.571,93.729,229.571,24.843,60.0,84.043,42.714,1.286,75.157,185.286,300.286,58.571,2.214,11.257,1.231,2022,39.1,0.15,3.55
Seth Roberts,9079,WR,OAK,15.0,10.0,1.0,66.2,21.4,3.0,14.0,0,8.5,4.0,0.02,22.0,23,2.0,54.6,23.6,54.0,,54.6,0.8,4.0,2.0,29.0,0.0,0.0,514.0,7.0,44.6,43.0,93.0,478.0,82.3,423.0,78.7,65.0,1.0,16.9,87.0,455.0,108.0,2.5,10.6,0.95,2017,106.9,0.19,2.23
Seth Roberts,9079,WR,OAK,15.0,9.2,4.333,72.067,60.0,5.0,11.333,0,7.033,3.333,-0.033,23.333,23,0.667,54.533,60.8,59.4,70.9,59.4,4.6,18.667,0.667,39.0,0.467,2.0,438.667,5.667,45.0,44.333,93.333,409.333,78.167,344.333,99.567,61.667,1.667,17.3,75.667,481.0,186.667,4.167,10.867,1.197,2018,60.1,0.11,2.86
Seth Roberts,9079,WR,BLT,16.143,10.286,3.571,67.4,71.4,5.0,8.857,2,7.586,2.571,0.197,20.857,3,0.286,58.514,68.971,61.743,,61.571,1.971,8.0,0.857,35.571,0.2,0.857,372.571,4.143,48.6,32.143,94.857,352.571,40.757,171.0,98.157,47.0,1.857,57.3,193.571,378.143,121.143,3.557,12.143,1.067,2019,7.1,0.08,1.77
Skyy Moore,97116,WR,KC,18.0,7.7,7.0,65.9,33.3,1.0,3.0,0,3.6,1.0,0.07,14.0,16,0.0,75.5,84.4,67.7,,67.6,0.9,2.0,3.0,30.0,0.0,0.0,224.0,0.0,53.8,27.0,92.9,208.0,48.7,109.0,61.7,41.0,1.0,50.0,112.0,267.0,169.0,6.3,9.9,1.28,2022,53.7,0.11,2.24
Skyy Moore,97116,WR,KC,15.333,8.767,5.0,60.833,25.0,1.0,3.667,0,4.2,1.0,0.083,13.333,16,0.0,73.7,45.667,59.1,,59.133,1.167,3.333,3.0,46.0,0.0,0.0,279.333,0.0,52.733,23.0,93.7,262.0,39.5,107.667,56.233,37.667,1.0,58.8,166.667,251.667,130.333,5.633,11.033,0.987,2023,0.0,0.0,
Stefon Diggs,9579,WR,MIN,16.0,11.3,9.0,68.4,64.3,18.0,28.0,1,6.0,5.0,0.15,52.0,18,0.0,79.5,83.2,82.6,,84.0,1.1,6.0,2.0,61.0,0.0,0.0,571.0,4.0,47.1,78.0,92.6,529.0,23.1,132.0,116.7,114.0,9.0,75.7,432.0,1056.0,380.0,4.9,13.5,2.0,2017,264.3,0.3,2.36
Stefon Diggs,9579,WR,MIN,15.333,10.3,11.0,71.0,64.0,16.667,26.0,0,2.667,2.333,0.05,50.0,18,0.0,87.3,84.067,81.6,66.3,82.0,0.7,4.0,2.0,70.333,0.133,0.667,608.333,4.0,46.9,94.0,94.133,573.0,22.567,137.333,110.833,132.0,9.0,76.367,464.667,1032.667,418.667,4.5,11.167,1.813,2018,218.3,0.28,3.21
Stefon Diggs,9579,WR,MIN,16.286,13.329,7.571,69.114,52.6,12.857,22.0,0,6.571,5.0,0.101,47.143,18,2.286,76.843,49.686,79.714,,79.486,0.3,1.714,3.714,67.857,0.057,0.286,558.429,4.0,46.157,78.571,93.429,522.143,18.871,106.857,111.386,113.143,7.857,80.557,448.286,1132.857,376.0,4.843,15.071,2.206,2019,328.6,0.34,2.57
Stefon Diggs,9579,WR,BUF,17.857,12.429,15.143,73.214,60.0,13.714,23.286,0,6.514,7.857,0.189,71.857,4,1.143,73.714,68.271,85.5,,85.514,0.071,0.429,2.857,61.0,0.029,0.143,692.143,5.143,52.057,117.714,93.529,647.286,25.786,186.857,115.014,158.714,9.0,73.957,503.571,1545.857,474.0,4.186,13.771,2.383,2020,285.5,0.29,2.77
Stefon Diggs,9579,WR,BUF,18.714,12.257,16.429,68.529,46.9,14.286,28.143,0,5.7,6.714,0.191,71.286,4,1.143,78.571,62.557,83.243,67.2,83.771,0.057,0.571,4.714,60.0,0.057,0.571,728.714,3.429,52.171,113.857,93.757,683.429,23.243,172.571,103.057,165.286,9.571,76.414,553.429,1438.286,398.857,3.557,12.971,2.12,2021,316.6,0.38,2.9
Stefon Diggs,9579,WR,BUF,18.429,12.214,16.429,70.4,46.2,13.286,27.571,2,6.171,8.0,0.2,77.0,4,0.857,74.186,65.0,86.943,,87.2,0.029,0.286,2.571,55.571,0.029,0.286,724.286,4.286,52.771,120.143,94.357,683.143,30.014,216.286,112.686,170.429,10.571,69.829,506.714,1534.571,426.286,3.529,12.8,2.253,2022,273.8,0.29,2.54
Stefon Diggs,9579,WR,BUF,18.714,11.343,14.714,67.986,41.9,13.0,29.714,0,6.286,7.857,0.179,68.0,4,2.143,76.371,48.843,82.229,,82.271,0.014,0.143,3.429,55.286,0.014,0.143,707.714,3.429,52.0,116.429,94.5,668.571,33.157,233.714,101.257,171.429,9.143,66.086,468.286,1353.143,436.857,3.729,11.614,2.029,2023,121.4,0.28,2.43
Stefon Diggs,9579,WR,HST,12.571,9.571,7.857,72.671,50.0,7.143,16.0,0,5.171,4.714,0.123,46.857,13,1.0,81.186,65.657,80.471,,80.829,0.0,0.0,1.857,51.286,0.0,0.0,465.0,2.714,47.343,77.286,94.129,438.286,45.257,192.571,105.686,109.143,5.571,53.2,266.429,867.714,301.143,3.929,11.014,1.934,2024,210.3,0.35,2.47
Sterling Shepard,10674,WR,NYG,11.0,8.9,5.0,71.1,63.6,14.0,22.0,0,6.3,4.0,0.01,36.0,21,1.0,69.8,45.8,70.7,,70.6,0.4,2.0,0.0,77.0,0.0,0.0,467.0,2.0,46.5,59.0,94.0,439.0,83.3,389.0,106.0,83.0,2.0,15.6,73.0,731.0,303.0,5.1,12.4,1.67,2017,180.5,0.19,2.62
Sterling Shepard,10674,WR,NYG,14.333,10.1,5.667,66.833,39.1,10.667,22.667,3,9.3,6.667,0.037,43.333,21,0.333,56.467,69.533,68.433,42.3,67.667,0.667,4.0,1.333,64.333,0.133,0.667,573.667,4.667,44.433,63.667,95.133,546.333,66.9,375.0,99.667,95.667,3.333,32.2,193.667,825.0,311.667,4.9,12.933,1.523,2018,139.8,0.23,2.22
Sterling Shepard,10674,WR,NYG,11.857,10.157,6.429,67.9,42.1,9.143,20.571,1,6.843,4.571,0.05,35.143,21,0.143,67.571,76.143,72.643,67.1,71.171,0.857,4.0,2.857,48.143,0.171,0.857,484.143,3.143,45.043,59.857,94.2,457.0,55.414,272.143,88.543,88.429,3.143,43.514,207.0,682.714,238.714,3.929,11.314,1.499,2019,160.5,0.29,2.23
Sterling Shepard,10674,WR,NYG,12.0,9.357,5.714,71.729,53.8,7.571,16.143,0,4.629,3.143,0.001,36.143,21,0.0,78.4,81.714,76.757,,75.914,0.857,3.571,2.0,35.143,0.086,0.429,434.429,2.571,43.886,63.429,93.929,408.571,40.157,180.857,95.157,88.571,3.143,58.986,249.714,664.0,214.286,3.371,10.429,1.641,2020,77.7,0.23,2.1
Sterling Shepard,10674,WR,NYG,8.857,8.429,5.286,70.043,72.7,7.714,12.714,0,8.514,3.857,-0.089,25.571,21,0.0,63.129,79.614,70.486,62.4,71.0,0.371,1.429,3.143,34.571,0.257,0.714,307.286,2.0,40.214,47.571,93.614,287.714,57.543,162.429,76.286,67.286,1.857,42.086,143.286,478.857,152.0,3.229,10.1,1.666,2021,34.4,0.21,2.65
Sterling Shepard,10674,WR,NYG,5.429,9.543,2.714,65.486,40.0,4.429,7.857,0,11.5,2.857,-0.18,13.0,21,0.0,53.4,75.329,63.257,,64.571,0.629,1.0,1.286,51.857,0.114,0.286,185.571,1.429,37.657,27.143,92.529,172.571,43.429,86.714,89.614,39.714,1.286,55.957,97.857,286.286,92.571,3.671,11.071,1.619,2022,22.3,0.16,2.03
Sterling Shepard,10674,WR,NYG,9.286,8.271,1.0,54.586,0.0,1.714,5.857,0,18.743,3.0,-0.413,6.143,21,0.0,37.529,75.4,54.571,,56.671,0.829,0.857,1.143,31.286,0.057,0.143,120.0,0.571,31.629,14.571,92.6,111.286,37.071,51.429,66.243,25.571,1.0,62.043,67.714,128.857,50.571,3.5,8.086,1.043,2023,78.3,0.15,1.96
Sterling Shepard,10674,WR,TB,12.714,9.171,1.857,59.757,81.8,5.429,8.429,0,14.843,3.429,-0.076,10.857,30,0.0,44.814,77.043,53.986,62.3,56.186,0.414,0.429,0.286,30.143,0.171,0.571,268.286,3.571,42.0,23.0,92.529,248.429,40.871,122.0,81.071,37.0,1.0,58.514,145.286,229.143,70.571,3.171,9.257,0.929,2024,84.0,0.17,1.95
Steven Sims,48341,WR,WAS,15.0,7.7,1.0,65.4,28.6,2.0,7.0,0,10.5,4.0,-0.11,18.0,32,0.0,53.4,35.1,63.6,,64.7,0.0,0.0,1.0,65.0,0.0,0.0,229.0,1.0,41.1,34.0,93.0,213.0,77.3,177.0,99.0,52.0,4.0,22.7,52.0,310.0,170.0,5.0,9.1,1.46,2019,61.3,0.16,2.19
Steven Sims,48341,WR,WAS,13.667,7.3,1.0,71.8,66.7,2.0,4.333,0,13.033,4.667,-0.09,16.0,32,0.667,45.267,34.9,59.6,,59.7,0.2,0.667,1.0,41.667,0.0,0.0,287.667,0.333,41.567,31.333,94.933,273.667,81.7,236.333,100.933,44.0,2.667,18.1,50.667,302.0,142.0,4.533,9.633,1.14,2020,0.0,0.0,
Steven Sims,48341,WR,PIT,12.714,6.214,0.429,67.114,33.3,1.429,3.571,0,5.586,2.0,-0.021,9.714,25,0.286,65.457,65.586,56.971,,56.1,0.829,1.429,0.429,33.857,0.0,0.0,213.571,0.714,43.186,21.429,95.314,203.571,76.957,167.571,86.0,31.429,1.143,22.214,44.571,188.857,96.857,4.514,8.357,0.883,2022,5.6,0.56,1.4
TJ Jones,8824,WR,DET,14.0,11.8,0.0,66.7,42.9,3.0,7.0,0,9.1,3.0,0.17,22.0,11,0.0,59.0,80.6,74.4,,73.2,0.0,0.0,0.0,34.0,0.0,0.0,287.0,0.0,46.3,30.0,94.1,270.0,32.4,93.0,102.0,45.0,1.0,67.6,194.0,399.0,73.0,2.4,13.3,1.48,2017,50.0,0.11,2.63
TJ Jones,8824,WR,DET,14.667,10.867,1.333,72.9,50.0,1.667,3.667,1,3.033,1.0,0.023,14.0,11,0.0,75.4,81.067,58.4,,58.2,0.0,0.0,1.333,28.667,0.0,0.0,326.333,1.333,43.5,22.667,93.233,304.0,41.067,135.667,94.267,31.667,1.667,58.933,190.667,259.667,53.667,2.333,11.1,0.887,2018,12.8,0.27,4.27
TY Hilton,7092,WR,IND,16.0,13.7,2.0,55.9,25.0,6.0,24.0,1,6.6,4.0,-0.07,37.0,14,2.0,69.0,25.5,68.9,,69.2,0.0,0.0,4.0,80.0,0.0,0.0,585.0,5.0,40.7,57.0,94.9,555.0,36.6,214.0,84.8,102.0,4.0,63.4,371.0,966.0,295.0,5.2,16.9,1.74,2017,239.0,0.31,3.14
TY Hilton,7092,WR,IND,16.0,12.433,6.0,61.9,45.7,12.667,31.333,1,5.2,4.0,0.11,53.0,14,0.667,77.333,63.767,81.367,,81.067,0.0,0.0,3.333,72.0,0.0,0.0,603.0,3.0,49.033,75.667,94.033,567.0,30.6,184.0,101.2,121.333,6.0,69.267,418.333,1265.333,411.0,5.4,16.7,2.227,2018,125.1,0.26,2.78
TY Hilton,7092,WR,IND,12.571,11.271,4.286,64.929,30.8,7.714,20.857,2,4.686,2.857,0.053,36.429,14,0.286,76.857,72.243,77.786,,77.829,0.0,0.0,2.0,50.857,0.0,0.0,428.714,3.571,47.529,58.143,93.214,400.714,29.4,127.429,105.029,90.286,5.429,70.543,301.0,828.571,301.857,5.114,13.5,1.994,2019,162.2,0.24,2.9
TY Hilton,7092,WR,IND,14.286,12.371,4.286,62.643,36.4,8.0,21.286,0,6.386,4.0,0.146,40.143,14,0.0,70.014,80.243,77.343,,76.943,0.0,0.0,2.429,48.286,0.0,0.0,460.571,1.429,49.771,58.143,93.371,430.429,22.543,101.0,98.057,93.286,5.286,77.429,359.429,799.0,248.714,4.243,13.371,1.833,2020,74.1,0.22,3.22
TY Hilton,7092,WR,IND,11.714,13.0,2.714,62.229,44.4,5.143,13.286,0,2.871,1.714,0.121,24.286,14,0.0,77.7,77.114,72.471,,71.857,0.0,0.0,1.0,49.0,0.0,0.0,322.571,0.571,47.486,36.143,93.543,301.714,20.557,65.286,108.757,58.429,3.857,79.443,257.286,487.571,128.571,3.386,13.729,1.586,2021,19.1,0.32,2.73
Tajae Sharpe,10774,WR,TEN,16.0,11.9,1.0,56.5,44.4,4.0,9.0,0,7.1,2.0,0.0,22.0,31,0.0,64.3,76.0,61.7,67.6,61.6,0.0,0.0,3.0,28.0,0.6,2.0,351.0,3.0,44.5,26.0,93.4,328.0,49.0,172.0,65.1,46.0,2.0,51.0,179.0,316.0,80.0,3.1,12.2,0.96,2018,81.9,0.19,3.28
Tajae Sharpe,10774,WR,TEN,17.333,13.9,0.333,64.433,50.0,4.0,8.333,0,2.367,0.667,0.107,21.333,31,0.0,78.833,75.8,68.767,71.3,68.733,0.0,0.0,1.667,40.667,0.667,2.0,303.667,1.667,47.033,26.0,93.267,283.333,36.6,114.0,101.7,40.667,3.333,63.4,189.667,328.667,68.0,2.633,12.667,1.173,2019,0.0,0.0,
Tank Dell,78874,WR,HST,11.0,14.4,3.0,63.5,60.0,6.0,10.0,0,7.8,4.0,0.18,33.0,13,0.0,64.5,85.5,83.4,,83.3,0.0,0.0,2.0,68.0,0.0,0.0,338.0,1.0,49.5,47.0,94.7,320.0,28.7,97.0,115.2,74.0,7.0,70.1,237.0,709.0,145.0,3.1,15.1,2.22,2023,140.0,0.22,2.33
Tavon Austin,7789,WR,LA,16.0,2.9,6.0,61.9,100.0,1.0,1.0,0,7.1,1.0,-0.01,2.0,26,1.0,63.2,69.6,63.1,,55.4,0.0,0.0,0.0,13.0,0.0,0.0,81.0,0.0,39.0,13.0,95.1,77.0,54.3,44.0,66.2,21.0,0.0,33.3,27.0,47.0,81.0,6.2,3.6,0.61,2017,39.5,0.34,2.82
Tavon Austin,7789,WR,DAL,14.667,10.3,2.0,58.3,28.6,1.667,5.0,0,2.367,0.333,0.07,6.0,9,0.333,74.8,53.067,60.967,65.3,60.067,0.0,0.0,0.667,43.667,0.4,0.667,137.0,2.0,46.333,13.0,92.7,126.333,37.5,46.667,73.8,22.333,0.667,58.367,87.0,133.667,82.333,6.333,10.267,0.983,2019,7.0,0.23,1.4
Taylor Gabriel,9002,WR,ATL,18.0,9.5,5.0,68.6,44.4,4.0,9.0,0,2.8,1.0,0.09,17.0,2,0.0,80.4,79.2,63.7,,64.0,0.0,0.0,1.0,40.0,0.0,0.0,381.0,1.0,47.2,35.0,95.0,362.0,15.2,58.0,88.8,51.0,1.0,84.8,323.0,382.0,232.0,6.6,10.9,1.06,2017,153.9,0.19,2.02
Taylor Gabriel,9002,WR,CHI,17.333,10.433,5.667,70.667,50.0,6.667,13.667,2,2.733,1.667,0.13,28.333,6,0.667,81.667,62.467,67.1,65.3,67.667,0.6,3.333,1.667,49.333,0.133,0.667,497.667,3.0,49.133,59.0,94.0,467.333,20.4,104.667,90.067,83.0,1.667,78.533,387.0,610.667,234.0,4.4,10.433,1.28,2018,90.3,0.2,2.82
Taywan Taylor,11827,WR,TEN,18.0,13.1,1.0,60.0,14.3,1.0,7.0,0,5.3,1.0,-0.26,9.0,31,0.0,69.0,76.7,55.9,,56.9,0.0,0.0,1.0,53.0,0.0,0.0,193.0,1.0,38.9,18.0,95.9,185.0,60.6,117.0,82.6,30.0,1.0,37.3,72.0,240.0,62.0,3.4,13.3,1.3,2017,89.6,0.2,2.42
Taywan Taylor,11827,WR,TEN,14.667,13.433,3.667,64.867,37.5,2.333,7.667,0,9.7,3.667,-0.127,15.667,31,0.667,55.067,45.1,65.3,,64.567,0.0,0.0,1.0,54.333,0.0,0.0,243.0,1.0,43.767,30.667,93.9,227.667,31.667,69.667,88.8,46.667,1.0,67.433,171.333,390.667,137.333,4.267,12.833,1.68,2018,0.0,0.0,
Ted Ginn,3625,WR,NO,17.0,13.2,3.0,75.6,44.4,8.0,18.0,0,4.4,3.0,0.27,38.0,20,0.0,79.5,63.7,71.9,66.1,72.9,0.2,1.0,2.0,80.0,0.2,1.0,500.0,3.0,52.4,65.0,95.6,478.0,32.2,161.0,121.9,86.0,5.0,67.4,337.0,974.0,348.0,5.4,15.0,2.04,2017,52.5,0.27,2.63
Ted Ginn,3625,WR,NO,10.333,15.733,1.667,61.733,20.0,3.333,9.333,0,9.133,3.0,0.217,22.0,20,1.333,61.633,39.9,67.833,,68.5,0.067,0.333,2.0,55.333,0.067,0.333,308.0,2.333,53.8,37.0,94.133,291.333,35.6,106.333,90.367,56.667,3.0,64.267,201.0,532.0,153.333,3.4,14.0,1.727,2018,85.9,0.14,2.6
Ted Ginn,3625,WR,NO,14.143,16.457,0.714,58.686,10.0,2.0,9.714,0,10.429,3.571,0.196,21.429,20,0.571,55.329,61.786,61.471,,61.757,0.143,0.714,2.0,49.429,0.029,0.143,414.286,1.0,52.143,33.571,94.0,390.0,27.771,107.286,84.043,55.714,2.429,72.057,306.143,478.857,93.143,2.314,14.114,1.283,2019,7.0,0.11,2.33
Tee Higgins,61211,WR,CIN,16.0,12.9,6.0,63.8,34.3,12.0,35.0,1,6.9,5.0,0.01,52.0,7,1.0,63.7,50.5,75.9,79.6,79.0,0.4,2.0,1.0,67.0,0.9,5.0,527.0,6.0,44.9,67.0,94.1,496.0,27.5,145.0,106.4,105.0,6.0,72.1,380.0,908.0,304.0,4.5,13.6,1.83,2020,219.1,0.31,2.96
Tee Higgins,61211,WR,CIN,17.333,12.433,10.0,66.333,41.9,16.0,40.333,0,7.633,7.0,0.077,61.333,7,1.0,63.567,53.833,80.9,62.2,81.533,0.333,2.0,1.667,72.333,0.367,2.333,626.333,3.333,46.1,83.667,94.767,594.0,23.167,143.0,112.0,125.667,7.333,76.5,481.333,1236.0,384.667,4.567,14.667,2.063,2021,218.9,0.29,2.96
Tee Higgins,61211,WR,CIN,18.286,12.186,9.429,68.2,57.6,17.714,36.143,0,5.786,5.286,0.107,57.143,7,0.429,73.986,70.329,79.471,22.3,79.971,0.314,2.0,2.429,64.714,0.157,1.0,663.857,2.571,48.957,85.571,94.729,628.857,20.1,131.571,111.2,125.286,7.714,79.586,530.286,1202.286,342.0,4.014,14.0,1.913,2022,137.6,0.24,3.28
Tee Higgins,61211,WR,CIN,14.857,12.657,6.571,62.0,34.8,12.571,28.714,1,9.543,5.714,0.013,43.714,7,0.143,58.671,76.414,75.514,65.7,74.857,0.243,1.429,1.714,73.286,0.129,0.714,533.714,2.571,46.471,62.0,94.643,505.286,18.029,97.143,106.971,97.429,6.286,81.671,435.143,911.143,283.571,4.886,14.943,1.774,2023,224.1,0.35,3.07
Tee Higgins,61211,WR,CIN,13.0,11.857,10.429,66.286,46.7,13.0,28.429,0,5.743,3.429,0.119,44.571,7,0.571,74.686,61.957,82.2,,81.971,0.214,1.143,1.286,55.286,0.057,0.286,490.571,2.857,52.129,66.143,93.957,461.0,18.943,92.714,116.771,98.429,8.286,80.814,396.714,876.143,239.429,3.886,13.529,1.903,2024,209.6,0.27,3.55
Terrace Marshall,84271,WR,CAR,13.0,6.7,1.0,58.6,0.0,0.0,1.0,1,10.5,2.0,-0.27,7.0,5,0.0,55.6,73.9,53.3,,52.9,0.3,1.0,2.0,23.0,0.0,0.0,291.0,2.0,43.0,17.0,95.2,277.0,60.8,177.0,42.0,29.0,0.0,38.8,113.0,138.0,65.0,3.8,8.1,0.5,2021,83.0,0.13,2.96
Terrace Marshall,84271,WR,CAR,13.667,10.7,3.0,59.267,36.8,4.667,13.0,0,7.967,2.0,-0.11,17.667,5,1.333,62.4,42.433,62.9,,62.1,0.3,1.0,0.667,36.333,0.0,0.0,326.333,0.667,41.733,24.333,94.933,309.667,26.267,79.667,82.2,41.0,0.667,73.4,245.667,372.667,117.0,4.667,14.367,1.167,2022,32.9,0.1,1.73
Terrace Marshall,84271,WR,CAR,11.0,9.1,1.286,61.571,40.0,3.143,8.429,0,8.843,2.0,-0.19,12.143,5,1.143,59.943,32.071,58.271,,58.957,0.129,0.429,0.857,23.571,0.0,0.0,270.714,0.857,38.971,21.286,94.857,256.714,27.486,71.286,69.686,34.714,0.286,72.371,199.0,239.143,77.571,3.429,10.329,0.866,2023,7.1,0.05,2.37
Terrance Williams,7855,WR,DAL,16.0,9.3,4.0,70.7,47.1,8.0,17.0,0,8.6,5.0,-0.02,32.0,9,0.0,48.0,80.1,65.3,,63.3,2.6,12.0,4.0,56.0,0.0,0.0,461.0,2.0,43.7,53.0,90.9,419.0,8.5,39.0,70.3,75.0,0.0,88.9,410.0,568.0,237.0,4.5,10.7,1.36,2017,3.8,0.1,1.9
Terrelle Pryor Sr,6944,WR,WAS,9.0,11.8,1.0,57.1,16.7,1.0,6.0,0,16.7,4.0,0.11,15.0,32,0.0,29.6,74.6,57.9,,57.4,0.0,0.0,0.0,44.0,0.0,0.0,247.0,1.0,47.5,20.0,95.5,236.0,16.2,40.0,87.8,35.0,1.0,83.8,207.0,240.0,61.0,3.1,12.0,1.02,2017,53.1,0.19,3.12
Terry McLaurin,48229,WR,WAS,14.0,14.6,7.0,63.7,60.0,15.0,25.0,0,10.8,7.0,-0.07,43.0,32,0.0,51.9,80.4,85.7,,86.5,0.0,0.0,1.0,75.0,0.0,0.0,485.0,1.0,45.7,58.0,92.6,449.0,23.5,114.0,118.3,91.0,7.0,76.5,371.0,919.0,222.0,3.8,15.8,2.05,2019,225.8,0.24,2.54
Terry McLaurin,48229,WR,WAS,15.333,11.467,11.667,67.167,47.8,12.333,23.667,0,5.667,4.333,-0.077,51.667,32,0.667,76.7,64.667,80.9,,80.567,0.0,0.0,3.0,70.333,0.0,0.0,614.333,2.333,44.433,81.333,94.6,582.333,28.633,179.333,101.967,120.333,5.0,71.233,434.333,1101.667,407.333,4.867,13.8,1.91,2020,213.5,0.21,2.74
Terry McLaurin,48229,WR,WAS,16.286,12.857,9.0,63.7,53.2,19.571,37.0,0,3.857,3.0,-0.061,49.0,32,0.286,83.671,74.571,79.414,,79.271,0.0,0.0,3.571,56.429,0.0,0.0,618.143,2.143,44.643,78.857,94.086,582.143,27.929,174.0,93.871,123.571,5.0,72.014,443.857,1073.857,353.429,4.429,13.743,1.853,2021,229.0,0.22,2.73
Terry McLaurin,48229,WR,WAS,16.857,12.871,10.286,65.586,65.4,18.429,31.571,0,3.329,2.714,-0.066,53.429,32,0.143,85.443,61.657,79.243,,80.886,0.0,0.0,2.857,52.571,0.0,0.0,629.286,2.143,43.971,79.286,94.086,592.143,24.229,153.143,100.371,121.0,4.857,75.629,475.429,1151.857,387.143,4.857,14.6,1.946,2022,203.2,0.22,2.57
Terry McLaurin,48229,WR,WAS,17.0,12.7,8.143,63.129,50.0,15.857,29.0,0,4.186,3.429,-0.107,49.571,32,0.0,84.529,73.686,76.929,,77.471,0.057,0.571,3.429,48.857,0.0,0.0,652.429,0.857,44.114,78.143,94.557,617.143,18.571,120.286,91.2,124.0,4.429,81.257,531.286,1063.286,361.286,4.614,13.643,1.733,2023,269.8,0.29,3.21
Terry McLaurin,48229,WR,WAS,18.714,13.071,9.286,67.543,65.8,20.429,32.857,0,4.771,4.429,0.053,59.143,32,0.0,81.743,63.786,79.786,67.0,81.6,0.029,0.286,2.571,70.286,0.171,1.143,691.571,0.857,48.514,88.429,94.071,650.429,16.071,110.857,116.186,130.714,11.0,83.843,580.286,1212.429,399.429,4.529,13.729,1.863,2024,114.2,0.26,3.01
Tim Patrick,12087,WR,DEN,16.0,10.8,3.0,57.5,28.6,2.0,7.0,2,14.8,4.0,0.02,14.0,10,2.0,41.4,26.6,60.2,62.0,60.0,3.8,10.0,1.0,26.0,0.4,1.0,263.0,3.0,43.1,23.0,93.2,245.0,30.0,79.0,80.7,40.0,1.0,65.4,172.0,315.0,113.0,4.9,13.7,1.29,2018,37.8,0.13,2.36
Tim Patrick,12087,WR,DEN,10.667,10.733,1.667,54.7,66.7,3.333,6.333,0,8.867,2.0,-0.033,14.0,10,0.667,58.933,58.333,64.533,72.2,63.933,2.267,5.333,1.0,34.0,0.467,1.0,223.0,1.667,41.367,18.333,91.8,205.0,28.733,64.333,68.833,33.333,0.333,68.733,152.667,250.333,64.333,3.3,13.633,1.217,2019,161.2,0.21,3.16
Tim Patrick,12087,WR,DEN,13.143,12.086,2.429,62.814,66.7,7.143,11.286,2,3.8,0.857,-0.123,24.857,10,0.286,74.914,70.429,70.229,65.6,70.6,1.714,5.714,2.143,49.429,0.314,1.0,356.143,3.0,40.129,37.0,93.629,335.286,23.229,77.286,93.157,56.571,3.571,74.829,272.286,531.286,164.143,4.1,14.129,1.499,2020,156.4,0.18,2.95
Tim Patrick,12087,WR,DET,15.143,11.9,3.857,66.957,25.0,4.0,7.429,0,2.5,0.714,0.131,23.429,11,0.0,80.157,77.486,68.986,67.3,68.557,0.586,2.143,3.857,46.857,0.414,1.571,371.286,1.286,49.1,36.286,95.757,356.429,22.386,81.0,84.3,53.429,3.429,76.971,287.857,480.857,164.857,4.386,13.057,1.314,2024,51.7,0.15,3.45
Torrey Smith,6210,WR,PHI,19.0,13.3,1.0,59.8,44.4,8.0,18.0,0,12.5,7.0,0.17,19.0,24,0.0,43.3,79.5,56.7,65.9,56.8,0.2,1.0,1.0,59.0,0.2,1.0,542.0,1.0,46.2,49.0,94.5,512.0,17.2,93.0,88.8,82.0,3.0,82.7,448.0,587.0,189.0,3.9,12.0,1.15,2017,48.0,0.15,2.82
Travis Benjamin,7100,WR,LAC,16.0,16.3,6.0,54.0,27.3,3.0,11.0,0,10.5,4.0,0.27,20.0,27,0.0,53.7,88.7,66.8,,66.5,0.0,0.0,4.0,62.0,0.0,0.0,401.0,0.0,50.7,34.0,94.5,379.0,36.4,146.0,79.3,63.0,4.0,63.3,254.0,567.0,215.0,6.3,16.7,1.5,2017,40.7,0.15,2.14
Travis Benjamin,7100,WR,LAC,14.667,17.633,4.0,53.733,50.0,2.333,6.333,0,11.367,2.667,0.13,12.667,27,0.0,52.033,83.233,63.133,,63.1,0.0,0.0,2.667,51.333,0.0,0.0,279.667,0.0,49.567,21.333,94.233,263.667,41.333,112.667,65.233,39.667,2.0,58.567,166.667,320.333,129.667,5.967,14.3,1.14,2018,9.0,0.05,1.5
Travis Fulgham,48023,WR,PHI,13.0,13.8,4.0,59.4,35.3,6.0,17.0,0,11.6,5.0,-0.16,26.0,24,0.0,56.2,77.7,71.2,66.0,70.9,0.5,2.0,1.0,42.0,0.3,1.0,387.0,1.0,40.2,38.0,93.0,360.0,17.3,67.0,101.0,64.0,4.0,82.2,318.0,539.0,108.0,2.8,14.2,1.5,2020,0.0,0.0,
Tre Tucker,101106,WR,LV,16.0,19.2,1.0,55.9,33.3,1.0,3.0,0,5.0,1.0,-0.08,12.0,23,0.0,69.6,77.4,65.2,,64.3,0.0,0.0,2.0,50.0,0.0,0.0,236.0,1.0,44.6,19.0,94.9,224.0,38.1,90.0,84.3,34.0,2.0,61.4,145.0,331.0,27.0,1.4,17.4,1.48,2023,129.3,0.13,2.31
Tre Tucker,101106,WR,LV,16.667,14.667,3.0,58.833,53.3,5.667,11.0,0,4.4,1.667,-0.08,20.0,23,0.0,75.667,81.6,60.067,66.2,60.1,0.0,0.0,1.333,55.333,0.067,0.667,534.0,1.0,44.6,37.667,94.1,501.333,29.167,142.667,87.167,63.333,2.667,70.667,391.0,469.667,148.333,3.4,13.467,1.053,2024,161.7,0.17,2.38
Tre'Quan Smith,48228,WR,NO,17.0,13.0,3.0,63.8,63.6,7.0,11.0,0,6.3,2.0,0.27,24.0,20,0.0,67.3,76.7,67.9,66.1,67.7,0.3,1.0,1.0,62.0,0.3,1.0,380.0,2.0,55.2,30.0,94.2,358.0,31.1,118.0,121.9,47.0,5.0,68.7,261.0,452.0,113.0,3.8,15.1,1.26,2018,71.4,0.16,3.97
Tre'Quan Smith,48228,WR,NO,13.667,11.2,5.667,67.4,42.9,4.333,8.333,0,5.633,1.333,0.203,19.333,20,0.0,69.033,74.967,64.833,76.5,62.767,1.1,3.667,1.0,42.0,0.7,2.333,352.667,2.667,53.533,22.0,93.133,328.667,50.9,176.667,121.167,33.0,5.0,47.9,171.667,306.667,113.0,5.467,13.7,0.92,2019,103.1,0.15,2.95
Tre'Quan Smith,48228,WR,NO,14.429,10.629,7.0,70.314,57.1,4.143,7.571,0,8.014,2.857,0.156,22.571,20,0.571,61.071,48.757,63.157,76.7,62.214,0.757,2.714,0.429,50.0,1.214,5.0,402.0,2.857,51.114,30.571,93.686,376.857,53.3,214.0,134.957,43.286,5.571,45.9,185.0,436.0,137.571,4.743,14.1,1.131,2020,87.7,0.17,2.74
Tre'Quan Smith,48228,WR,NO,12.286,10.1,5.571,67.171,30.0,3.286,8.714,0,5.271,1.857,0.053,19.857,20,0.857,70.814,34.9,62.557,,61.7,1.043,3.571,0.714,40.0,0.586,2.429,358.429,3.0,46.014,31.429,93.543,335.429,54.143,194.571,115.057,46.857,4.143,44.729,160.143,401.143,125.857,4.157,12.714,1.19,2021,52.8,0.13,2.78
Tre'Quan Smith,48228,WR,NO,13.286,11.743,4.0,70.414,66.7,3.714,7.286,0,5.114,1.429,-0.043,16.714,20,0.429,70.7,54.671,66.186,66.2,66.029,0.7,2.0,1.429,45.143,0.514,1.571,263.571,1.286,45.757,25.286,93.7,247.0,58.214,150.0,99.357,36.429,2.286,41.057,111.571,342.714,90.286,3.514,13.771,1.433,2022,0.0,0.0,
Trent Sherfield,48021,WR,ARZ,8.0,11.0,1.0,70.4,57.1,4.0,7.0,0,5.0,1.0,-0.32,11.0,1,0.0,69.6,74.1,58.1,66.2,56.2,0.4,1.0,2.0,21.0,0.4,1.0,233.0,1.0,35.6,19.0,96.1,224.0,27.9,65.0,74.6,27.0,1.0,71.7,167.0,210.0,37.0,1.9,11.1,0.94,2018,12.0,0.05,3.0
Trent Sherfield,48021,WR,MIA,14.667,11.6,1.0,63.467,62.5,4.667,7.667,0,3.8,1.0,-0.087,15.667,17,0.0,75.467,75.9,60.367,69.0,58.333,0.133,0.333,2.667,57.0,0.267,1.0,385.0,2.333,41.467,26.333,95.367,366.667,43.3,178.333,75.0,42.333,1.667,56.3,205.0,348.0,107.0,3.767,12.967,0.947,2022,25.6,0.07,2.33
Trent Sherfield,48021,WR,BUF,16.571,11.886,1.571,53.6,28.6,3.143,7.286,0,6.029,1.0,0.094,9.571,4,0.0,67.657,73.614,55.071,65.4,55.171,0.057,0.143,1.714,31.286,0.343,1.0,305.571,1.571,50.571,18.143,95.214,290.857,38.329,125.0,61.971,33.0,1.286,61.271,179.286,202.286,74.429,4.014,10.014,0.634,2023,22.3,0.12,2.79
Trent Taylor,11932,WR,SF,15.0,6.9,4.0,72.9,66.7,8.0,12.0,0,8.5,4.0,-0.01,28.0,28,0.0,61.2,32.2,68.4,69.6,66.6,0.0,0.0,3.0,33.0,0.5,2.0,384.0,2.0,42.4,43.0,94.3,362.0,76.6,294.0,83.3,59.0,2.0,22.1,85.0,430.0,190.0,4.4,10.0,1.19,2017,53.5,0.17,2.06
Trent Taylor,11932,WR,SF,11.667,6.233,1.333,57.633,20.0,3.333,7.333,0,2.833,1.333,0.01,12.667,28,0.0,72.4,66.0,58.733,73.8,58.533,0.0,0.0,1.667,30.333,1.033,2.0,230.667,1.333,48.133,21.0,93.367,216.0,68.8,164.667,54.967,33.0,0.667,30.767,64.333,200.667,94.0,4.533,9.067,0.797,2020,6.1,0.18,3.05
Trenton Irwin,48080,WR,CIN,12.0,11.6,2.0,65.4,57.1,4.0,7.0,1,5.6,1.0,0.08,13.0,7,0.0,67.7,75.2,63.6,,64.9,0.0,0.0,0.0,45.0,0.0,0.0,258.0,1.0,51.3,17.0,93.0,240.0,41.5,107.0,136.2,26.0,4.0,58.5,151.0,250.0,64.0,3.8,14.7,1.04,2022,62.6,0.15,2.5
Trenton Irwin,48080,WR,CIN,14.667,10.933,1.333,72.333,50.0,2.667,5.0,0,1.867,0.333,0.013,14.333,7,0.667,79.967,41.267,59.2,59.1,62.167,0.733,2.0,1.333,36.333,0.467,1.333,272.0,0.333,49.433,22.333,93.6,254.667,36.767,99.667,105.4,30.667,2.0,62.5,170.333,294.0,96.667,4.267,13.3,1.153,2023,4.5,0.04,1.5
Trey Palmer,99248,WR,TB,19.0,11.1,3.0,60.0,33.3,6.0,18.0,0,6.7,3.0,0.08,19.0,30,3.0,67.4,19.7,53.3,,54.8,0.2,1.0,1.0,56.0,0.0,0.0,538.0,5.0,44.6,42.0,92.9,500.0,55.4,298.0,93.3,70.0,4.0,44.2,238.0,473.0,173.0,4.1,11.3,0.95,2023,35.2,0.12,2.93
Trey Quinn,38276,WR,WAS,12.0,7.0,2.0,59.1,28.6,2.0,7.0,0,3.7,1.0,-0.13,10.0,32,1.0,75.5,46.8,54.1,68.2,52.8,0.3,1.0,2.0,19.0,0.6,2.0,315.0,1.0,45.5,26.0,93.7,295.0,77.8,245.0,58.4,44.0,1.0,21.9,69.0,195.0,63.0,2.4,7.5,0.66,2019,0.0,0.0,
Treylon Burks,99218,WR,TEN,11.0,12.4,4.0,62.3,58.3,7.0,12.0,1,2.9,1.0,0.0,19.0,31,0.0,79.6,78.1,74.1,,73.9,0.4,1.0,4.0,51.0,0.0,0.0,265.0,5.0,46.5,33.0,95.8,254.0,20.8,55.0,70.0,53.0,2.0,78.9,209.0,444.0,177.0,5.4,13.5,1.75,2022,39.9,0.09,1.9
Treylon Burks,99218,WR,TEN,11.0,15.933,2.0,57.567,28.6,3.667,8.667,2,14.3,3.0,-0.073,11.667,31,0.0,47.8,76.5,59.633,74.6,59.7,0.133,0.333,1.333,63.667,0.467,1.333,279.667,4.333,39.767,21.667,93.733,262.0,27.6,77.667,76.533,37.0,0.667,72.033,201.0,295.333,107.0,4.8,13.7,1.137,2023,7.5,0.05,1.25
Troy Franklin,146567,WR,DEN,17.0,14.5,3.0,57.7,16.7,1.0,6.0,1,11.8,4.0,0.03,13.0,10,0.0,49.6,77.2,54.3,,55.8,0.0,0.0,1.0,43.0,0.0,0.0,297.0,4.0,44.8,30.0,93.9,279.0,33.0,98.0,86.8,52.0,3.0,67.0,199.0,317.0,159.0,5.3,10.6,1.14,2024,173.1,0.26,2.47
Tutu Atwell,77965,WR,LA,13.0,17.9,2.0,51.4,57.1,4.0,7.0,0,5.3,1.0,-0.1,11.0,26,0.0,68.7,77.0,70.1,,70.2,0.5,1.0,1.0,62.0,0.0,0.0,186.0,0.0,43.3,18.0,95.7,178.0,54.3,101.0,78.0,35.0,1.0,44.6,83.0,298.0,66.0,3.7,16.6,1.67,2022,108.4,0.16,2.46
Tutu Atwell,77965,WR,LA,15.667,13.7,1.333,56.933,45.5,4.667,9.667,0,6.433,2.333,0.0,21.667,26,0.0,67.433,78.733,68.9,,67.8,0.167,0.333,1.667,50.0,0.0,0.0,356.0,0.0,45.5,32.667,93.567,331.333,47.1,161.667,87.133,56.333,3.0,52.533,193.667,446.667,108.667,3.433,14.2,1.41,2023,98.9,0.23,2.25
Tutu Atwell,77965,WR,LA,17.0,12.843,1.143,64.057,25.0,3.143,8.714,0,6.471,2.714,0.0,26.429,26,0.0,67.414,78.943,71.071,,71.286,0.071,0.143,1.857,50.0,0.0,0.0,310.857,0.571,48.3,38.571,93.529,290.0,40.814,126.429,86.143,59.571,1.286,59.029,184.143,522.857,117.429,3.129,13.8,1.884,2024,31.2,0.17,5.2
Tyler Boyd,10689,WR,CIN,10.0,6.9,1.0,71.0,75.0,3.0,4.0,0,12.0,3.0,0.04,14.0,7,0.0,49.3,74.9,62.0,,61.5,0.5,1.0,1.0,49.0,0.0,0.0,219.0,0.0,43.5,22.0,94.5,207.0,87.2,191.0,99.5,31.0,2.0,12.3,27.0,225.0,93.0,4.2,10.2,1.09,2017,221.1,0.29,2.83
Tyler Boyd,10689,WR,CIN,12.667,8.7,4.333,72.867,43.8,5.667,12.0,1,6.533,3.0,0.067,40.667,7,0.0,72.433,79.833,77.0,,77.633,1.167,5.667,0.333,49.0,0.0,0.0,431.667,1.333,46.3,58.0,93.433,402.333,77.867,326.333,118.367,79.0,5.333,20.433,97.0,760.333,312.333,5.133,12.4,1.737,2018,226.9,0.23,2.41
Tyler Boyd,10689,WR,CIN,14.571,9.214,7.571,67.457,43.8,10.429,23.429,0,6.914,5.286,-0.051,46.571,7,1.143,69.386,51.357,74.714,65.3,74.529,0.671,3.571,3.571,47.857,0.057,0.571,570.714,1.143,43.157,76.286,93.7,534.714,70.171,388.429,96.271,115.0,5.143,28.929,177.571,923.571,338.429,4.486,11.943,1.687,2019,192.0,0.26,2.29
Tyler Boyd,10689,WR,CIN,15.143,9.143,7.143,70.429,42.9,8.429,19.429,2,4.029,3.571,-0.063,46.857,7,1.143,82.314,51.071,76.243,62.2,76.014,0.529,2.857,4.0,61.571,0.143,0.857,576.571,2.286,43.157,81.714,94.5,544.571,76.971,438.857,93.829,117.0,4.714,22.443,134.286,926.286,365.429,4.514,11.3,1.709,2020,182.0,0.23,2.64
Tyler Boyd,10689,WR,CIN,18.0,8.229,8.286,74.571,70.6,10.571,18.286,0,2.429,2.143,0.049,44.714,7,1.143,86.643,51.086,72.543,68.6,72.114,0.157,0.857,4.286,66.143,0.3,2.143,660.714,2.143,45.543,82.286,94.5,624.0,84.229,557.571,98.986,111.143,5.286,15.643,102.286,925.714,401.143,4.886,11.2,1.496,2021,164.2,0.21,2.83
Tyler Boyd,10689,WR,CIN,18.714,9.257,5.143,74.814,66.7,11.143,17.143,0,1.557,1.143,0.109,45.0,7,0.429,90.014,69.857,71.171,54.6,71.129,0.286,2.0,4.571,64.0,0.486,3.286,677.571,1.0,49.114,71.286,93.8,635.286,85.914,582.571,100.6,95.143,5.143,13.814,93.0,874.429,323.571,4.5,12.371,1.384,2022,146.8,0.18,2.13
Tyler Boyd,10689,WR,CIN,18.0,8.114,8.429,74.243,40.0,8.571,16.143,0,3.057,2.143,0.047,35.429,7,0.143,80.786,77.657,64.171,66.2,66.971,0.114,0.857,4.286,63.429,0.343,2.143,649.571,1.429,47.929,68.286,94.043,610.857,85.686,556.714,91.129,91.857,3.429,14.143,91.429,758.286,300.429,4.386,11.143,1.237,2023,78.3,0.12,1.96
Tyler Johnson,48054,WR,TB,19.0,7.3,5.0,66.1,57.1,4.0,7.0,0,12.8,6.0,0.12,17.0,30,0.0,43.4,78.5,53.9,,54.2,0.2,1.0,0.0,31.0,0.0,0.0,477.0,0.0,50.0,41.0,96.4,460.0,43.8,209.0,84.4,62.0,0.0,56.0,267.0,405.0,170.0,4.1,9.9,0.88,2021,0.0,0.0,
Tyler Johnson,48054,WR,LA,16.333,6.767,6.333,66.5,62.5,4.667,7.667,0,4.267,2.0,0.02,12.333,26,0.0,72.133,76.767,62.633,73.5,63.2,0.667,1.667,1.333,52.333,1.267,2.667,302.333,0.667,46.867,31.0,93.867,286.0,36.6,117.0,78.733,46.667,0.667,62.667,183.667,329.0,179.333,6.1,10.767,1.267,2024,37.7,0.13,3.14
Tyler Lockett,9502,WR,SEA,16.0,13.1,2.0,66.2,42.9,6.0,14.0,0,2.2,1.0,0.15,23.0,29,0.0,86.5,90.5,67.3,68.1,67.2,0.4,2.0,1.0,74.0,0.2,1.0,519.0,2.0,48.5,45.0,92.7,481.0,52.6,273.0,94.9,68.0,2.0,46.6,242.0,555.0,188.0,4.2,12.3,1.15,2017,220.4,0.24,3.15
Tyler Lockett,9502,WR,SEA,16.667,14.3,2.0,79.333,77.8,6.667,10.667,0,0.733,0.333,0.177,34.333,29,0.667,89.367,78.833,77.3,,78.867,0.8,4.0,0.333,60.0,0.067,0.333,521.667,1.333,47.433,55.667,92.967,485.0,50.933,265.667,137.167,70.0,7.333,48.133,251.333,908.333,228.0,4.133,15.967,1.87,2018,235.2,0.24,2.73
Tyler Lockett,9502,WR,SEA,17.429,13.729,2.0,76.743,55.0,9.143,16.0,0,2.6,2.429,0.19,51.286,29,0.857,86.586,73.957,79.929,,81.343,0.857,5.143,0.714,50.857,0.029,0.143,621.857,1.714,49.071,78.143,92.643,575.857,61.371,389.286,130.729,102.571,8.286,37.771,227.143,1106.429,288.0,3.771,14.386,1.916,2019,265.4,0.28,2.65
Tyler Lockett,9502,WR,SEA,17.286,11.986,3.143,76.5,61.5,8.714,14.429,0,4.8,5.143,0.153,57.714,29,1.0,78.2,63.829,78.871,,80.214,1.029,7.0,0.857,47.0,0.0,0.0,673.857,3.0,49.814,94.143,93.757,631.857,61.271,415.714,126.929,124.143,9.714,37.5,250.0,1140.429,325.429,3.471,12.486,1.824,2020,239.4,0.29,3.19
Tyler Lockett,9502,WR,SEA,16.571,13.729,3.143,72.629,45.0,9.0,18.0,0,3.2,3.143,0.08,49.429,29,0.429,84.329,73.614,79.843,71.9,80.971,0.557,3.714,2.143,59.143,0.229,1.143,602.429,2.0,46.586,84.429,94.114,566.857,50.657,314.286,122.1,115.857,8.714,48.686,283.857,1164.143,303.857,3.614,14.171,2.096,2021,241.3,0.3,2.87
Tyler Lockett,9502,WR,SEA,16.714,12.257,4.286,74.914,35.7,6.571,15.571,0,3.143,3.0,0.049,50.429,29,0.714,86.243,51.043,78.586,65.3,78.943,0.671,4.286,4.429,49.286,0.229,1.143,596.571,1.429,48.729,86.857,94.171,562.0,44.214,266.714,114.114,115.714,8.857,54.657,323.0,1105.0,288.143,3.329,12.943,1.989,2022,198.4,0.24,2.51
Tyler Lockett,9502,WR,SEA,16.857,12.229,3.0,70.671,36.4,7.286,19.429,0,3.857,3.286,0.027,47.857,29,0.286,80.614,68.386,78.457,,78.271,0.371,2.143,4.429,42.429,0.114,0.571,589.429,0.429,47.8,81.286,93.529,551.429,37.929,223.286,100.057,115.0,6.571,61.329,361.714,985.0,246.0,3.029,12.157,1.796,2023,121.0,0.16,2.47
Tyler Lockett,9502,WR,SEA,17.0,11.7,2.429,70.271,46.2,6.429,15.714,2,5.143,3.286,0.017,41.571,29,0.143,74.7,73.586,70.7,,70.757,0.171,1.0,4.286,37.429,0.029,0.143,593.429,1.857,48.429,63.429,92.886,551.429,32.7,194.286,88.029,90.143,3.857,66.943,397.0,751.429,178.571,2.786,11.9,1.359,2024,67.1,0.13,2.1
Tyler Scott,123578,WR,CHI,17.0,12.5,1.0,54.8,14.3,1.0,7.0,0,15.0,3.0,-0.13,10.0,6,1.0,41.9,28.2,52.7,80.6,53.2,1.1,3.0,1.0,30.0,3.0,8.0,271.0,1.0,42.3,17.0,94.8,257.0,21.0,57.0,56.9,31.0,0.0,77.9,211.0,168.0,65.0,3.8,9.9,0.65,2023,1.5,0.07,1.5
Tyquan Thornton,78092,WR,NE,13.0,14.9,1.0,51.2,20.0,1.0,5.0,0,12.0,3.0,-0.14,13.0,19,0.0,49.5,75.9,55.2,,54.3,0.0,0.0,2.0,29.0,0.0,0.0,348.0,0.0,37.1,22.0,93.7,326.0,24.1,84.0,64.8,43.0,2.0,75.9,264.0,247.0,66.0,3.0,11.2,0.76,2022,27.2,0.12,1.7
Tyquan Thornton,78092,WR,NE,10.333,12.167,0.333,56.467,33.3,1.0,3.667,0,12.867,2.333,-0.093,6.333,19,0.0,48.3,74.5,56.8,,54.367,0.0,0.0,0.667,19.667,0.0,0.0,210.0,0.0,41.1,16.0,96.033,200.0,23.167,49.333,67.333,29.0,0.667,76.833,160.667,143.0,54.0,3.467,8.4,0.693,2023,8.7,0.08,2.17
Tyreek Hill,10799,WR,KC,16.0,11.5,10.0,72.6,56.3,9.0,16.0,1,7.9,7.0,0.2,43.0,16,0.0,64.1,88.6,79.9,61.6,82.8,0.2,1.0,1.0,79.0,0.2,1.0,574.0,3.0,48.1,82.0,94.6,543.0,36.2,208.0,126.3,113.0,7.0,59.8,343.0,1270.0,525.0,6.4,15.5,2.34,2017,328.0,0.36,3.01
Tyreek Hill,10799,WR,KC,17.333,14.433,11.333,68.333,59.1,11.667,20.0,1,6.567,6.333,0.287,57.667,16,0.0,67.9,76.733,85.967,,87.467,1.4,9.667,4.333,76.333,0.067,0.333,660.0,5.0,50.633,91.333,93.467,616.333,41.667,277.333,117.7,134.333,10.333,53.4,349.667,1485.333,542.333,5.933,16.233,2.407,2018,188.3,0.33,2.85
Tyreek Hill,10799,WR,KC,16.0,12.986,11.714,67.571,20.0,6.714,17.143,0,6.414,5.571,0.277,52.143,16,0.0,69.786,80.657,85.129,62.4,87.086,1.343,8.143,4.143,65.286,0.143,0.714,579.429,2.714,51.586,82.0,92.571,536.714,47.914,274.857,113.129,121.571,9.571,48.771,284.143,1249.714,434.143,5.229,15.129,2.317,2019,328.9,0.37,3.29
Tyreek Hill,10799,WR,KC,17.143,13.043,18.857,67.743,47.4,7.857,18.286,0,8.643,9.714,0.313,64.143,16,0.0,59.114,83.314,85.143,66.3,86.086,1.343,9.143,3.143,69.857,0.114,0.857,684.714,4.571,54.414,98.571,93.357,640.429,54.857,378.0,120.057,145.286,12.857,42.229,286.143,1466.143,532.143,5.357,14.857,2.289,2020,298.5,0.34,2.49
Tyreek Hill,10799,WR,KC,18.714,11.443,17.143,71.2,28.6,6.429,19.571,2,7.843,10.143,0.27,77.143,16,1.143,65.486,64.486,85.357,,85.543,0.986,7.0,3.429,72.429,0.057,0.429,725.857,4.143,53.957,119.0,93.586,679.857,54.886,399.286,115.414,166.286,12.429,43.414,314.429,1490.143,555.857,4.729,12.757,2.193,2021,341.2,0.43,2.71
Tyreek Hill,10799,WR,MIA,18.571,12.071,14.571,70.586,50.0,10.429,23.571,1,5.643,7.571,0.167,81.429,17,1.143,78.914,64.614,89.271,,89.143,1.029,7.0,5.429,68.714,0.014,0.143,676.714,4.857,49.129,126.143,94.114,636.714,47.857,328.714,105.757,178.571,9.571,49.557,331.286,1685.0,552.143,4.429,13.414,2.69,2022,378.4,0.54,3.03
Tyreek Hill,10799,WR,MIA,17.714,11.571,21.0,70.914,30.4,8.571,23.571,0,6.357,8.571,0.14,83.571,17,1.143,72.2,62.943,91.971,,92.114,1.0,5.714,5.429,73.571,0.0,0.0,581.571,3.714,48.786,126.0,95.186,552.714,41.114,243.857,112.5,177.714,11.714,56.586,324.571,1789.429,625.714,5.014,14.229,3.309,2023,218.2,0.24,2.45
Tyreek Hill,10799,WR,MIA,17.143,11.829,16.286,68.429,40.0,9.571,24.571,2,4.743,5.286,0.081,66.429,17,0.429,79.729,76.043,81.386,,84.114,0.557,3.0,4.143,77.143,0.0,0.0,570.286,5.571,48.871,99.714,94.443,538.143,36.5,208.286,103.8,145.0,8.429,61.971,353.143,1333.857,435.714,4.2,13.043,2.501,2024,53.5,0.35,2.55
Tyrell Williams,10154,WR,LAC,16.0,14.3,6.0,63.2,28.6,4.0,14.0,0,12.2,6.0,0.19,29.0,27,1.0,47.6,32.9,62.1,66.4,62.4,0.0,0.0,2.0,75.0,0.2,1.0,553.0,3.0,47.4,43.0,94.0,520.0,38.2,211.0,106.7,68.0,4.0,61.8,342.0,728.0,337.0,7.8,16.9,1.4,2017,137.8,0.18,3.2
Tyrell Williams,10154,WR,LAC,17.333,13.767,3.333,64.333,57.1,9.333,18.667,0,8.0,4.0,0.217,31.0,27,1.667,58.467,27.233,64.633,67.9,65.067,0.133,0.667,4.0,75.0,0.333,1.667,564.333,3.667,48.733,46.333,93.067,525.333,41.267,233.0,97.633,72.0,4.667,58.6,330.667,746.667,263.0,5.733,16.167,1.42,2018,143.1,0.2,3.41
Tyron Johnson,34427,WR,LAC,12.0,20.3,3.0,76.9,100.0,3.0,3.0,0,0.0,0.0,0.33,15.0,27,0.0,83.6,78.0,78.4,65.8,81.2,0.0,0.0,0.0,55.0,0.6,1.0,171.0,2.0,49.4,20.0,95.3,163.0,19.9,34.0,156.7,26.0,3.0,80.1,137.0,398.0,64.0,3.2,19.9,2.44,2020,3.6,0.05,1.8
Van Jefferson,47447,WR,LA,16.0,10.5,2.0,73.5,60.0,3.0,5.0,0,7.4,2.0,0.05,14.0,26,1.0,64.5,76.5,69.8,,70.9,0.0,0.0,2.0,31.0,0.0,0.0,188.0,1.0,46.7,25.0,96.8,182.0,28.7,54.0,91.1,34.0,2.0,71.3,134.0,266.0,59.0,2.4,10.6,1.46,2020,168.2,0.19,3.23
Van Jefferson,47447,WR,LA,19.333,13.233,2.667,62.7,47.4,7.0,14.333,0,11.267,6.667,0.17,28.667,26,0.333,47.167,79.433,62.267,66.8,63.3,0.067,0.667,2.0,63.0,0.067,0.667,549.333,3.667,50.567,47.667,95.8,524.667,35.233,205.333,95.5,80.0,4.667,64.7,343.333,691.333,196.333,3.8,13.733,1.353,2021,78.9,0.16,3.29
Van Jefferson,47447,WR,LA,14.571,15.157,1.714,58.014,37.5,4.714,10.714,0,7.114,3.429,0.004,23.714,26,0.143,63.014,77.3,65.771,,65.814,0.2,0.857,2.571,49.286,0.029,0.286,412.571,1.571,44.814,34.143,96.2,395.714,31.671,139.429,84.814,59.429,3.714,68.071,272.286,507.143,103.571,2.429,14.686,1.283,2022,41.3,0.07,1.97
Van Jefferson,47447,WR,ATL,15.857,16.486,0.714,50.957,37.5,3.857,9.571,1,10.457,3.286,-0.001,16.571,2,0.0,54.214,76.043,56.243,,57.5,0.1,0.429,3.429,48.714,0.014,0.143,418.571,3.571,45.529,26.714,95.586,399.714,36.471,155.571,48.986,51.286,1.714,63.4,262.571,354.0,60.714,1.729,12.586,0.857,2023,63.6,0.09,2.65
Van Jefferson,47447,WR,PIT,16.714,13.771,2.429,56.757,60.0,3.0,6.286,0,8.343,2.143,0.0,13.143,25,0.0,61.5,75.614,56.629,69.6,57.3,0.157,0.714,1.571,43.286,0.514,2.286,409.714,3.714,44.557,24.0,93.729,383.286,29.086,117.714,79.514,42.286,2.143,70.743,291.286,291.286,57.143,2.314,12.057,0.776,2024,70.0,0.12,2.41
Vyncint Smith,66957,WR,NYJ,13.0,11.9,2.0,58.6,33.3,2.0,6.0,0,10.5,2.0,-0.24,11.0,22,0.0,57.1,21.7,62.4,,62.6,0.0,0.0,3.0,37.0,0.0,0.0,183.0,0.0,40.0,17.0,92.9,170.0,25.7,47.0,43.7,29.0,0.0,74.3,136.0,225.0,109.0,6.4,13.2,1.32,2019,2.3,0.05,2.3
Wan'Dale Robinson,101735,WR,NYG,6.0,6.1,3.0,76.7,50.0,4.0,8.0,0,8.0,2.0,0.15,13.0,21,0.0,50.6,75.8,72.0,,70.9,0.0,0.0,0.0,19.0,0.0,0.0,140.0,0.0,48.8,23.0,92.1,129.0,80.7,113.0,108.6,30.0,1.0,19.3,27.0,227.0,127.0,5.5,9.9,1.76,2022,133.2,0.21,1.93
Wan'Dale Robinson,101735,WR,NYG,12.0,5.7,6.333,78.167,80.0,4.0,6.0,2,5.867,2.667,-0.063,23.667,21,0.0,67.667,79.667,67.667,,68.3,0.933,4.0,0.0,28.333,0.0,0.0,328.0,1.333,42.467,47.667,94.233,311.0,79.033,257.667,102.733,60.667,1.0,19.367,63.667,425.667,236.333,5.1,9.167,1.46,2023,182.7,0.21,1.9
Wan'Dale Robinson,101735,WR,NYG,14.857,5.357,13.571,73.786,58.6,11.429,19.143,1,6.514,5.143,-0.119,30.714,21,0.0,65.686,81.686,65.229,67.8,66.186,0.514,2.286,1.143,32.143,0.114,0.571,496.0,2.857,41.857,73.571,93.586,464.143,78.5,388.143,92.086,101.429,2.143,20.357,102.143,581.857,315.0,4.471,8.214,1.317,2024,217.9,0.22,2.29
Will Fuller V,10655,WR,HST,10.0,16.5,0.0,59.6,25.0,2.0,8.0,1,9.7,3.0,0.02,21.0,13,0.0,56.1,80.3,67.2,,68.6,0.6,2.0,3.0,59.0,0.0,0.0,322.0,2.0,41.3,28.0,93.2,300.0,25.5,82.0,102.2,47.0,7.0,73.9,238.0,423.0,111.0,4.0,15.1,1.41,2017,106.3,0.28,3.32
Will Fuller V,10655,WR,HST,8.0,15.5,0.667,70.667,75.0,2.667,5.333,0,3.233,1.0,0.147,22.333,13,0.0,78.033,78.167,76.533,65.7,76.933,0.467,1.333,1.0,68.333,0.267,0.667,274.0,1.333,46.833,30.667,91.067,250.0,23.433,64.667,132.2,43.667,5.0,76.1,208.0,476.333,147.0,4.8,15.5,1.963,2018,134.0,0.24,2.73
Will Fuller V,10655,WR,HST,10.286,14.871,2.0,69.829,61.5,5.714,9.714,0,7.957,4.429,0.177,27.286,13,0.571,60.929,56.014,75.771,64.5,75.2,0.2,0.571,2.143,60.143,0.229,0.857,351.714,1.714,48.471,44.0,92.971,328.286,28.157,102.0,112.143,63.286,3.857,71.643,249.143,637.857,202.429,4.629,14.7,1.961,2019,188.9,0.33,3.5
Will Fuller V,10655,WR,HST,10.714,13.857,3.286,70.486,42.9,6.143,12.286,0,5.343,3.143,0.247,33.857,13,0.286,72.857,68.443,82.343,,81.271,0.057,0.143,2.0,69.857,0.114,0.429,384.857,0.714,53.057,50.286,94.0,362.714,26.2,101.714,124.486,71.714,6.0,73.743,283.0,791.0,255.571,5.114,15.757,2.183,2020,6.6,0.1,1.65
Willie Snead IV,8999,WR,NO,13.0,7.6,1.0,64.7,50.0,1.0,2.0,0,0.0,0.0,0.22,7.0,20,0.0,78.7,73.6,60.2,73.1,58.5,1.7,3.0,0.0,26.0,1.1,2.0,179.0,0.0,51.4,11.0,97.2,174.0,54.7,98.0,84.7,17.0,0.0,41.9,75.0,117.0,32.0,2.9,10.6,0.67,2017,134.4,0.16,2.13
Willie Snead IV,8999,WR,BLT,15.667,8.533,9.667,66.233,60.0,4.333,7.333,0,4.733,3.333,0.067,28.333,3,0.0,68.433,78.933,65.067,66.2,64.1,1.367,5.0,2.0,28.0,0.5,1.333,399.0,2.667,45.867,47.0,94.2,372.667,74.167,317.333,80.633,70.333,0.667,23.767,75.0,506.333,212.667,4.1,10.733,1.217,2018,95.1,0.14,2.88
Willie Snead IV,8999,WR,BLT,16.429,8.514,6.429,68.271,50.0,4.714,8.857,0,6.314,3.143,0.166,25.286,3,0.0,66.071,78.686,61.257,,61.129,0.586,2.143,2.571,40.571,0.214,0.571,392.714,3.429,47.486,41.286,95.743,374.571,78.014,315.429,91.243,60.429,3.143,21.1,74.429,442.714,178.0,4.1,10.714,1.121,2019,94.2,0.18,2.85
Willie Snead IV,8999,WR,BLT,15.857,8.343,9.429,71.857,44.4,4.571,9.429,0,7.157,3.286,0.101,25.286,3,0.571,65.757,51.686,66.043,,65.929,0.171,0.857,1.857,37.857,0.029,0.143,387.571,2.286,45.9,42.714,95.5,369.714,81.843,317.571,102.771,59.857,3.286,17.957,69.0,479.286,206.143,4.814,11.286,1.296,2020,7.8,0.14,1.95
Xavier Gipson,104136,WR,NYJ,14.0,9.9,5.0,58.3,28.6,2.0,7.0,0,4.5,1.0,-0.33,9.0,22,0.0,72.8,40.1,56.2,38.3,56.5,0.0,0.0,1.0,36.0,0.3,1.0,363.0,2.0,35.8,21.0,94.5,343.0,61.4,223.0,65.6,36.0,0.0,37.7,137.0,229.0,107.0,5.1,10.9,0.67,2023,16.4,0.09,2.34
Xavier Hutchinson,122518,WR,HST,16.0,9.5,3.0,54.5,14.3,1.0,7.0,0,7.7,1.0,-0.1,3.0,13,0.0,63.2,74.7,47.3,,47.2,0.0,0.0,0.0,34.0,0.0,0.0,201.0,3.0,42.6,12.0,94.5,190.0,36.3,73.0,66.3,22.0,0.0,63.2,127.0,99.0,37.0,3.1,8.3,0.52,2023,23.7,0.05,1.97
Xavier Hutchinson,122518,WR,HST,17.333,10.833,2.333,54.7,33.3,2.333,8.333,0,9.567,1.667,-0.147,6.333,13,0.0,59.333,75.7,54.3,,54.467,0.0,0.0,0.667,34.0,0.0,0.0,285.0,1.0,40.933,15.333,94.5,269.333,34.3,97.0,63.167,28.0,0.0,65.333,187.0,168.333,51.667,3.367,10.7,0.613,2024,98.0,0.15,2.58
Xavier Legette,99197,WR,CAR,16.0,12.6,7.0,60.5,52.2,12.0,23.0,0,14.0,8.0,-0.14,27.0,5,0.0,36.5,81.2,59.1,46.2,59.1,0.0,0.0,1.0,35.0,0.5,2.0,441.0,0.0,40.8,49.0,94.6,417.0,30.8,136.0,89.4,81.0,4.0,69.2,305.0,497.0,112.0,2.3,10.1,1.19,2024,89.3,0.14,2.48
Xavier Worthy,144718,WR,KC,20.0,9.2,8.0,68.4,38.5,5.0,13.0,0,7.1,6.0,0.16,49.0,16,0.0,67.1,83.8,71.8,,71.6,0.5,3.0,2.0,54.0,0.0,0.0,655.0,3.0,53.1,78.0,93.7,614.0,36.3,238.0,111.9,114.0,9.0,61.8,405.0,925.0,526.0,6.7,11.9,1.51,2024,109.9,0.17,2.07
Zach Pascal,12303,WR,IND,18.0,10.5,1.0,58.0,35.3,6.0,17.0,0,3.3,1.0,0.08,15.0,14,0.0,77.8,82.3,59.1,45.6,56.8,1.5,5.0,2.0,28.0,0.9,3.0,330.0,4.0,48.5,29.0,92.7,306.0,38.8,128.0,70.5,50.0,2.0,59.4,196.0,281.0,89.0,3.1,9.7,0.92,2018,133.3,0.17,3.1
Zach Pascal,12303,WR,IND,16.667,11.767,3.0,58.933,26.3,5.333,18.333,1,4.233,1.667,0.027,24.333,14,0.0,75.8,81.7,68.833,76.2,66.533,0.767,3.0,3.333,34.0,0.567,2.333,409.333,2.667,47.033,37.0,92.967,380.667,37.133,151.333,82.367,62.667,4.0,61.8,254.0,498.333,185.667,4.833,13.1,1.273,2019,136.9,0.16,3.11
Zach Pascal,12303,WR,IND,16.857,11.5,4.143,60.571,41.2,6.286,17.571,1,7.3,3.571,0.103,28.714,14,0.0,64.886,80.614,65.443,66.2,64.114,1.071,5.286,2.571,38.571,0.357,1.571,489.714,3.429,48.5,42.714,93.271,456.857,58.486,299.143,95.586,70.286,5.143,39.914,182.571,594.143,219.571,5.043,13.729,1.289,2020,96.5,0.11,2.41
Zach Pascal,12303,WR,IND,16.286,10.429,2.0,58.543,21.4,4.429,15.571,0,7.586,3.429,0.034,21.857,14,0.571,63.629,51.514,58.614,,58.0,2.029,10.857,1.714,40.714,0.114,0.571,525.286,3.143,45.871,41.0,93.1,488.857,70.643,375.286,89.557,69.857,4.143,27.086,137.857,496.429,171.429,4.071,11.943,1.024,2021,36.0,0.11,2.25
Zach Pascal,12303,WR,PHI,18.429,7.414,2.429,71.771,60.0,3.571,9.286,0,3.457,1.571,0.137,14.571,24,0.286,65.729,62.4,58.957,48.8,58.129,6.129,15.571,1.143,37.143,0.314,0.714,344.857,2.571,47.743,27.857,93.614,322.0,68.729,248.0,92.243,42.571,2.286,23.9,78.429,299.143,120.429,4.486,10.171,0.911,2022,5.9,0.03,1.48
Zay Flowers,97268,WR,BLT,18.0,9.1,21.0,74.1,54.5,6.0,11.0,1,7.5,7.0,0.03,48.0,3,1.0,65.6,57.7,76.3,,75.2,0.0,0.0,1.0,75.0,0.0,0.0,626.0,2.0,49.5,86.0,93.9,588.0,31.0,194.0,113.9,116.0,6.0,69.0,432.0,1014.0,444.0,5.2,11.8,1.72,2023,209.5,0.25,2.52
Zay Flowers,97268,WR,BLT,17.333,10.167,18.333,68.767,50.0,7.333,14.333,0,6.7,5.667,0.203,48.0,3,0.333,66.533,74.833,80.167,,80.933,0.0,0.0,0.333,60.333,0.0,0.0,542.0,2.0,51.367,78.0,93.967,509.333,35.667,191.333,110.233,113.333,4.667,64.2,350.0,1044.0,459.333,5.933,13.467,2.073,2024,249.3,0.28,2.6
Zay Jones,11792,WR,BUF,16.0,13.8,1.0,42.0,36.8,7.0,19.0,1,14.7,5.0,0.04,20.0,4,0.0,38.8,76.3,55.0,66.2,52.7,0.0,0.0,1.0,33.0,0.2,1.0,520.0,1.0,43.5,29.0,94.8,493.0,34.0,177.0,61.0,69.0,2.0,66.0,343.0,336.0,71.0,2.4,11.6,0.68,2017,163.2,0.17,2.86
Zay Jones,11792,WR,BUF,16.0,13.333,1.0,51.733,28.6,6.333,20.333,0,8.3,3.667,-0.087,28.0,4,0.667,63.533,54.567,59.8,76.9,57.833,0.333,2.0,3.667,49.0,1.267,7.667,570.0,1.0,41.9,47.0,92.667,527.667,43.733,251.667,73.133,89.0,5.333,55.933,316.333,546.667,110.333,2.333,11.6,1.027,2018,48.9,0.08,1.75
Zay Jones,11792,WR,OAK,15.429,12.171,0.429,58.057,50.0,3.857,11.0,0,3.557,1.571,0.031,17.714,23,0.286,76.657,66.929,56.314,44.9,54.557,0.143,0.857,2.714,34.143,0.829,4.429,469.429,0.429,47.157,35.571,93.371,437.571,38.629,186.143,63.343,62.714,2.286,61.229,282.429,357.714,91.857,2.657,9.543,0.771,2019,35.4,0.12,2.53
Zay Jones,11792,WR,LV,15.714,9.5,1.857,66.029,25.0,2.0,6.429,0,7.871,1.571,0.081,10.857,23,0.143,63.9,69.729,60.171,,57.0,0.071,0.429,1.857,35.857,0.4,2.143,295.857,0.714,50.814,23.714,93.4,275.571,31.514,105.571,77.771,37.857,1.571,67.786,188.714,242.857,79.714,3.957,10.229,0.886,2020,107.9,0.17,2.2
Zay Jones,11792,WR,LV,17.0,12.043,3.714,67.543,35.3,4.0,11.429,1,4.657,1.143,0.046,22.0,23,0.571,76.586,54.771,65.986,,64.414,0.0,0.0,4.0,38.429,0.071,0.286,377.429,0.857,49.271,37.571,93.929,354.857,28.743,110.429,71.743,55.857,1.429,70.943,266.429,421.714,134.571,3.814,10.971,1.129,2021,196.1,0.21,2.28
Zay Jones,11792,WR,JAX,17.714,10.7,7.0,68.886,38.9,5.857,15.714,0,6.786,5.143,0.071,38.286,15,0.286,66.057,69.714,67.157,75.6,66.829,0.0,0.0,4.143,51.286,0.229,1.714,564.0,0.429,48.7,71.143,94.257,532.143,31.257,182.0,84.5,103.143,4.143,68.586,381.714,755.429,248.571,3.643,10.8,1.363,2022,78.1,0.16,2.3
Zay Jones,11792,WR,JAX,12.857,12.857,3.286,60.757,35.7,5.714,15.571,0,4.157,3.0,0.027,26.143,15,0.143,74.857,73.7,64.057,66.2,64.371,0.0,0.0,3.143,43.571,0.286,1.429,455.429,0.143,48.786,54.0,94.443,430.0,30.314,141.571,74.057,85.571,3.143,69.686,313.857,550.143,154.286,2.5,9.986,1.213,2023,16.4,0.06,2.05
