player,player_id,position,team_name,player_game_count,avg_depth_of_target,avoided_tackles,caught_percent,contested_catch_rate,contested_receptions,contested_targets,declined_penalties,drop_rate,drops,epa,first_downs,franchise_id,fumbles,grades_hands_drop,grades_hands_fumble,grades_offense,grades_pass_block,grades_pass_route,inline_rate,inline_snaps,interceptions,longest,pass_block_rate,pass_blocks,pass_plays,penalties,positive_epa_percent,receptions,route_rate,routes,slot_rate,slot_snaps,targeted_qb_rating,targets,touchdowns,wide_rate,wide_snaps,yards,yards_after_catch,yards_after_catch_per_reception,yards_per_reception,yprr,year,AVG,fantasyPts,ptsPerSnap,ptsPerTouch
Justin Jefferson,61398,WR,MIN,18,10.7,11,73.0,55.0,22,40,1,4.9,7,0.02,83,18,0,83.1,86.0,90.2,,90.2,0.0,0,5,64,0.0,0,777,4,47.6,135,93.8,729,29.0,225,107.8,185,8,70.0,544,1856,638,4.7,13.7,2.55,2022,1.0,204.2,0.37,2.96
Tyreek Hill,10799,WR,MIA,18,12.6,12,69.6,50.0,13,26,1,3.8,5,0.09,81,17,1,89.7,67.1,92.1,,92.0,1.1,7,7,64,0.0,0,614,5,45.3,126,94.3,579,42.3,260,97.8,181,7,54.4,334,1779,524,4.2,14.1,3.07,2022,5.3,378.4,0.54,3.03
Davante Adams,8688,WR,LV,17,12.8,16,59.5,44.1,15,34,0,5.7,6,0.02,65,23,1,76.9,59.2,90.1,66.1,90.5,0.0,0,6,60,0.2,1,657,2,44.7,100,94.1,618,30.0,197,102.2,168,14,69.6,457,1516,502,5.0,15.2,2.45,2022,17.0,265.4,0.28,2.58
CeeDee Lamb,61570,WR,DAL,19,10.3,16,72.5,46.7,14,30,1,5.5,7,0.03,75,9,0,78.9,86.0,86.2,,87.0,0.3,2,5,46,0.0,0,678,4,47.5,121,95.3,646,62.7,425,108.5,167,10,36.1,245,1544,555,4.6,12.8,2.39,2022,8.5,405.2,0.41,2.72
Stefon Diggs,9579,WR,BUF,18,12.6,15,71.7,46.2,12,26,2,7.0,9,0.2,78,4,1,69.7,62.0,89.1,,89.0,0.0,0,1,53,0.0,0,695,5,52.4,119,94.7,658,34.2,238,121.0,166,11,65.8,457,1578,440,3.7,13.3,2.4,2022,9.5,273.8,0.29,2.54
AJ Brown,48327,WR,PHI,20,13.0,20,63.9,46.9,15,32,0,6.5,7,0.08,67,24,2,68.5,34.4,87.7,,88.9,0.0,0,3,78,0.0,0,702,2,45.0,101,94.7,665,25.8,181,116.1,158,12,74.1,520,1642,619,6.1,16.3,2.47,2022,12.0,293.6,0.29,2.77
Ja'Marr Chase,84270,WR,CIN,15,9.8,18,69.0,37.5,12,32,0,5.3,6,0.11,69,7,2,79.1,37.9,83.9,,85.2,0.1,1,4,60,0.0,0,692,4,51.2,107,93.1,644,23.7,164,106.5,155,11,75.6,523,1266,509,4.8,11.8,1.97,2022,2.3,263.0,0.3,2.55
DeVonta Smith,61100,WR,PHI,20,10.2,15,71.4,41.9,13,31,0,5.2,6,0.1,64,24,1,79.8,84.7,80.4,,81.1,0.0,0,1,45,0.0,0,736,2,45.9,110,94.7,697,25.0,184,113.9,154,8,75.0,552,1393,561,5.1,12.7,2.0,2022,23.5,229.6,0.22,2.83
DK Metcalf,47864,WR,SEA,18,12.2,7,65.8,51.1,24,47,1,4.8,5,0.01,54,29,2,81.4,32.2,77.7,,78.7,0.0,0,4,54,0.0,0,653,8,49.0,100,94.0,614,16.5,108,95.9,152,8,83.5,545,1184,276,2.8,11.8,1.93,2022,31.7,225.4,0.27,3.42
Chris Godwin,11839,WR,TB,16,5.7,11,76.0,57.1,16,28,0,4.2,5,0.0,58,30,2,85.9,38.7,75.2,73.9,76.4,0.1,1,1,44,0.3,2,682,4,48.3,114,93.8,640,73.0,498,100.1,150,3,26.7,182,1108,578,5.1,9.7,1.73,2022,59.3,207.2,0.23,2.38
Christian Kirk,47546,WR,JAX,19,9.6,8,66.0,34.8,8,23,0,8.3,9,0.1,62,15,1,65.9,85.2,72.9,62.3,75.3,0.3,2,5,49,0.1,1,744,1,49.1,99,95.0,707,75.5,562,99.8,150,10,23.4,174,1238,431,4.4,12.5,1.75,2022,58.3,154.3,0.26,2.66
Diontae Johnson,33441,WR,PIT,17,10.7,13,61.0,36.4,8,22,1,8.5,8,-0.02,45,25,1,57.6,57.4,69.6,,69.9,0.0,0,6,37,0.0,0,659,6,45.4,86,93.2,614,13.1,86,61.2,141,0,86.9,573,882,243,2.8,10.3,1.44,2022,72.3,152.7,0.26,2.99
Michael Pittman,29049,WR,IND,16,7.7,5,71.2,50.0,15,30,0,4.8,5,-0.17,51,14,2,81.4,34.3,70.6,,70.3,0.1,1,3,28,0.0,0,674,1,43.1,99,95.3,642,27.2,183,89.8,139,4,72.7,490,925,343,3.5,9.3,1.44,2022,71.0,248.2,0.25,2.28
Amon-Ra St Brown,84470,WR,DET,16,6.7,9,76.3,38.5,5,13,0,3.6,4,0.19,68,11,0,88.1,84.9,90.7,64.9,90.4,0.4,2,1,49,0.2,1,511,0,48.6,106,94.5,483,59.9,306,111.8,139,6,38.7,198,1161,544,5.1,11.0,2.4,2022,14.8,332.9,0.33,2.71
Garrett Wilson,97405,WR,NYJ,17,11.0,22,59.7,35.9,14,39,1,2.4,2,-0.14,56,22,1,90.1,28.2,82.7,35.6,85.9,1.3,8,1,60,0.3,2,615,5,38.6,83,96.7,595,36.1,222,91.5,139,4,62.6,385,1103,389,4.7,13.3,1.85,2022,15.3,217.2,0.22,2.19
Zay Jones,11792,WR,JAX,18,9.6,9,69.3,38.9,7,18,0,7.8,8,0.1,49,15,0,59.4,83.6,66.5,75.6,67.1,0.0,0,4,59,0.4,3,706,0,48.5,95,94.5,667,33.9,239,92.1,137,6,66.1,467,980,327,3.4,10.3,1.47,2022,134.0,78.1,0.16,2.3
Mike Evans,8642,WR,TB,16,14.1,7,62.4,64.3,18,28,1,4.6,4,0.04,58,30,0,75.1,82.4,74.2,,75.7,0.0,0,7,63,0.0,0,729,4,48.7,83,94.4,688,25.9,189,85.0,133,6,74.1,540,1207,244,2.9,14.5,1.75,2022,68.0,282.5,0.33,3.58
Amari Cooper,9437,WR,CLV,17,13.3,7,61.9,55.6,15,27,0,7.1,6,0.0,61,8,0,67.4,82.1,81.2,,83.6,0.0,0,3,55,0.0,0,603,5,45.8,78,93.2,562,24.9,150,105.9,126,9,75.0,452,1160,296,3.8,14.9,2.06,2022,36.3,227.0,0.26,3.15
Tee Higgins,61211,WR,CIN,19,12.0,9,69.6,57.6,19,33,0,4.4,4,0.13,54,7,0,81.8,82.7,78.4,22.3,78.8,0.3,2,3,59,0.0,0,692,2,51.1,87,94.7,655,17.8,123,110.6,125,8,81.9,567,1177,310,3.6,13.5,1.8,2022,29.7,137.6,0.24,3.28
Brandon Aiyuk,84109,WR,SF,20,11.0,16,68.9,39.1,9,23,0,6.7,6,0.2,53,28,1,70.7,54.5,78.7,,79.5,0.0,0,1,54,0.0,0,654,3,50.2,84,94.5,618,24.6,161,116.3,122,8,75.4,493,1124,397,4.7,13.4,1.82,2022,44.0,251.2,0.31,3.35
Jaylen Waddle,84088,WR,MIA,18,12.7,7,64.5,22.7,5,22,0,10.3,9,0.12,61,17,1,51.1,53.1,82.6,65.7,83.5,0.0,0,2,84,0.2,1,605,1,45.1,78,94.0,569,25.6,155,119.2,121,8,73.2,443,1400,526,6.7,17.9,2.46,2022,22.0,198.6,0.33,2.65
Tyler Lockett,9502,WR,SEA,17,11.1,5,76.9,35.7,5,14,0,3.2,3,0.04,53,29,1,87.7,33.7,77.9,65.3,77.7,0.8,5,6,40,0.2,1,604,1,50.8,90,94.0,568,41.7,252,108.6,117,9,56.8,343,1072,280,3.1,11.9,1.89,2022,65.3,198.4,0.24,2.51
Terry McLaurin,48229,WR,WAS,17,13.1,11,67.0,65.4,17,26,0,3.8,3,-0.07,56,32,0,82.8,52.7,79.9,,83.0,0.0,0,2,52,0.0,0,621,2,43.6,77,93.9,583,20.9,130,108.3,115,5,78.9,490,1191,396,5.1,15.5,2.04,2022,55.7,203.2,0.22,2.57
Chris Olave,84355,WR,NO,15,14.9,2,63.2,33.3,8,24,2,4.0,3,0.0,48,20,2,81.9,27.4,82.5,,83.0,0.2,1,5,53,0.0,0,450,3,49.2,72,95.8,431,33.8,152,86.3,114,4,66.0,297,1044,219,3.0,14.5,2.42,2022,22.3,229.3,0.28,2.64
Drake London,86519,WR,ATL,17,11.2,8,63.2,53.8,14,26,1,2.7,2,-0.03,47,2,3,88.0,23.3,83.2,,85.3,0.0,0,3,40,0.0,0,439,2,45.3,72,95.4,419,21.6,95,87.1,114,4,78.4,344,866,231,3.2,12.0,2.07,2022,52.3,171.5,0.2,2.49
DJ Moore,48267,WR,CAR,17,14.0,9,57.8,56.5,13,23,1,4.5,3,-0.13,44,5,0,77.9,82.1,73.9,,76.2,0.7,4,5,62,0.0,0,540,5,37.6,63,94.4,510,27.6,149,86.5,109,7,71.5,386,888,191,3.0,14.1,1.74,2022,44.0,288.5,0.28,2.88
JuJu Smith-Schuster,11817,WR,KC,19,7.1,9,80.7,46.7,7,15,0,3.3,3,0.2,54,16,3,86.8,24.7,70.1,71.3,72.1,0.0,0,3,53,0.3,2,641,3,53.8,88,94.9,608,42.1,270,103.4,109,3,57.9,371,1022,487,5.5,11.6,1.68,2022,116.7,61.0,0.13,2.1
Adam Thielen,8288,WR,MIN,18,10.8,1,68.2,21.1,4,19,0,1.4,1,0.0,48,18,0,90.4,81.7,65.5,65.0,66.3,0.0,0,3,36,0.5,4,756,1,47.4,73,94.0,711,33.3,252,95.8,107,6,66.7,504,766,165,2.3,10.5,1.08,2022,133.7,229.0,0.22,2.2
Courtland Sutton,48164,WR,DEN,15,13.3,3,60.4,42.4,14,33,0,8.6,6,-0.11,38,10,0,60.7,81.0,69.3,,69.7,0.2,1,4,51,0.0,0,576,5,37.8,64,93.2,537,11.3,65,75.6,106,2,88.5,510,829,134,2.1,13.0,1.54,2022,89.0,196.7,0.25,3.33
Gabe Davis,55410,WR,BUF,17,16.8,2,52.8,30.8,8,26,0,11.1,7,0.17,42,4,1,50.4,42.6,66.4,,66.5,0.4,3,6,98,0.0,0,705,3,51.8,56,94.8,668,10.2,72,86.3,106,8,89.4,630,983,150,2.7,17.6,1.47,2022,71.0,161.4,0.17,3.51
Joshua Palmer,62979,WR,LAC,17,9.6,6,71.8,50.0,7,14,0,6.3,5,0.07,41,27,1,71.2,50.1,64.6,64.9,65.6,0.1,1,2,50,0.1,1,689,1,46.5,74,96.5,665,25.4,175,95.9,103,3,74.5,513,800,261,3.5,10.8,1.2,2022,192.5,108.7,0.21,2.79
Jerry Jeudy,61103,WR,DEN,15,12.1,5,68.0,27.3,3,11,0,8.1,6,-0.15,42,10,0,62.8,81.5,78.4,,77.9,0.0,0,2,67,0.0,0,479,1,38.3,68,94.4,452,54.1,259,111.5,100,6,45.9,220,986,417,6.1,14.5,2.18,2022,67.0,141.8,0.21,2.63
Allen Lazard,48135,WR,GB,15,12.9,3,61.2,39.1,9,23,0,6.3,4,-0.03,45,12,0,69.7,80.8,69.0,69.8,73.9,3.7,19,5,47,0.2,1,517,4,44.0,60,94.4,488,37.7,195,85.8,98,6,58.6,303,788,266,4.4,13.1,1.61,2022,128.0,60.1,0.09,2.61
Donovan Peoples-Jones,61439,WR,CLV,17,12.9,2,64.2,37.9,11,29,0,4.7,3,-0.03,33,8,1,77.5,61.2,64.9,66.2,67.7,0.0,0,2,42,0.2,1,616,8,44.6,61,93.0,573,29.9,184,94.1,95,3,70.0,431,839,195,3.2,13.8,1.46,2022,153.3,28.5,0.06,2.19
Cooper Kupp,11824,WR,LA,9,7.5,13,78.9,53.8,7,13,0,1.3,1,-0.12,42,26,2,90.4,53.5,86.3,77.6,88.1,0.0,0,4,75,0.9,3,351,0,46.2,75,96.3,338,55.6,195,105.8,95,6,43.3,152,812,419,5.6,10.8,2.4,2022,26.3,162.4,0.23,2.71
Keenan Allen,7857,WR,LAC,11,8.9,1,76.6,41.7,5,12,0,0.0,0,0.07,43,27,1,91.0,48.0,84.4,72.2,84.4,0.0,0,2,46,0.7,3,418,0,47.8,72,96.4,403,64.6,270,107.3,94,4,34.4,144,813,287,4.0,11.3,2.02,2022,36.3,274.9,0.35,2.5
DeAndre Hopkins,7808,WR,ARZ,9,10.7,5,68.8,52.4,11,21,0,1.5,1,-0.16,35,1,2,90.1,25.5,72.9,,73.6,0.0,0,4,33,0.0,0,388,1,39.2,64,93.3,362,27.3,106,84.4,93,3,72.7,282,717,177,2.8,11.2,1.98,2022,49.3,223.6,0.29,2.9
Jakobi Meyers,47468,WR,NE,14,10.2,2,72.0,56.5,13,23,0,1.5,1,-0.03,38,19,1,90.3,48.3,75.6,,75.8,0.0,0,0,48,0.0,0,453,3,42.6,67,93.4,423,69.5,315,119.6,93,6,29.6,134,804,242,3.6,12.0,1.9,2022,133.3,214.1,0.24,2.85
Mack Hollins,11873,WR,LV,17,13.1,5,64.0,40.0,6,15,0,6.6,4,-0.02,34,23,0,68.2,80.7,63.8,77.9,61.4,0.2,1,3,60,0.6,4,646,7,44.4,57,93.7,605,14.2,92,88.7,89,4,85.6,553,690,206,3.6,12.1,1.14,2022,256.5,43.1,0.13,2.39
Marvin Jones,7158,WR,JAX,18,14.6,1,56.8,58.8,10,17,1,10.7,6,0.12,33,15,0,58.1,79.3,59.8,67.4,60.0,0.0,0,3,37,0.2,1,581,1,49.5,50,95.5,555,13.6,79,77.8,88,4,86.4,502,579,111,2.2,11.6,1.04,2022,255.0,8.4,0.05,1.68
KJ Osborn,23503,WR,MIN,18,8.7,6,70.5,38.5,5,13,0,0.0,0,0.05,33,18,1,90.9,46.6,65.2,71.5,65.3,0.0,0,2,66,0.6,4,665,2,47.6,62,93.5,622,58.2,387,105.8,88,6,41.7,277,670,306,4.9,10.8,1.08,2022,155.7,120.0,0.15,2.5
Brandin Cooks,8655,WR,HST,13,11.9,1,63.6,55.6,10,18,0,9.7,6,-0.14,29,13,0,57.2,80.6,72.3,,71.9,0.2,1,4,44,0.0,0,450,1,37.9,56,94.9,427,24.7,111,80.6,88,3,74.9,337,699,198,3.5,12.5,1.64,2022,77.0,171.2,0.21,2.9
Curtis Samuel,11795,WR,WAS,17,6.9,7,73.6,44.4,8,18,0,4.5,3,-0.1,36,32,0,79.6,61.0,70.5,69.2,70.2,0.2,1,2,49,0.2,1,546,1,42.4,64,93.6,511,71.2,389,100.5,87,4,25.3,138,655,293,4.6,10.2,1.28,2022,179.0,157.2,0.28,2.28
Tyler Boyd,10689,WR,CIN,19,10.2,3,73.6,66.7,12,18,0,1.5,1,0.13,46,7,0,90.1,81.3,70.2,54.6,70.4,0.4,3,5,60,0.6,4,692,0,51.2,64,93.2,645,84.7,586,99.4,87,5,14.9,103,851,260,4.1,13.3,1.32,2022,137.3,146.8,0.18,2.13
Marquez Valdes-Scantling,47809,WR,KC,20,15.1,1,56.3,40.0,6,15,0,9.3,5,0.23,39,16,0,57.3,79.4,64.8,,65.6,0.4,3,1,57,0.0,0,682,2,51.6,49,94.3,643,39.7,271,98.3,87,4,59.8,408,809,167,3.4,16.5,1.26,2022,136.0,58.5,0.09,2.79
Parris Campbell,47940,WR,IND,17,6.5,13,74.1,33.3,4,12,0,4.5,3,-0.15,32,14,1,71.3,81.3,60.8,,61.2,0.2,1,6,49,0.0,0,635,2,43.9,63,95.1,604,82.0,521,76.7,85,3,17.8,113,623,285,4.5,9.9,1.03,2022,205.0,30.4,0.15,1.52
George Pickens,99229,WR,PIT,17,15.6,7,61.9,67.9,19,28,0,7.1,4,-0.05,38,25,0,67.8,80.6,68.8,,69.3,0.3,2,0,42,0.0,0,619,3,44.5,52,93.7,580,13.1,81,109.3,84,4,86.6,536,801,110,2.1,15.4,1.38,2022,72.5,208.8,0.23,3.16
Darius Slayton,25578,WR,NYG,18,12.4,4,61.4,42.9,9,21,0,13.6,8,0.08,34,21,2,39.1,24.7,66.0,67.3,66.9,0.4,2,3,55,0.2,1,508,1,48.6,51,94.5,480,27.4,139,87.2,83,2,72.0,366,816,313,6.1,16.0,1.7,2022,212.0,151.0,0.17,3.02
Robert Woods,7822,WR,TEN,17,8.7,0,64.6,46.7,7,15,0,7.0,4,-0.06,31,31,0,66.6,57.3,68.0,,66.0,0.4,2,3,41,0.0,0,491,1,43.1,53,94.5,464,26.7,131,75.6,82,2,72.1,354,527,160,3.0,9.9,1.14,2022,229.5,89.3,0.13,2.18
Richie James,28991,WR,NYG,17,6.6,2,82.9,58.3,7,12,0,4.2,3,-0.11,34,21,0,80.4,29.0,72.0,68.1,72.7,0.2,1,0,33,0.5,2,428,2,44.3,68,94.4,404,84.6,362,116.0,82,4,15.0,64,651,232,3.4,9.6,1.61,2022,189.0,21.4,0.16,2.14
Michael Gallup,26075,WR,DAL,16,12.6,2,55.0,47.6,10,21,0,8.3,4,0.09,29,9,0,60.5,78.5,62.6,,61.9,0.0,0,5,27,0.0,0,514,0,49.2,44,95.7,492,8.0,41,67.2,80,5,92.0,473,470,120,2.7,10.7,0.96,2022,126.7,87.8,0.14,2.58
Demarcus Robinson,10760,WR,BLT,18,10.3,8,64.1,44.4,4,9,0,9.1,5,-0.15,24,3,2,58.1,24.4,65.4,,64.8,0.0,0,4,41,0.0,0,396,1,40.7,50,95.5,378,7.8,31,74.0,78,3,92.2,365,507,164,3.3,10.1,1.34,2022,224.5,89.4,0.23,3.31
Alec Pierce,78038,WR,IND,16,12.2,3,53.9,42.9,12,28,0,8.9,4,-0.16,28,14,1,51.5,29.9,61.3,,61.1,0.0,0,2,47,0.0,0,501,1,43.5,41,95.4,478,6.8,34,77.4,76,2,93.2,467,593,111,2.7,14.5,1.24,2022,168.0,95.4,0.09,2.98
Chase Claypool,42312,WR,CHI,15,11.0,3,60.5,47.4,9,19,1,4.2,2,-0.15,24,6,1,77.0,41.9,61.8,69.6,62.7,0.4,2,5,31,0.4,2,454,2,43.2,46,93.2,423,60.6,275,54.2,76,1,39.0,177,451,142,3.1,9.8,1.07,2022,218.0,21.7,0.11,2.71
Noah Brown,11993,WR,DAL,18,11.1,6,63.5,40.9,9,22,0,7.8,4,0.01,27,9,1,63.2,34.5,59.5,77.0,61.2,0.0,0,4,51,1.8,9,512,2,47.2,47,93.0,476,44.5,228,79.4,74,3,55.5,284,594,160,3.4,12.6,1.25,2022,285.3,101.6,0.22,2.99
Chris Moore,10741,WR,HST,16,9.6,10,66.7,42.9,6,14,1,5.9,3,-0.22,24,13,0,70.9,79.5,63.2,70.0,64.2,1.1,5,3,52,0.4,2,464,1,35.0,48,95.0,441,65.1,302,81.3,72,2,33.8,157,548,267,5.6,11.4,1.24,2022,410.0,68.3,0.11,2.85
DeAndre Carter,9859,WR,LAC,18,9.5,1,71.6,30.0,3,10,0,4.0,2,-0.02,30,27,1,77.9,51.8,61.6,68.8,63.9,0.4,2,1,35,0.6,3,534,0,44.6,48,96.3,514,58.4,312,105.0,67,3,40.4,216,555,211,4.4,11.6,1.08,2022,405.0,9.7,0.1,1.39
Christian Watson,66581,WR,GB,14,14.3,4,63.1,75.0,9,12,0,10.9,5,0.06,28,12,0,50.7,80.1,77.1,,77.8,1.1,3,1,63,0.0,0,282,0,49.3,41,95.7,270,31.6,89,123.3,65,7,67.0,189,611,264,6.4,14.9,2.26,2022,63.0,101.3,0.23,3.17
Greg Dortch,42237,WR,ARZ,16,4.6,13,81.3,36.4,4,11,1,0.0,0,-0.03,19,1,0,90.5,88.4,64.2,,67.6,0.0,0,0,47,0.0,0,366,3,42.2,52,94.5,346,82.8,303,107.2,64,2,15.8,58,462,309,5.9,8.9,1.34,2022,295.0,64.5,0.16,2.58
Romeo Doubs,84329,WR,GB,13,9.8,1,65.6,33.3,5,15,0,10.6,5,-0.15,20,12,2,51.5,23.5,62.6,,62.0,0.0,0,0,26,0.0,0,331,0,43.6,42,94.3,312,22.4,74,100.1,64,3,77.6,257,425,194,4.6,10.1,1.36,2022,121.3,174.4,0.21,2.96
Isaiah McKenzie,11927,WR,BUF,16,7.9,7,68.8,44.4,4,9,0,10.2,5,0.23,27,4,0,53.0,81.8,66.0,,65.9,0.0,0,2,30,0.0,0,417,0,53.2,44,94.7,395,80.3,335,95.4,64,4,19.4,81,433,145,3.3,9.8,1.1,2022,349.5,20.6,0.18,1.47
Nico Collins,61441,WR,HST,10,12.8,3,57.8,75.0,12,16,0,0.0,0,-0.1,21,13,0,90.0,77.6,72.4,,72.0,0.0,0,1,58,0.0,0,305,1,42.0,37,93.8,286,9.8,30,85.5,64,2,90.2,275,481,144,3.9,13.0,1.68,2022,109.0,258.4,0.39,3.19
Kalif Raymond,11028,WR,DET,17,10.0,2,75.8,42.9,3,7,0,0.0,0,0.03,24,11,1,90.3,40.8,72.1,72.0,72.7,0.6,2,0,56,0.6,2,346,0,47.1,47,93.1,322,46.0,159,106.7,62,0,52.3,181,616,227,4.8,13.1,1.91,2022,307.0,97.4,0.28,2.32
Olamide Zaccheaus,44920,WR,ATL,17,11.8,6,65.6,40.0,2,5,1,2.4,1,-0.09,25,2,1,82.3,30.0,64.6,69.4,67.4,0.0,0,0,45,0.8,3,386,3,43.8,40,93.8,362,60.9,235,109.5,61,3,38.9,150,533,202,5.1,13.3,1.47,2022,301.0,38.4,0.08,3.84
Jauan Jennings,48027,WR,SF,19,9.7,6,65.0,50.0,3,6,1,9.3,4,0.11,27,28,1,52.8,29.6,68.1,57.0,68.6,0.0,0,3,44,0.8,3,373,3,45.8,39,94.1,351,54.2,202,74.5,60,1,45.8,171,483,185,4.7,12.4,1.38,2022,164.5,51.5,0.14,2.71
Elijah Moore,84302,WR,NYJ,16,12.6,11,62.7,16.7,1,6,1,0.0,0,-0.19,22,22,1,90.0,78.7,57.5,,58.1,0.2,1,1,42,0.0,0,514,2,37.6,37,96.3,495,49.6,255,84.4,59,1,50.2,258,446,96,2.6,12.1,0.9,2022,99.8,136.1,0.15,2.0
Darnell Mooney,48236,WR,CHI,12,12.6,3,69.0,83.3,5,6,0,2.4,1,-0.02,20,6,0,82.2,78.2,69.2,68.2,68.9,0.0,0,2,56,0.6,2,337,0,41.6,40,92.6,312,60.5,204,92.1,58,2,38.0,128,493,170,4.3,12.3,1.58,2022,140.0,78.9,0.1,2.39
Ben Skowronek,27948,WR,LA,14,8.0,2,67.2,40.0,2,5,0,2.5,1,-0.12,16,26,0,81.8,78.1,57.2,78.7,56.4,1.6,7,2,32,5.4,24,444,2,43.5,39,92.6,411,43.9,195,70.8,58,0,50.0,222,376,143,3.7,9.6,0.91,2022,357.0,21.5,0.1,2.15
Isaiah Hodgins,52130,WR,NYG,12,9.2,4,82.1,63.6,7,11,0,0.0,0,0.03,28,21,1,90.4,36.0,76.9,,76.1,0.0,0,1,32,0.0,0,355,0,49.4,46,95.2,338,17.7,63,126.2,56,5,82.3,292,500,131,2.8,10.9,1.48,2022,189.5,62.0,0.12,2.95
Jahan Dotson,84375,WR,WAS,12,15.4,2,62.5,61.1,11,18,0,7.9,3,-0.03,26,32,0,63.4,78.0,70.5,,74.0,0.0,0,4,61,0.0,0,403,3,44.4,35,93.3,376,26.3,106,102.9,56,7,73.7,297,523,144,4.1,14.9,1.39,2022,74.0,124.8,0.14,2.55
Josh Reynolds,11872,WR,DET,14,13.2,1,67.9,66.7,6,9,2,5.0,2,0.17,25,11,0,73.2,77.9,64.1,70.0,64.2,0.0,0,1,31,0.5,2,405,2,49.2,38,94.8,384,36.5,148,104.7,56,3,63.5,257,479,117,3.1,12.6,1.25,2022,202.0,130.8,0.16,3.27
Julio Jones,6158,WR,TB,11,13.9,2,58.5,45.5,5,11,0,0.0,0,-0.06,16,30,0,88.3,78.0,66.0,,65.3,0.0,0,0,48,0.0,0,301,0,47.9,31,93.0,280,26.9,81,99.0,53,3,73.1,220,373,141,4.5,12.0,1.33,2022,100.0,36.4,0.16,3.31
Treylon Burks,99218,WR,TEN,11,12.4,4,62.3,58.3,7,12,1,2.9,1,0.0,19,31,0,79.6,78.1,74.1,,73.9,0.4,1,4,51,0.0,0,265,5,46.5,33,95.8,254,20.8,55,70.0,53,2,78.9,209,444,177,5.4,13.5,1.75,2022,101.3,39.9,0.09,1.9
Quez Watkins,61664,WR,PHI,20,11.2,4,64.2,9.1,1,11,0,2.9,1,0.02,13,24,1,70.8,30.7,52.7,66.2,54.2,0.0,0,3,53,0.2,1,477,1,44.6,34,94.8,452,75.5,360,79.3,53,3,24.5,117,362,157,4.6,10.6,0.8,2022,223.0,35.2,0.12,2.35
DJ Chark,47702,WR,DET,11,15.9,3,58.8,50.0,8,16,0,9.1,3,0.16,24,11,0,57.8,76.5,69.6,,69.6,0.0,0,1,51,0.0,0,351,0,47.2,30,97.2,341,25.4,89,103.6,51,3,74.6,262,502,138,4.6,16.7,1.47,2022,171.0,117.5,0.15,3.36
Nelson Agholor,9453,WR,NE,16,12.1,4,62.0,28.6,2,7,0,11.4,4,-0.22,12,19,2,49.8,20.6,56.4,76.5,57.7,0.0,0,3,44,1.3,4,313,0,38.0,31,94.2,295,30.0,94,72.3,50,2,69.6,218,362,145,4.7,11.7,1.23,2022,230.0,97.1,0.17,2.77
Hunter Renfrow,47509,WR,LV,10,6.5,7,73.5,75.0,3,4,0,0.0,0,0.02,18,23,3,90.0,21.4,65.6,,64.8,0.0,0,4,27,0.0,0,308,0,43.8,36,94.8,292,86.0,265,71.0,49,2,13.6,42,330,161,4.5,9.2,1.13,2022,201.0,50.5,0.14,2.02
Randall Cobb,6216,WR,GB,13,10.2,4,70.8,25.0,2,8,0,5.6,2,-0.13,19,12,1,70.1,79.1,70.1,36.3,71.3,0.0,0,1,40,0.4,1,261,0,42.4,34,95.4,249,80.1,209,95.6,48,1,18.8,49,417,182,5.4,12.3,1.67,2022,281.0,14.9,0.07,2.98
Kendrick Bourne,12270,WR,NE,16,10.6,3,74.5,40.0,2,5,1,7.9,3,-0.05,22,19,2,64.1,23.4,63.6,,67.8,0.0,0,2,41,0.0,0,310,4,42.2,35,95.5,296,27.1,84,92.0,47,1,72.9,226,434,144,4.1,12.4,1.47,2022,258.0,102.0,0.27,2.68
Devin Duvernay,40006,WR,BLT,14,10.0,2,78.7,60.0,3,5,0,2.6,1,0.0,19,3,0,80.8,89.5,67.2,,66.2,0.3,1,1,31,0.0,0,374,0,44.6,37,94.1,352,33.4,125,115.2,47,3,66.3,248,407,160,4.3,11.0,1.16,2022,320.5,7.3,0.05,0.91
Terrace Marshall,84271,WR,CAR,14,12.7,4,59.6,36.8,7,19,0,6.7,2,-0.03,23,5,2,65.8,26.7,67.7,,66.7,0.3,1,0,43,0.0,0,344,0,41.1,28,94.8,326,9.0,31,102.3,47,1,90.7,312,490,143,5.1,17.5,1.5,2022,258.5,32.9,0.1,1.73
DeVante Parker,9447,WR,NE,13,16.8,2,66.0,52.6,10,19,0,0.0,0,0.02,25,19,0,88.0,76.6,74.1,48.8,74.0,0.0,0,4,43,0.3,1,339,1,46.7,31,93.2,316,8.6,29,90.6,47,3,91.4,310,539,105,3.4,17.4,1.71,2022,213.0,72.4,0.13,2.19
Nick Westbrook-Ikhine,47861,WR,TEN,17,13.7,2,55.6,30.0,6,20,0,10.7,3,-0.1,18,31,0,55.1,75.9,59.8,38.3,57.9,0.0,0,2,63,0.2,1,443,2,42.6,25,94.6,419,55.3,245,88.8,45,3,44.5,197,397,108,4.3,15.9,0.95,2022,328.5,83.0,0.14,2.96
Van Jefferson,47447,WR,LA,11,16.6,1,54.5,37.5,3,8,0,4.0,1,-0.12,20,26,0,74.9,75.7,68.4,,67.7,0.3,1,3,39,0.0,0,310,0,40.5,24,96.5,299,29.0,90,76.8,44,3,70.6,219,369,34,1.4,15.4,1.23,2022,151.7,41.3,0.07,1.97
Tyquan Thornton,78092,WR,NE,13,14.9,1,51.2,20.0,1,5,0,12.0,3,-0.14,13,19,0,49.5,75.9,55.2,,54.3,0.0,0,2,29,0.0,0,348,0,37.1,22,93.7,326,24.1,84,64.8,43,2,75.9,264,247,66,3.0,11.2,0.76,2022,277.0,27.2,0.12,1.7
Robbie Chosen,11254,WR,ARZ,16,14.6,0,46.5,22.2,2,9,0,4.8,1,-0.15,10,1,1,70.5,24.3,51.2,,52.6,0.0,0,1,75,0.0,0,343,1,38.7,20,94.2,323,14.3,49,66.2,43,1,85.7,294,282,97,4.9,14.1,0.87,2022,366.0,22.6,0.17,5.65
Skyy Moore,97116,WR,KC,18,7.7,7,65.9,33.3,1,3,0,3.6,1,0.07,14,16,0,75.5,84.4,67.7,,67.6,0.9,2,3,30,0.0,0,224,0,53.8,27,92.9,208,48.7,109,61.7,41,1,50.0,112,267,169,6.3,9.9,1.28,2022,107.7,53.7,0.11,2.24
Marquise Goodwin,7859,WR,SEA,13,11.3,3,69.2,50.0,4,8,0,6.9,2,0.08,18,29,0,65.8,76.7,64.5,65.8,64.5,0.3,1,1,38,0.3,1,318,1,50.0,27,94.0,299,58.8,187,124.6,39,4,40.3,128,387,120,4.4,14.3,1.29,2022,328.0,14.0,0.11,1.75
Mecole Hardman,42683,WR,KC,9,8.0,2,75.0,66.7,2,3,0,6.9,2,0.33,15,16,0,55.1,81.0,68.2,,66.5,0.4,1,0,36,0.0,0,228,0,49.8,27,91.7,209,51.3,117,137.2,36,4,46.5,106,307,167,6.2,11.4,1.47,2022,188.0,27.7,0.18,1.73
Justin Watson,66915,WR,KC,19,19.3,0,51.4,25.0,1,4,0,18.2,4,0.26,15,16,0,33.5,78.5,53.5,83.1,53.8,0.9,3,1,67,0.6,2,352,1,53.3,18,93.8,330,30.4,107,93.2,35,2,68.8,242,345,58,3.2,19.2,1.05,2022,152.0,91.0,0.17,3.37
Tutu Atwell,77965,WR,LA,13,17.9,2,51.4,57.1,4,7,0,5.3,1,-0.1,11,26,0,68.7,77.0,70.1,,70.2,0.5,1,1,62,0.0,0,186,0,43.3,18,95.7,178,54.3,101,78.0,35,1,44.6,83,298,66,3.7,16.6,1.67,2022,266.0,108.4,0.16,2.46
Jamal Agnew,11920,WR,JAX,16,5.5,2,76.5,50.0,1,2,0,10.3,3,-0.1,9,15,1,55.1,70.0,67.6,68.8,64.1,0.0,0,0,24,0.9,1,108,0,43.1,26,93.5,101,54.6,59,119.0,34,3,44.4,48,194,141,5.4,7.5,1.92,2022,320.0,42.3,0.21,2.35
Rashid Shaheed,63707,WR,NO,12,11.6,0,82.4,0.0,0,1,0,0.0,0,0.1,18,20,1,86.9,89.8,80.9,,78.6,0.0,0,0,68,0.0,0,193,0,51.6,28,97.4,188,25.9,50,138.4,34,2,73.6,142,488,174,6.2,17.4,2.6,2022,178.0,151.6,0.25,2.86
Marquez Callaway,42295,WR,NO,13,12.5,1,50.0,40.0,4,10,0,11.1,2,-0.08,11,20,0,52.8,77.1,59.7,,58.8,0.0,0,2,33,0.0,0,197,0,47.9,16,95.4,188,7.1,14,48.7,32,1,92.9,183,158,39,2.4,9.9,0.84,2022,333.0,0.0,0.0,
Laviska Shenault,61220,WR,CAR,12,-0.8,15,84.4,50.0,1,2,0,3.6,1,0.24,10,5,0,75.5,78.5,85.0,,86.5,8.2,8,0,67,0.0,0,97,1,47.9,27,96.9,94,51.5,50,112.5,32,1,39.2,38,272,335,12.4,10.1,2.89,2022,314.0,21.5,0.23,0.98
David Bell,97989,WR,CLV,16,6.6,2,75.0,44.4,4,9,0,7.7,2,-0.05,7,8,0,63.4,76.0,52.5,69.2,52.1,0.0,0,3,20,0.9,3,327,0,44.3,24,93.3,305,72.2,236,53.4,32,0,27.8,91,214,74,3.1,8.9,0.7,2022,362.0,48.7,0.22,3.48
Brandon Powell,48036,WR,LA,17,1.4,1,77.4,50.0,1,2,0,0.0,0,-0.13,7,26,0,85.7,90.3,65.8,74.3,65.8,0.7,1,0,16,2.6,4,152,0,42.3,24,95.4,145,52.0,79,87.6,31,0,38.8,59,156,184,7.7,6.5,1.08,2022,327.0,69.1,0.17,2.03
Braxton Berrios,47961,WR,NYJ,16,6.7,1,58.1,66.7,4,6,0,10.0,2,-0.03,8,22,0,70.7,70.3,62.8,,60.2,0.5,1,1,25,0.0,0,189,0,42.5,18,95.2,180,60.8,115,56.5,31,0,37.0,70,145,95,5.3,8.1,0.81,2022,313.0,57.9,0.13,2.07
Wan'Dale Robinson,101735,WR,NYG,6,6.1,3,76.7,50.0,4,8,0,8.0,2,0.15,13,21,0,50.6,75.8,72.0,,70.9,0.0,0,0,19,0.0,0,140,0,48.8,23,92.1,129,80.7,113,108.6,30,1,19.3,27,227,127,5.5,9.9,1.76,2022,231.0,133.2,0.21,1.93
Kadarius Toney,61245,WR,KC,12,3.5,7,82.1,50.0,1,2,0,8.0,2,0.12,11,16,0,63.2,47.2,78.0,,76.4,1.8,2,0,38,0.0,0,110,1,47.1,23,93.6,103,38.2,42,135.3,28,3,56.4,62,221,154,6.7,9.6,2.15,2022,103.8,53.0,0.23,1.39
Rashod Bateman,84296,WR,BLT,6,13.2,3,53.6,0.0,0,1,0,25.0,5,0.13,7,3,1,28.3,22.4,61.6,,61.1,0.0,0,1,75,0.0,0,127,0,42.5,15,94.5,120,14.2,18,98.1,28,2,85.8,109,285,137,9.1,19.0,2.38,2022,101.0,76.5,0.13,2.32
Trenton Irwin,48080,WR,CIN,12,11.6,2,65.4,57.1,4,7,1,5.6,1,0.08,13,7,0,67.7,75.2,63.6,,64.9,0.0,0,0,45,0.0,0,258,1,51.3,17,93.0,240,41.5,107,136.2,26,4,58.5,151,250,64,3.8,14.7,1.04,2022,347.0,62.6,0.15,2.5
Khalil Shakir,84140,WR,BUF,16,14.6,0,65.2,66.7,2,3,0,11.8,2,-0.02,11,4,0,52.8,77.6,65.6,52.8,68.0,0.0,0,0,31,0.0,0,181,0,43.3,15,94.5,171,61.3,111,116.6,23,1,38.7,70,252,84,5.6,16.8,1.47,2022,187.3,113.1,0.19,2.83
Zach Pascal,12303,WR,PHI,20,5.4,3,81.8,60.0,3,5,0,0.0,0,0.21,10,24,0,68.7,74.3,61.1,48.8,59.9,9.0,18,1,34,0.5,1,200,2,49.2,18,94.0,188,63.0,126,94.1,22,1,26.0,52,165,90,5.0,9.2,0.88,2022,360.0,5.9,0.03,1.48
Michael Thomas,10681,WR,NO,3,10.5,0,72.7,80.0,8,10,0,5.9,1,-0.16,13,20,0,68.7,73.9,77.3,,77.4,0.0,0,0,21,0.0,0,109,1,42.3,16,95.4,104,20.2,22,134.7,22,3,79.8,87,171,25,1.6,10.7,1.64,2022,103.3,89.8,0.18,2.3
Sterling Shepard,10674,WR,NYG,3,10.6,1,61.9,40.0,2,5,0,13.3,2,-0.23,4,21,0,47.7,72.3,58.5,,60.1,0.9,1,0,65,0.0,0,108,1,36.4,13,91.7,99,31.5,34,100.1,21,1,67.6,73,154,52,4.0,11.8,1.56,2022,302.0,22.3,0.16,2.03
CeeDee Lamb,61570,WR,DAL,18,10.4,19,73.1,36.7,11,30,0,4.0,6,0.21,87,9,3,89.3,50.6,90.9,,91.2,0.3,2,2,92,0.0,0,742,6,51.6,144,93.3,692,58.6,435,118.4,197,12,40.3,299,1859,709,4.9,12.9,2.69,2023,2.0,263.4,0.32,2.29
Amon-Ra St Brown,84470,WR,DET,19,8.0,20,74.2,51.7,15,29,0,3.4,5,0.12,93,11,1,88.5,67.4,91.2,39.2,91.3,0.0,0,3,70,0.6,4,725,1,50.0,141,95.3,691,55.3,401,115.9,190,11,43.6,316,1789,802,5.7,12.7,2.59,2023,5.5,313.9,0.31,2.68
Tyreek Hill,10799,WR,MIA,17,11.3,27,70.9,30.4,7,23,0,7.5,10,0.14,84,17,1,63.6,64.4,93.4,,93.8,1.0,5,5,78,0.0,0,521,3,49.4,124,96.0,500,37.4,195,120.2,175,14,60.5,315,1861,689,5.6,15.0,3.72,2023,3.0,218.2,0.24,2.45
Davante Adams,8688,WR,LV,17,11.1,8,60.2,35.3,12,34,0,8.0,9,-0.06,59,23,0,67.6,83.6,79.1,,80.0,0.0,0,6,46,0.0,0,605,1,45.9,103,96.2,582,16.9,102,81.1,171,8,82.0,496,1144,337,3.3,11.1,1.97,2023,21.0,239.3,0.3,2.82
Garrett Wilson,97405,WR,NYJ,17,10.6,17,58.3,29.7,11,37,1,5.9,6,-0.31,47,22,2,64.1,32.1,72.9,,73.5,0.0,0,6,68,0.0,0,712,5,36.1,95,94.7,674,31.2,222,68.1,163,3,68.8,490,1042,319,3.4,11.0,1.55,2023,10.5,253.9,0.25,2.47
Puka Nacua,100632,WR,LA,18,9.4,16,69.9,50.0,15,30,0,10.2,13,0.07,74,26,1,51.7,44.2,90.2,72.0,89.3,0.0,0,3,80,1.4,9,659,5,46.9,114,92.1,607,30.3,200,109.6,163,7,69.5,458,1667,731,6.4,14.6,2.75,2023,12.0,206.6,0.43,2.3
AJ Brown,48327,WR,PHI,17,12.3,19,69.7,45.2,14,31,0,3.6,4,0.07,70,24,2,88.3,35.4,90.0,80.3,90.4,0.2,1,4,59,0.5,3,607,2,46.4,106,95.1,577,23.9,145,104.5,152,7,75.8,460,1456,484,4.6,13.7,2.52,2023,9.5,216.9,0.28,3.24
Michael Pittman,29049,WR,IND,16,8.1,5,72.7,53.6,15,28,0,4.4,5,-0.01,53,14,1,89.2,60.4,77.7,75.1,80.0,2.0,12,6,75,0.5,3,606,8,42.4,109,93.2,565,25.6,155,86.9,150,4,72.4,439,1152,518,4.8,10.6,2.04,2023,34.8,167.8,0.19,2.43
Mike Evans,8642,WR,TB,19,15.1,6,61.6,54.5,18,33,0,8.2,8,0.1,61,30,0,62.4,82.9,81.5,,83.0,0.0,0,4,75,0.0,0,663,4,45.7,90,93.8,622,29.4,195,115.4,146,14,70.6,468,1450,371,4.1,16.1,2.33,2023,33.5,240.4,0.36,3.25
Keenan Allen,7857,WR,LAC,13,9.9,7,74.5,50.0,10,20,0,5.3,6,0.04,56,27,2,79.0,35.7,85.3,77.5,86.4,0.0,0,2,42,0.5,3,561,1,47.7,108,93.9,527,59.0,331,110.2,145,7,40.3,226,1243,395,3.7,11.5,2.36,2023,68.0,186.4,0.22,2.66
Ja'Marr Chase,84270,WR,CIN,16,9.1,15,71.4,44.0,11,25,1,3.8,4,-0.01,63,7,1,85.7,58.8,85.3,,86.7,0.0,0,2,76,0.0,0,631,2,46.6,100,95.1,600,23.5,148,108.5,140,7,75.9,479,1216,553,5.5,12.2,2.03,2023,6.3,403.0,0.38,3.1
Chris Olave,84355,WR,NO,16,13.9,4,63.0,40.0,10,25,0,6.5,6,0.02,57,20,0,71.2,82.7,82.5,,82.9,0.0,0,3,51,0.0,0,562,1,43.2,87,96.4,542,39.3,221,91.5,138,5,59.8,336,1123,355,4.1,12.9,2.07,2023,24.0,78.7,0.25,2.38
Adam Thielen,8288,WR,CAR,17,8.0,3,75.7,50.0,6,12,0,3.7,4,-0.21,56,5,2,86.7,33.0,72.7,46.5,75.3,0.0,0,1,32,0.7,5,683,5,38.9,103,93.3,637,69.1,472,103.0,136,4,30.0,205,1014,350,3.4,9.8,1.59,2023,156.0,139.5,0.33,2.91
Chris Godwin,11839,WR,TB,19,10.3,6,67.4,59.3,16,27,1,4.2,4,0.09,57,30,0,83.9,83.5,77.5,73.3,77.9,0.9,6,3,47,0.3,2,687,1,45.4,91,93.2,640,37.4,257,90.6,135,3,61.6,423,1109,413,4.5,12.2,1.73,2023,66.0,137.8,0.35,2.7
DeAndre Hopkins,7808,WR,TEN,17,14.8,5,56.4,22.7,5,22,0,5.1,4,-0.12,48,31,0,77.4,82.1,81.0,62.3,82.3,0.0,0,6,61,0.2,1,543,4,38.8,75,93.0,505,20.3,110,80.9,133,7,79.0,429,1057,238,3.2,14.1,2.09,2023,92.5,147.0,0.28,2.63
Calvin Ridley,48262,WR,JAX,17,13.9,4,57.6,36.4,8,22,0,8.4,7,-0.04,49,15,1,62.1,54.8,71.4,,72.2,0.0,0,4,59,0.0,0,688,3,48.1,76,94.0,647,18.6,128,89.7,132,8,81.4,560,1016,202,2.7,13.4,1.57,2023,65.8,201.2,0.23,2.79
DJ Moore,48267,WR,CHI,17,11.9,16,72.7,53.6,15,28,2,2.0,2,-0.08,64,6,1,90.5,57.4,89.0,,89.5,0.0,0,2,58,0.0,0,615,3,43.3,96,96.1,591,21.6,133,119.6,132,8,78.0,480,1364,550,5.7,14.2,2.31,2023,32.5,238.1,0.22,2.13
Rashee Rice,97605,WR,KC,20,5.0,16,80.2,14.3,1,7,0,2.8,3,0.0,59,16,3,90.2,23.6,84.9,71.7,86.1,0.5,3,1,67,0.7,4,579,2,46.9,105,93.6,542,49.7,288,122.0,131,8,49.4,286,1200,853,8.1,11.4,2.21,2023,44.0,64.9,0.42,2.6
Terry McLaurin,48229,WR,WAS,17,12.2,7,61.7,50.0,13,26,0,4.8,4,-0.14,47,32,0,84.3,82.1,75.1,,74.5,0.1,1,4,48,0.0,0,676,0,44.2,79,95.1,643,15.2,103,83.5,128,4,84.6,572,1002,356,4.5,12.7,1.56,2023,54.5,269.8,0.29,3.21
Amari Cooper,9437,WR,CLV,16,14.1,5,59.8,53.3,16,30,0,6.2,5,-0.17,54,8,2,55.4,50.0,79.9,68.1,79.6,0.0,0,6,75,0.2,1,629,1,41.0,76,94.1,592,21.6,136,88.3,127,5,78.1,491,1309,279,3.7,17.2,2.21,2023,50.5,122.7,0.21,2.79
Nico Collins,61441,WR,HST,17,11.4,21,72.2,47.1,8,17,0,4.2,4,0.09,62,13,1,83.5,83.3,91.4,,91.2,0.2,1,2,75,0.0,0,497,0,47.0,91,94.6,470,20.1,100,127.8,126,9,79.7,396,1461,646,7.1,16.1,3.11,2023,20.3,210.6,0.42,3.1
DeVonta Smith,61100,WR,PHI,17,12.6,8,71.8,39.3,11,28,0,5.3,5,0.07,53,24,1,76.7,55.3,75.4,,77.1,0.0,0,3,63,0.0,0,668,1,46.2,89,95.2,636,31.1,208,111.4,124,7,68.3,456,1214,335,3.8,13.6,1.91,2023,33.8,199.4,0.25,2.89
Brandon Aiyuk,84109,WR,SF,19,14.6,10,70.0,50.0,9,18,0,2.3,2,0.27,70,28,1,86.1,53.9,91.5,66.8,91.7,0.2,1,3,76,0.3,2,593,4,54.1,84,94.9,563,24.6,146,124.0,120,8,75.2,446,1491,390,4.6,17.8,2.65,2023,32.8,62.4,0.17,2.5
Tyler Lockett,9502,WR,SEA,17,12.0,2,67.5,36.4,8,22,0,4.8,4,0.02,47,29,0,74.6,82.3,78.1,,77.6,0.2,1,4,37,0.0,0,597,0,47.3,79,93.1,556,35.2,210,90.2,117,5,64.3,384,894,221,2.8,11.3,1.61,2023,131.8,121.0,0.16,2.47
Zay Flowers,97268,WR,BLT,18,9.1,21,74.1,54.5,6,11,1,7.5,7,0.03,48,3,1,65.6,57.7,76.3,,75.2,0.0,0,1,75,0.0,0,626,2,49.5,86,93.9,588,31.0,194,113.9,116,6,69.0,432,1014,444,5.2,11.8,1.72,2023,52.3,209.5,0.25,2.52
George Pickens,99229,WR,PIT,18,13.6,7,59.6,32.0,8,25,1,4.2,3,-0.1,44,25,4,86.4,20.4,74.1,,74.7,0.0,0,4,86,0.0,0,617,5,42.7,68,94.2,581,16.4,101,95.3,114,5,83.6,516,1190,416,6.1,17.5,2.05,2023,54.8,166.4,0.22,2.73
DK Metcalf,47864,WR,SEA,16,14.1,14,58.9,29.0,9,31,3,8.3,6,0.01,52,29,0,56.0,81.0,80.0,,82.3,0.0,0,4,73,0.0,0,585,8,46.2,66,93.2,545,16.1,94,101.6,112,8,83.9,491,1114,370,5.6,16.9,2.04,2023,31.8,195.2,0.24,2.96
Jaylen Waddle,84088,WR,MIA,15,10.7,8,67.9,42.9,6,14,0,8.6,7,0.16,49,17,0,60.6,82.2,90.3,,90.6,0.2,1,4,60,0.0,0,430,0,50.6,74,96.5,415,24.7,106,95.5,109,4,74.0,318,1045,423,5.7,14.1,2.52,2023,28.8,145.6,0.18,2.35
Jakobi Meyers,47468,WR,LV,16,9.8,8,67.0,52.4,11,21,0,5.3,4,-0.1,46,23,0,75.3,82.1,69.9,71.8,71.8,0.0,0,4,33,0.4,2,561,6,44.9,71,94.7,531,28.0,157,99.1,106,8,71.8,403,807,243,3.4,11.4,1.52,2023,124.8,216.0,0.24,2.43
Drake London,86519,WR,ATL,16,11.7,4,65.1,51.5,17,33,0,4.2,3,-0.07,45,2,0,74.8,81.4,78.9,,78.9,0.0,0,4,45,0.0,0,511,1,44.7,69,94.9,485,26.2,134,82.5,106,2,73.8,377,905,195,2.8,13.1,1.87,2023,18.3,280.8,0.27,2.78
Romeo Doubs,84329,WR,GB,19,12.9,3,65.7,53.6,15,28,0,5.5,4,0.13,49,12,1,74.5,47.6,73.6,,74.0,0.0,0,3,46,0.0,0,587,1,46.5,69,94.5,555,15.7,92,109.5,105,9,84.3,495,908,216,3.1,13.2,1.64,2023,108.3,130.1,0.2,2.83
Jordan Addison,123000,WR,MIN,17,12.5,5,67.3,40.9,9,22,1,4.1,3,0.0,38,18,0,80.3,81.4,68.6,,69.7,0.0,0,7,62,0.0,0,642,1,44.7,70,94.4,606,28.8,185,98.7,104,10,70.7,454,911,267,3.8,13.0,1.5,2023,101.3,212.5,0.26,3.22
Elijah Moore,84302,WR,CLV,18,11.2,9,60.4,36.4,4,11,0,7.6,5,-0.21,29,8,1,65.6,51.1,58.9,0.0,60.6,0.0,0,3,42,0.2,1,647,1,39.9,61,94.0,608,44.0,285,73.5,101,2,53.5,346,652,206,3.4,10.7,1.07,2023,248.0,120.9,0.14,1.95
Cooper Kupp,11824,WR,LA,13,8.6,11,64.0,45.5,5,11,0,7.2,5,0.06,35,26,0,61.3,81.1,71.5,69.5,71.1,0.0,0,3,62,0.6,3,464,2,44.8,64,93.1,432,61.9,287,91.4,100,5,37.5,174,764,336,5.3,11.9,1.77,2023,24.5,175.0,0.27,2.54
Justin Jefferson,61398,WR,MIN,10,13.5,10,69.4,40.9,9,22,1,2.9,2,0.0,51,18,1,86.5,48.1,91.1,,91.2,0.0,0,3,52,0.0,0,391,1,45.4,68,94.4,369,30.2,118,109.8,98,5,69.6,272,1074,263,3.9,15.8,2.91,2023,7.5,316.6,0.3,3.04
Jayden Reed,78171,WR,GB,18,10.0,6,70.1,25.0,3,12,0,4.2,3,0.14,33,12,0,81.1,88.6,73.3,62.4,74.4,0.7,3,1,59,0.2,1,447,3,45.2,68,94.9,424,75.2,336,119.3,97,8,23.5,105,828,366,5.4,12.2,1.95,2023,72.3,199.0,0.29,2.65
Josh Downs,122832,WR,IND,17,7.4,8,72.3,45.5,5,11,0,2.9,2,-0.06,30,14,0,87.4,84.6,70.3,,71.0,0.2,1,1,59,0.0,0,514,1,40.4,68,94.0,483,81.3,418,99.2,94,2,17.7,91,771,374,5.5,11.3,1.6,2023,161.0,183.5,0.3,2.51
Diontae Johnson,33441,WR,PIT,14,12.7,7,59.8,33.3,6,18,1,3.5,2,-0.11,42,25,1,81.6,41.5,77.9,,79.1,0.0,0,2,71,0.0,0,433,4,44.2,55,93.1,403,22.4,97,99.2,92,6,77.6,336,765,285,5.2,13.9,1.9,2023,74.0,89.1,0.22,2.55
Tyler Boyd,10689,WR,CIN,17,7.2,11,73.6,40.0,6,15,0,4.3,3,-0.02,28,7,0,73.8,81.5,59.5,66.2,64.4,0.0,0,4,64,0.2,1,611,2,46.3,67,94.4,577,85.3,521,83.0,91,2,14.6,89,667,287,4.3,10.0,1.16,2023,209.5,78.3,0.12,1.96
Jaxon Smith-Njigba,129758,WR,SEA,17,6.4,6,70.0,25.0,3,12,0,11.3,8,-0.04,29,29,0,47.1,80.6,63.3,65.4,63.9,0.0,0,2,35,0.2,1,507,1,43.9,63,94.1,477,69.0,350,95.0,90,4,31.0,157,628,370,5.9,10.0,1.32,2023,83.0,251.6,0.27,2.4
Brandin Cooks,8655,WR,DAL,17,13.5,3,67.4,50.0,9,18,1,1.6,1,0.22,42,9,1,83.5,57.3,68.7,,69.8,0.0,0,5,37,0.0,0,635,1,51.7,60,93.5,594,35.9,228,97.8,89,8,64.1,407,704,134,2.2,11.7,1.19,2023,139.0,69.6,0.15,2.4
Courtland Sutton,48164,WR,DEN,16,13.0,3,67.8,57.1,12,21,0,10.6,7,-0.05,37,10,3,52.3,21.7,75.6,80.7,75.2,1.0,5,2,46,0.6,3,506,6,44.6,59,92.5,468,21.7,110,124.5,87,10,77.3,391,777,166,2.8,13.2,1.66,2023,94.3,237.1,0.25,2.93
Curtis Samuel,11795,WR,WAS,16,7.1,6,72.9,50.0,9,18,2,6.1,4,-0.22,26,32,0,71.3,81.7,69.7,75.0,70.4,0.9,4,4,37,0.7,3,430,2,41.5,62,93.5,402,70.2,302,89.0,85,4,26.5,114,613,265,4.3,9.9,1.52,2023,118.5,63.7,0.17,1.77
Jerry Jeudy,61103,WR,DEN,16,13.6,14,64.3,23.1,3,13,0,6.9,4,-0.09,28,10,1,67.2,40.4,67.8,,68.1,0.0,0,3,47,0.0,0,492,0,43.5,54,93.5,460,59.1,291,86.3,84,2,39.8,196,758,317,5.9,14.0,1.65,2023,135.5,236.9,0.22,2.63
Jonathan Mingo,97774,WR,CAR,15,10.6,5,51.8,36.4,4,11,0,8.5,4,-0.22,15,5,1,60.7,31.2,54.7,76.4,52.6,0.0,0,2,40,1.0,6,578,2,38.8,43,93.3,539,33.7,195,56.2,83,0,66.1,382,418,161,3.7,9.7,0.78,2023,278.5,34.2,0.07,1.8
Christian Kirk,47546,WR,JAX,12,10.7,6,71.3,28.6,2,7,1,6.6,4,0.02,34,15,2,68.2,26.7,71.1,75.7,72.7,0.0,0,2,57,0.2,1,408,1,48.3,57,93.1,380,71.3,291,104.5,80,3,27.9,114,787,251,4.4,13.8,2.07,2023,60.8,70.9,0.21,2.63
Jahan Dotson,84375,WR,WAS,17,10.0,1,62.0,33.3,4,12,2,7.5,4,-0.14,27,32,0,64.3,79.2,57.7,66.1,58.5,0.0,0,7,33,0.1,1,675,3,43.4,49,94.1,635,42.1,284,61.0,79,4,57.9,391,518,118,2.4,10.6,0.82,2023,175.3,41.9,0.06,2.09
Darius Slayton,25578,WR,NYG,17,12.5,11,65.8,18.2,2,11,0,5.7,3,-0.08,29,21,0,71.4,79.6,67.5,68.1,68.2,0.2,1,2,80,0.2,1,584,0,42.6,50,95.5,558,33.4,195,105.7,76,4,66.4,388,770,302,6.0,15.4,1.38,2023,229.5,110.0,0.13,2.68
Wan'Dale Robinson,101735,WR,NYG,15,5.5,8,78.9,80.0,4,5,2,4.8,3,-0.17,29,21,0,76.2,81.6,65.5,,67.0,1.4,6,0,33,0.0,0,422,2,39.3,60,95.3,402,78.2,330,99.8,76,1,19.4,82,525,291,4.9,8.8,1.31,2023,185.0,182.7,0.21,1.9
Robert Woods,7822,WR,HST,16,9.9,1,55.3,38.1,8,21,1,8.7,4,-0.08,27,13,0,59.9,83.7,60.7,39.3,61.0,0.4,2,1,26,0.4,2,479,3,42.4,42,93.5,448,55.5,266,71.3,76,1,42.2,202,443,136,3.2,10.5,0.99,2023,344.0,40.3,0.11,2.01
Josh Reynolds,11872,WR,DET,20,11.7,11,64.0,57.1,8,14,1,9.4,5,0.15,39,11,1,56.7,35.3,70.1,61.6,69.2,0.0,0,1,33,0.2,1,608,3,50.4,48,95.4,580,34.9,212,117.6,75,6,65.1,396,740,221,4.6,15.4,1.28,2023,237.3,38.4,0.12,2.95
Tank Dell,78874,WR,HST,11,14.4,3,63.5,60.0,6,10,0,7.8,4,0.18,33,13,0,64.5,85.5,83.4,,83.3,0.0,0,2,68,0.0,0,338,1,49.5,47,94.7,320,28.7,97,115.2,74,7,70.1,237,709,145,3.1,15.1,2.22,2023,49.3,140.0,0.22,2.33
Tee Higgins,61211,WR,CIN,12,13.1,4,56.8,34.8,8,23,1,12.5,6,-0.07,33,7,0,45.9,78.5,72.1,65.7,70.9,0.2,1,1,80,0.2,1,419,3,44.1,42,94.5,396,17.4,73,103.2,74,5,82.3,345,656,235,5.6,15.6,1.66,2023,50.5,224.1,0.35,3.07
KJ Osborn,23503,WR,MIN,16,9.2,1,65.8,25.0,3,12,0,12.7,7,-0.02,28,18,1,35.7,79.0,53.9,73.6,54.3,0.0,0,3,47,0.3,2,594,2,43.6,48,93.9,558,35.4,210,84.3,73,3,64.6,384,540,186,3.9,11.3,0.97,2023,283.7,18.7,0.07,2.67
Rashid Shaheed,63707,WR,NO,15,14.6,4,64.8,55.6,5,9,0,4.2,2,0.0,27,20,0,77.0,71.6,69.0,,69.4,0.0,0,3,58,0.0,0,446,3,41.8,46,96.6,431,47.1,210,104.1,71,5,52.2,233,719,155,3.4,15.6,1.67,2023,131.5,75.8,0.27,2.92
Trey Palmer,99248,WR,TB,19,11.1,3,60.0,33.3,6,18,0,6.7,3,0.08,19,30,3,67.4,19.7,53.3,,54.8,0.2,1,1,56,0.0,0,538,5,44.6,42,92.9,500,55.4,298,93.3,70,4,44.2,238,473,173,4.1,11.3,0.95,2023,293.0,35.2,0.12,2.93
Odell Beckham,8647,WR,BLT,16,15.0,3,56.5,45.5,5,11,0,2.5,1,0.01,29,3,1,82.6,29.7,75.4,,77.0,0.0,0,1,51,0.0,0,361,2,48.5,39,92.0,332,13.0,47,93.8,69,3,87.0,314,599,162,4.2,15.4,1.8,2023,285.5,14.5,0.12,1.61
Tutu Atwell,77965,WR,LA,17,11.6,1,59.7,45.5,5,11,0,7.0,3,0.05,27,26,0,66.8,79.6,68.3,,66.6,0.0,0,2,44,0.0,0,441,0,46.6,40,92.5,408,43.5,192,91.7,67,4,56.5,249,521,130,3.3,13.0,1.28,2023,318.5,98.9,0.23,2.25
Quentin Johnston,123085,WR,LAC,17,13.0,5,58.5,31.8,7,22,0,5.0,2,-0.02,20,27,0,64.3,78.6,58.9,,58.7,0.0,0,1,57,0.0,0,514,1,44.9,38,94.9,488,10.7,55,82.3,65,2,89.3,459,431,152,4.0,11.3,0.88,2023,184.0,174.7,0.27,3.01
Alec Pierce,78038,WR,IND,17,15.7,1,50.8,42.9,9,21,0,5.9,2,-0.03,24,14,0,69.5,77.0,58.1,66.3,56.6,0.0,0,1,58,0.2,1,649,2,42.1,32,93.2,605,13.1,85,82.4,63,2,86.9,564,514,94,2.9,16.1,0.85,2023,268.3,161.4,0.2,4.36
Zay Jones,11792,WR,JAX,9,14.1,0,54.8,35.7,5,14,0,2.9,1,0.0,13,15,0,79.4,77.1,61.2,66.2,61.5,0.0,0,2,36,0.3,1,325,0,49.4,34,94.5,307,28.9,94,66.7,62,2,71.1,231,321,61,1.8,9.4,1.05,2023,263.0,16.4,0.06,2.05
DJ Chark,47702,WR,CAR,15,15.2,1,56.5,58.8,10,17,0,12.5,5,-0.21,22,5,2,46.1,21.7,60.0,,60.0,0.0,0,0,47,0.0,0,521,0,40.3,35,93.3,486,24.6,128,111.3,62,5,75.4,393,525,92,2.6,15.0,1.08,2023,250.0,13.1,0.12,3.27
Justin Watson,66915,WR,KC,20,17.9,0,53.2,46.7,7,15,0,15.4,6,0.11,25,16,1,44.3,28.2,62.4,66.3,62.3,0.4,2,3,41,0.2,1,492,1,49.6,33,94.1,463,30.7,151,79.4,62,3,68.5,337,550,71,2.2,16.7,1.19,2023,274.3,62.9,0.09,2.86
Dontayvion Wicks,99711,WR,GB,17,10.7,7,67.2,42.9,3,7,0,4.7,2,0.16,30,12,3,74.3,23.0,77.8,,77.0,0.9,3,1,35,0.0,0,328,2,47.6,41,95.1,312,35.7,117,119.9,61,5,63.4,208,605,218,5.3,14.8,1.94,2023,130.3,110.5,0.19,2.83
Rashod Bateman,84296,WR,BLT,18,14.6,3,59.0,50.0,7,14,1,10.0,4,0.04,22,3,0,55.9,78.0,61.0,,60.1,0.2,1,3,29,0.0,0,409,1,48.8,36,95.1,389,10.3,42,64.1,61,1,89.5,366,408,72,2.0,11.3,1.05,2023,190.3,174.6,0.23,3.88
Joshua Palmer,62979,WR,LAC,10,12.3,2,63.3,46.7,7,15,0,7.3,3,-0.03,22,27,1,66.3,29.7,69.0,,69.0,0.0,0,1,79,0.0,0,369,1,45.9,38,92.7,342,38.8,143,99.4,60,2,61.0,225,581,188,4.9,15.3,1.7,2023,115.3,103.4,0.17,2.65
Michael Wilson,84423,WR,ARZ,13,14.1,6,64.4,47.1,8,17,1,2.6,1,-0.04,29,1,0,81.9,77.9,68.3,68.1,68.7,0.0,0,2,69,0.2,1,444,3,43.3,38,93.5,415,25.9,115,98.5,59,3,74.1,329,565,143,3.8,14.9,1.36,2023,151.0,126.5,0.15,2.64
Christian Watson,66581,WR,GB,11,16.2,2,53.6,33.3,6,18,0,6.3,2,0.04,21,12,0,67.3,77.5,68.2,65.5,70.3,2.2,7,6,77,0.3,1,316,2,45.2,30,94.3,298,34.2,108,69.8,56,5,63.6,201,442,122,4.1,14.7,1.48,2023,84.3,105.3,0.19,3.19
Khalil Shakir,84140,WR,BUF,19,7.4,5,87.5,60.0,3,5,0,2.0,1,0.23,32,4,0,86.6,82.9,76.7,69.9,76.9,1.0,4,0,81,0.7,3,413,1,52.5,49,95.2,393,76.8,317,141.5,56,4,22.3,92,686,341,7.0,14.0,1.75,2023,105.5,182.5,0.31,2.34
Kendrick Bourne,12270,WR,NE,8,10.5,5,67.3,0.0,0,4,0,0.0,0,-0.28,15,19,1,90.0,29.3,67.2,,69.7,0.0,0,4,36,0.0,0,247,3,40.4,37,95.1,235,30.4,75,82.8,55,4,69.6,172,406,208,5.6,11.0,1.73,2023,273.7,65.1,0.14,2.24
Darnell Mooney,48236,WR,CHI,15,11.3,4,56.4,18.2,2,11,1,13.9,5,-0.1,20,6,0,41.0,77.1,55.2,39.6,58.9,0.6,3,4,41,0.8,4,489,1,43.2,31,95.3,466,65.4,320,56.2,55,1,32.5,159,414,185,6.0,13.4,0.89,2023,146.8,193.2,0.2,3.02
Marquez Valdes-Scantling,47809,WR,KC,20,17.8,2,55.8,42.9,3,7,1,9.4,3,0.1,19,16,1,57.8,27.2,52.1,,52.9,0.0,0,1,46,0.0,0,608,3,49.6,29,93.6,569,32.6,198,88.9,52,2,67.4,410,443,101,3.5,15.3,0.78,2023,332.0,84.5,0.18,4.22
Nelson Agholor,9453,WR,BLT,19,9.7,4,73.1,44.4,4,9,1,9.5,4,-0.06,21,3,1,56.7,43.6,61.6,36.3,61.4,2.9,12,1,39,0.2,1,419,1,44.1,38,94.0,394,71.8,301,121.6,52,5,25.3,106,432,172,4.5,11.4,1.1,2023,277.0,49.1,0.12,3.51
Jameson Williams,101701,WR,DET,15,16.4,5,58.8,58.3,7,12,0,14.3,5,0.09,19,11,1,41.3,28.6,62.9,61.8,61.8,0.0,0,2,63,0.3,1,342,0,49.5,30,97.1,332,35.4,121,89.7,51,3,64.6,221,433,106,3.5,14.4,1.3,2023,96.3,212.2,0.26,3.08
Allen Lazard,48135,WR,NYJ,14,12.2,1,47.9,23.5,4,17,0,17.9,5,-0.32,17,22,0,31.7,75.3,52.7,74.9,52.6,0.2,1,1,39,0.4,2,483,5,35.2,23,94.2,455,22.2,107,67.3,48,1,77.6,375,311,57,2.5,13.5,0.68,2023,285.0,126.0,0.19,3.41
JuJu Smith-Schuster,11817,WR,NE,11,7.5,0,63.0,61.5,8,13,0,9.4,3,-0.24,13,19,0,57.0,76.3,57.0,,59.0,0.4,1,4,37,0.0,0,256,4,40.7,29,96.1,246,43.4,111,49.2,46,1,56.3,144,260,95,3.3,9.0,1.06,2023,263.0,53.1,0.13,2.95
Demarcus Robinson,10760,WR,LA,14,14.1,3,64.4,85.7,6,7,0,0.0,0,0.2,23,26,2,87.3,20.7,70.0,,69.2,0.0,0,1,37,0.0,0,271,2,51.4,29,95.6,259,24.0,65,114.6,45,4,76.0,206,415,93,3.2,14.3,1.6,2023,185.7,123.5,0.14,3.98
Cedrick Wilson,48170,WR,MIA,16,11.7,1,55.6,50.0,5,10,0,0.0,0,-0.07,16,17,0,85.7,78.6,65.3,,66.3,0.6,2,1,31,0.0,0,320,3,43.8,25,94.7,303,38.4,123,92.2,45,3,60.3,193,333,65,2.6,13.3,1.1,2023,314.0,47.1,0.12,2.35
Kalif Raymond,11028,WR,DET,17,8.8,3,81.4,0.0,0,2,0,2.8,1,0.04,20,11,0,79.9,89.7,75.4,28.2,75.8,0.8,2,0,41,0.4,1,247,2,49.4,35,95.5,236,49.0,121,121.8,43,1,49.0,121,489,214,6.1,14.0,2.07,2023,260.7,50.5,0.24,2.66
Brandon Powell,48036,WR,MIN,13,8.4,3,67.4,28.6,2,7,1,9.4,3,0.06,18,18,0,57.2,64.2,61.7,76.7,63.6,0.0,0,2,28,1.6,5,305,3,43.6,29,94.1,287,63.6,194,78.1,43,1,36.4,111,324,102,3.5,11.2,1.13,2023,368.0,14.1,0.07,2.01
Van Jefferson,47447,WR,ATL,17,16.9,0,47.6,37.5,3,8,1,13.0,3,0.0,10,2,0,47.8,75.0,49.6,,51.9,0.0,0,4,46,0.0,0,395,5,46.3,20,95.2,376,39.7,157,22.9,42,0,60.3,238,209,23,1.2,10.5,0.56,2023,256.0,63.6,0.09,2.65
Jauan Jennings,48027,WR,SF,16,10.4,6,69.0,50.0,4,8,0,3.3,1,0.28,20,28,0,76.7,76.8,74.1,73.0,72.4,0.0,0,1,31,0.9,3,326,3,52.4,29,92.9,303,57.7,188,102.9,42,2,42.3,138,376,130,4.5,13.0,1.24,2023,252.7,210.5,0.31,2.73
Cedric Tillman,84434,WR,CLV,14,12.2,4,50.0,28.6,2,7,0,4.5,1,-0.19,12,8,0,71.3,75.0,55.5,76.4,55.4,2.9,11,5,23,1.6,6,382,1,40.1,21,93.7,358,38.5,147,26.4,42,0,58.6,224,224,67,3.2,10.7,0.63,2023,289.7,80.4,0.19,2.68
Nick Westbrook-Ikhine,47861,WR,TEN,14,12.4,4,66.7,22.2,2,9,1,12.5,4,-0.07,18,31,0,40.0,76.5,59.4,79.6,61.9,0.0,0,0,33,2.8,10,362,3,40.8,28,90.6,328,52.2,189,118.2,42,3,47.8,173,370,117,4.2,13.2,1.13,2023,366.0,135.7,0.18,4.24
Jalin Hyatt,124282,WR,NYG,17,20.7,1,57.5,40.0,4,10,0,14.8,4,-0.09,11,21,1,44.0,26.2,59.7,,58.5,0.0,0,2,58,0.0,0,403,0,41.0,23,96.3,388,11.7,47,68.0,40,0,88.3,356,373,53,2.3,16.2,0.96,2023,242.3,14.2,0.04,1.77
Greg Dortch,42237,WR,ARZ,13,9.6,7,63.2,25.0,2,8,0,0.0,0,-0.18,14,1,0,85.7,88.8,68.2,,71.2,0.0,0,0,38,0.0,0,258,1,38.0,24,95.0,245,28.3,73,103.0,38,2,71.3,184,280,153,6.4,11.7,1.14,2023,196.0,92.3,0.21,2.2
Xavier Gipson,104136,WR,NYJ,14,9.9,5,58.3,28.6,2,7,0,4.5,1,-0.33,9,22,0,72.8,40.1,56.2,38.3,56.5,0.0,0,1,36,0.3,1,363,2,35.8,21,94.5,343,61.4,223,65.6,36,0,37.7,137,229,107,5.1,10.9,0.67,2023,288.0,16.4,0.09,2.34
Skyy Moore,97116,WR,KC,14,9.3,4,58.3,25.0,1,4,0,4.5,1,0.09,13,16,0,72.8,26.3,54.8,,54.9,1.3,4,3,54,0.0,0,307,0,52.2,21,94.1,289,34.9,107,53.5,36,1,63.2,194,244,111,5.3,11.6,0.84,2023,315.5,0.0,0.0,
Jalen Tolbert,61637,WR,DAL,18,14.2,2,61.1,50.0,4,8,0,4.3,1,0.08,13,9,0,72.1,75.5,56.5,,58.0,0.0,0,1,45,0.0,0,321,1,46.3,22,93.5,300,36.1,116,91.0,36,2,63.9,205,268,31,1.4,12.2,0.89,2023,186.5,152.0,0.17,3.1
Chris Moore,10741,WR,TEN,17,18.0,0,62.9,55.6,5,9,0,4.3,1,-0.07,16,31,1,72.8,30.0,64.9,73.6,64.9,0.0,0,1,49,0.6,2,330,0,42.2,22,92.4,305,32.7,108,93.0,35,0,67.3,222,424,62,2.8,19.3,1.39,2023,374.0,0.0,0.0,
Braxton Berrios,47961,WR,MIA,17,7.0,1,79.4,50.0,2,4,1,3.6,1,0.1,15,17,0,75.5,90.1,57.6,69.3,57.4,0.0,0,2,22,0.6,2,349,2,50.1,27,96.0,335,59.6,208,81.1,34,1,40.1,140,238,86,3.2,8.8,0.71,2023,370.0,0.0,0.0,
Tre Tucker,101106,WR,LV,16,19.2,1,55.9,33.3,1,3,0,5.0,1,-0.08,12,23,0,69.6,77.4,65.2,,64.3,0.0,0,2,50,0.0,0,236,1,44.6,19,94.9,224,38.1,90,84.3,34,2,61.4,145,331,27,1.4,17.4,1.48,2023,243.3,129.3,0.13,2.31
Trenton Irwin,48080,WR,CIN,16,10.6,1,75.8,50.0,2,4,0,0.0,0,-0.02,15,7,1,86.1,24.3,57.0,59.1,60.8,1.1,3,2,32,0.7,2,279,0,48.5,25,93.9,262,34.4,96,90.0,33,1,64.5,180,316,113,4.5,12.6,1.21,2023,384.0,4.5,0.04,1.5
John Metchie III,97400,WR,HST,18,8.7,3,57.6,0.0,0,3,1,13.6,3,0.06,9,13,0,46.6,75.5,57.8,65.3,58.6,0.0,0,0,27,0.4,1,226,2,45.6,19,94.7,214,39.8,90,75.6,33,0,60.2,136,202,95,5.0,10.6,0.94,2023,258.5,55.4,0.15,2.31
Calvin Austin III,61418,WR,PIT,18,11.9,4,56.3,42.9,3,7,0,5.3,1,-0.09,8,25,0,69.0,88.2,56.6,,56.1,0.4,1,1,72,0.0,0,262,2,41.9,18,94.7,248,41.2,108,81.1,32,2,58.4,153,187,74,4.1,10.4,0.75,2023,297.7,114.8,0.19,3.19
Marvin Mims,122937,WR,DEN,16,15.2,4,68.8,28.6,2,7,0,4.3,1,-0.12,9,10,0,73.7,62.8,63.1,,64.6,0.0,0,1,60,0.0,0,264,1,41.2,22,92.8,245,28.4,75,105.9,32,1,70.8,187,377,156,7.1,17.1,1.54,2023,192.8,129.5,0.44,2.49
Tyler Scott,123578,WR,CHI,17,12.5,1,54.8,14.3,1,7,0,15.0,3,-0.13,10,6,1,41.9,28.2,52.7,80.6,53.2,1.1,3,1,30,3.0,8,271,1,42.3,17,94.8,257,21.0,57,56.9,31,0,77.9,211,168,65,3.8,9.9,0.65,2023,315.0,1.5,0.07,1.5
Terrace Marshall,84271,WR,CAR,9,7.9,0,63.3,40.0,2,5,0,9.5,2,-0.25,8,5,1,58.1,24.3,54.8,,56.6,0.0,0,1,14,0.0,0,229,1,36.9,19,94.8,217,28.4,65,60.3,30,0,71.6,164,139,48,2.5,7.3,0.64,2023,409.0,7.1,0.05,2.37
Treylon Burks,99218,WR,TEN,11,17.7,1,55.2,28.6,2,7,2,20.0,4,-0.11,8,31,0,31.9,75.7,52.4,74.6,52.6,0.0,0,0,70,0.7,2,287,4,36.4,16,92.7,266,31.0,89,79.8,29,0,68.6,197,221,72,4.5,13.8,0.83,2023,275.0,7.5,0.05,1.25
Mecole Hardman,42683,WR,KC,14,7.9,3,69.0,33.3,1,3,0,9.1,2,-0.2,10,16,1,58.1,22.0,55.2,,60.4,0.6,1,2,52,0.0,0,154,1,36.6,20,92.2,142,55.2,85,69.0,29,1,41.6,64,186,122,6.1,9.3,1.31,2023,325.0,33.2,0.29,1.95
Mack Hollins,11873,WR,ATL,13,13.4,0,64.3,60.0,3,5,0,0.0,0,-0.24,9,2,0,82.7,73.9,64.6,66.1,64.8,0.6,1,0,45,0.6,1,168,1,44.4,18,95.8,161,26.2,44,93.0,28,0,73.2,123,251,59,3.3,13.9,1.56,2023,243.0,98.8,0.14,3.19
Bo Melton,61610,WR,GB,7,13.6,1,69.2,50.0,3,6,0,5.3,1,0.44,14,12,0,69.6,75.3,83.4,,82.6,1.0,1,0,37,0.0,0,96,0,57.1,18,94.8,91,33.3,32,124.5,26,2,63.5,61,244,38,2.1,13.6,2.68,2023,289.0,22.5,0.09,1.41
Mike Williams,11762,WR,LAC,3,12.4,4,76.0,71.4,5,7,0,0.0,0,0.28,9,27,0,83.2,74.5,74.6,,73.5,0.9,1,0,49,0.0,0,113,0,57.0,19,94.7,107,28.3,32,120.3,25,1,70.8,80,249,105,5.5,13.1,2.33,2023,136.5,56.8,0.12,2.7
Andrei Iosivas,109811,WR,CIN,15,9.4,0,60.0,40.0,2,5,1,11.8,2,0.01,11,7,0,51.5,73.8,61.2,,62.1,0.0,0,1,16,0.0,0,159,1,49.0,15,95.0,151,17.0,27,94.3,25,4,83.0,132,116,34,2.3,7.7,0.77,2023,206.0,119.9,0.13,3.33
Jake Bobo,77997,WR,SEA,17,7.3,1,79.2,71.4,5,7,0,5.0,1,0.03,9,29,0,71.5,75.5,73.5,59.8,70.7,0.6,1,1,31,1.3,2,160,1,45.7,19,93.8,150,33.8,54,111.1,24,2,63.1,101,196,88,4.6,10.3,1.31,2023,289.0,29.7,0.09,2.28
Malik Heath,124173,WR,GB,13,9.3,0,62.5,44.4,4,9,0,11.8,2,0.27,6,12,0,51.2,73.7,60.1,28.9,59.2,1.7,2,0,16,0.8,1,121,0,48.3,15,96.7,117,32.2,39,89.8,24,1,66.1,80,125,36,2.4,8.3,1.07,2023,387.0,31.7,0.19,3.17
Dyami Brown,77986,WR,WAS,17,16.9,1,52.2,50.0,2,4,0,14.3,2,0.05,8,32,0,45.7,72.9,59.0,,58.6,0.0,0,2,35,0.0,0,178,1,44.9,12,93.3,166,32.6,58,54.3,23,1,67.4,120,168,77,6.4,14.0,1.01,2023,213.0,69.4,0.15,2.1
Xavier Hutchinson,122518,WR,HST,16,9.5,3,54.5,14.3,1,7,0,7.7,1,-0.1,3,13,0,63.2,74.7,47.3,,47.2,0.0,0,0,34,0.0,0,201,3,42.6,12,94.5,190,36.3,73,66.3,22,0,63.2,127,99,37,3.1,8.3,0.52,2023,345.0,23.7,0.05,1.97
Tyquan Thornton,78092,WR,NE,9,10.8,0,59.1,33.3,1,3,0,13.3,2,-0.07,3,19,0,47.7,73.8,57.6,,54.4,0.0,0,0,15,0.0,0,141,0,43.1,13,97.2,137,22.7,32,68.6,22,0,77.3,109,91,48,3.7,7.0,0.66,2023,285.0,8.7,0.08,2.17
Cooper Kupp,11824,WR,LA,21,8.8,30,77.4,53.8,14,26,0,4.8,9,0.24,108,26,1,87.1,76.3,93.0,40.2,93.1,0.0,0,7,70,1.0,8,826,0,53.0,178,94.2,778,66.0,545,129.7,230,22,32.1,265,2425,1070,6.0,13.6,3.12,2021,4.0,203.4,0.38,2.42
Tyreek Hill,10799,WR,KC,20,10.6,15,73.6,28.6,6,21,2,6.9,10,0.24,87,16,2,71.6,48.8,86.0,,85.6,0.8,6,4,75,0.0,0,759,4,53.3,134,93.7,711,53.6,407,111.1,182,12,45.3,344,1524,576,4.3,11.4,2.14,2021,22.0,341.2,0.43,2.71
Davante Adams,8688,WR,GB,17,9.7,13,74.6,50.0,14,28,1,2.9,4,0.19,88,12,0,90.5,85.4,92.7,,92.8,0.2,1,3,59,0.0,0,618,2,49.3,132,94.5,584,33.0,204,116.6,177,11,66.8,413,1643,650,4.9,12.4,2.81,2021,11.3,335.5,0.32,3.26
Diontae Johnson,33441,WR,PIT,17,9.0,16,63.6,39.1,9,23,1,6.7,8,-0.07,64,25,2,64.7,35.9,73.2,,73.8,0.1,1,3,50,0.0,0,701,10,40.4,112,93.3,654,7.0,49,93.3,176,9,92.9,651,1195,542,4.8,10.7,1.83,2021,46.3,176.7,0.17,1.9
Stefon Diggs,9579,WR,BUF,19,11.8,17,64.9,46.9,15,32,0,4.4,5,0.17,68,4,1,84.4,60.3,81.0,67.2,81.9,0.1,1,6,61,0.1,1,748,2,51.6,109,94.1,704,20.9,156,93.2,168,10,78.6,588,1292,338,3.1,11.9,1.84,2021,10.3,316.6,0.38,2.9
Justin Jefferson,61398,WR,MIN,17,13.3,9,66.3,48.1,13,27,0,7.7,9,0.09,75,18,1,69.4,60.9,90.1,,90.1,0.0,0,2,56,0.0,0,662,1,45.6,108,94.1,623,31.0,205,113.9,163,10,68.4,453,1616,492,4.6,15.0,2.59,2021,3.3,365.3,0.34,2.77
Ja'Marr Chase,84270,WR,CIN,21,12.9,22,67.1,38.9,14,36,0,9.4,11,0.11,72,7,2,56.3,40.1,85.3,,86.1,0.1,1,7,82,0.0,0,787,3,46.8,106,94.8,746,18.4,145,117.1,158,14,80.9,637,1823,827,7.8,17.2,2.44,2021,6.3,246.4,0.31,2.68
DJ Moore,48267,WR,CAR,17,10.8,7,59.6,34.6,9,26,0,8.8,9,-0.2,60,5,1,55.1,59.7,76.9,66.8,76.3,0.0,0,6,64,0.2,1,653,1,40.9,93,95.3,622,18.4,120,75.2,156,4,80.7,527,1157,445,4.8,12.4,1.86,2021,35.5,199.1,0.2,2.73
Keenan Allen,7857,WR,LAC,16,9.1,3,70.7,50.0,14,28,0,7.8,9,0.14,66,27,1,60.6,59.9,77.5,,77.5,0.3,2,5,42,0.0,0,689,4,49.2,106,93.0,641,62.6,431,92.0,150,6,36.3,250,1138,356,3.4,10.7,1.78,2021,31.0,166.0,0.32,2.48
Jaylen Waddle,84088,WR,MIA,16,7.0,11,75.4,70.6,12,17,0,8.0,9,0.04,59,17,1,64.1,64.9,78.3,,78.5,0.2,1,6,57,0.0,0,622,4,47.7,104,93.1,579,60.1,374,91.9,138,6,38.3,238,1015,455,4.4,9.8,1.75,2021,43.3,261.2,0.33,3.35
Tee Higgins,61211,WR,CIN,18,12.2,12,67.6,41.9,18,43,0,8.0,8,0.11,66,7,1,63.5,55.5,83.4,62.2,82.8,0.3,2,2,75,0.1,1,676,2,46.7,92,95.1,643,21.0,142,114.8,136,8,78.7,532,1400,425,4.6,15.2,2.18,2021,31.0,218.9,0.29,2.96
Hunter Renfrow,47509,WR,LV,18,6.7,15,82.2,40.0,6,15,0,2.6,3,0.01,52,23,1,90.4,58.0,78.8,,80.3,0.0,0,1,54,0.0,0,623,0,47.0,111,93.9,585,64.5,402,119.6,135,9,35.2,219,1096,490,4.4,9.9,1.87,2021,83.0,81.0,0.21,2.25
Darnell Mooney,48236,WR,CHI,17,11.4,10,60.4,20.0,4,20,0,4.7,4,-0.13,49,6,0,79.4,83.0,74.7,65.8,74.9,0.0,0,8,64,0.2,1,651,0,43.2,81,94.2,613,43.6,284,70.3,134,4,55.6,362,1055,391,4.8,13.0,1.72,2021,59.8,101.5,0.16,2.48
Mike Evans,8642,WR,TB,18,13.1,10,67.9,75.0,15,20,0,6.2,6,0.19,66,30,0,72.5,83.0,75.4,,75.1,0.0,0,3,55,0.0,0,747,2,51.7,91,96.3,719,34.3,256,128.5,134,16,65.7,491,1271,318,3.5,14.0,1.77,2021,26.0,226.3,0.24,2.94
Jakobi Meyers,47468,WR,NE,18,9.8,4,68.5,69.0,20,29,0,4.3,4,0.08,45,19,1,77.6,83.7,74.7,75.5,74.6,0.2,1,3,39,1.3,8,615,3,48.6,89,93.3,574,65.9,405,83.7,130,2,33.8,208,906,233,2.6,10.2,1.58,2021,139.3,182.3,0.26,2.64
Brandin Cooks,8655,WR,HST,16,11.1,6,69.2,57.1,12,21,1,4.3,4,-0.2,45,13,0,82.5,83.1,77.4,,77.3,0.0,0,3,52,0.0,0,567,2,40.3,90,93.1,528,34.0,193,98.8,130,6,65.3,370,1037,349,3.9,11.5,1.96,2021,53.3,144.6,0.22,2.49
Terry McLaurin,48229,WR,WAS,17,13.9,7,61.1,53.2,25,47,0,2.5,2,-0.05,47,32,0,88.9,82.0,78.3,,78.3,0.0,0,4,46,0.0,0,621,2,44.8,77,93.7,582,27.4,170,87.8,126,5,72.6,451,1053,313,4.1,13.7,1.81,2021,44.3,229.0,0.22,2.73
DK Metcalf,47864,WR,SEA,17,13.1,9,60.5,34.6,9,26,2,5.1,4,0.04,48,29,1,77.2,50.0,80.9,65.4,82.5,0.0,0,2,84,0.2,1,530,7,44.0,75,94.2,499,19.6,104,110.5,124,12,80.4,426,967,321,4.3,12.9,1.94,2021,56.5,230.8,0.26,2.56
Michael Pittman,29049,WR,IND,17,10.3,9,71.0,64.3,18,28,1,5.4,5,0.01,54,14,1,77.6,57.1,78.0,66.3,79.9,0.2,1,3,57,0.2,1,602,5,44.6,88,92.2,555,18.8,113,103.6,124,6,81.1,488,1082,343,3.9,12.3,1.95,2021,28.5,218.5,0.21,2.14
Chris Godwin,11839,WR,TB,14,7.6,15,79.0,63.6,7,11,0,4.9,5,0.16,55,30,2,80.7,33.9,81.3,69.6,79.4,0.5,3,2,44,0.2,1,584,0,52.0,98,95.9,560,70.4,411,110.5,124,5,28.8,168,1103,588,6.0,11.3,1.97,2021,56.5,224.8,0.26,2.1
Mike Williams,11762,WR,LAC,16,12.0,7,62.3,51.2,21,41,0,8.4,7,0.22,51,27,0,62.3,82.0,77.6,,77.6,0.2,1,1,72,0.0,0,620,1,50.5,76,93.9,582,16.9,105,114.3,122,9,82.9,514,1146,415,5.5,15.1,1.97,2021,36.3,176.5,0.25,2.8
CeeDee Lamb,61570,WR,DAL,17,10.9,19,66.7,70.0,14,20,1,9.1,8,0.15,56,9,0,53.5,87.7,84.1,67.8,84.8,0.0,0,6,49,0.5,3,635,3,49.3,80,91.2,579,39.8,253,92.5,120,6,59.1,375,1123,442,5.5,14.0,1.94,2021,17.0,301.6,0.3,2.58
Amon-Ra St Brown,84470,WR,DET,17,7.0,8,78.3,50.0,9,18,0,2.2,2,-0.04,48,11,0,91.0,84.1,79.4,68.6,79.4,0.2,1,2,37,0.5,3,552,1,46.9,90,94.7,523,77.0,425,107.0,115,5,20.8,115,912,430,4.8,10.1,1.74,2021,51.0,267.6,0.32,2.33
Cole Beasley,7330,WR,BUF,18,5.6,3,77.4,28.6,2,7,0,5.3,5,0.13,37,4,1,77.7,55.2,68.3,,68.9,0.0,0,3,29,0.0,0,569,1,50.5,89,94.2,536,87.7,499,86.6,115,1,11.6,66,772,351,3.9,8.7,1.44,2021,358.0,9.5,0.32,1.58
Marvin Jones,7158,WR,JAX,17,12.6,3,64.0,53.3,16,30,1,3.9,3,-0.08,42,15,0,82.2,81.6,68.3,76.4,70.4,0.3,2,3,33,0.3,2,667,4,44.7,73,93.7,625,28.8,192,86.6,114,4,70.9,473,832,128,1.8,11.4,1.33,2021,179.5,116.9,0.17,2.54
Christian Kirk,47546,WR,ARZ,18,12.1,3,74.1,68.4,13,19,1,6.7,6,0.12,45,1,0,69.8,84.5,72.1,,72.7,0.0,0,2,50,0.0,0,613,3,48.2,83,94.0,576,77.8,477,109.7,112,5,22.2,136,1033,254,3.1,12.4,1.79,2021,80.5,243.9,0.25,2.74
AJ Brown,48327,WR,TEN,14,13.2,8,61.8,50.0,13,26,1,11.7,9,0.13,49,31,0,45.4,81.6,86.3,,88.8,0.5,2,2,57,0.0,0,393,3,49.5,68,94.7,372,33.3,131,102.5,110,6,65.9,259,1011,242,3.6,14.9,2.72,2021,26.8,303.6,0.3,3.45
Chase Claypool,42312,WR,PIT,16,12.0,8,56.4,41.5,17,41,1,10.1,7,-0.11,37,25,0,53.5,82.6,67.2,,68.4,0.4,2,3,59,0.0,0,567,8,40.2,62,93.5,530,18.7,106,77.3,110,2,81.0,459,885,325,5.2,14.3,1.67,2021,115.5,103.0,0.16,1.87
DeVonta Smith,61100,WR,PHI,18,14.9,11,61.8,39.3,11,28,0,4.2,3,0.08,45,24,1,81.5,49.1,77.7,,77.6,0.2,1,3,46,0.0,0,599,3,44.8,68,94.0,563,12.0,72,94.4,110,5,87.1,522,976,260,3.8,14.4,1.73,2021,81.8,256.6,0.24,2.7
Amari Cooper,9437,WR,DAL,16,11.9,11,67.9,58.3,14,24,0,5.1,4,0.14,48,9,1,77.1,50.8,73.0,,73.6,0.0,0,0,41,0.0,0,616,1,50.9,74,92.5,570,28.1,173,121.7,109,9,71.9,443,929,230,3.1,12.6,1.63,2021,79.5,248.0,0.25,3.18
Tyler Boyd,10689,WR,CIN,20,7.6,9,78.1,70.6,12,17,0,1.2,1,0.15,44,7,1,90.1,55.0,70.8,68.6,70.4,0.0,0,4,68,0.4,3,719,2,47.9,82,94.3,678,89.2,641,107.1,105,6,10.8,78,938,435,5.3,11.4,1.38,2021,117.0,164.2,0.21,2.83
Robbie Chosen,11254,WR,CAR,17,11.2,4,50.5,23.8,5,21,0,8.6,5,-0.22,27,5,0,60.6,80.5,60.6,,59.3,0.2,1,7,57,0.0,0,652,0,41.4,53,95.6,623,37.6,245,52.8,105,5,62.3,406,519,162,3.1,9.8,0.83,2021,177.0,54.2,0.11,2.71
Van Jefferson,47447,WR,LA,21,14.6,3,57.3,47.4,9,19,0,13.2,9,0.23,36,26,0,38.5,80.9,58.5,66.8,59.5,0.1,1,2,79,0.1,1,730,5,52.5,59,95.3,696,38.5,281,97.7,103,6,61.4,448,904,265,4.5,15.3,1.3,2021,198.5,78.9,0.16,3.29
Tyler Lockett,9502,WR,SEA,16,15.4,3,70.9,45.0,9,20,0,1.4,1,0.03,41,29,0,90.5,82.1,81.0,71.9,82.1,0.2,1,3,69,0.4,2,530,1,43.8,73,94.3,500,41.3,219,122.4,103,8,58.5,310,1175,278,3.8,16.1,2.35,2021,103.3,241.3,0.3,2.87
Brandon Aiyuk,84109,WR,SF,20,10.4,18,67.0,53.6,15,28,0,4.4,3,0.17,44,28,1,79.5,67.2,75.9,66.0,78.3,0.2,1,0,43,0.2,1,593,5,48.4,65,94.3,559,25.1,149,116.4,97,5,74.7,443,961,396,6.1,14.8,1.72,2021,78.8,229.8,0.23,2.87
Laviska Shenault,61220,WR,JAX,16,5.7,20,66.3,20.0,2,10,0,13.7,10,-0.11,30,15,1,36.4,50.9,63.7,77.7,62.6,0.4,2,2,58,1.6,8,490,3,41.6,63,92.7,454,57.8,283,75.7,95,0,40.0,196,619,409,6.5,9.8,1.36,2021,233.0,72.7,0.35,2.02
Courtland Sutton,48164,WR,DEN,17,15.8,3,61.1,42.9,9,21,2,1.7,1,0.04,35,10,0,89.9,80.5,71.2,,71.0,0.2,1,3,55,0.0,0,574,7,45.7,58,94.4,542,13.6,78,80.9,95,2,86.2,495,776,145,2.5,13.4,1.43,2021,37.8,159.4,0.18,2.45
Russell Gage,44771,WR,ATL,14,9.9,7,71.0,57.9,11,19,0,7.0,5,-0.14,37,2,2,66.5,26.5,75.2,,76.5,0.2,1,5,49,0.0,0,407,0,43.9,66,96.3,392,49.6,202,87.7,93,4,49.9,203,770,255,3.9,11.7,1.96,2021,129.8,123.6,0.23,2.42
AJ Green,6156,WR,ARZ,17,13.1,7,58.1,50.0,13,26,0,5.3,3,0.09,37,1,0,68.3,80.0,67.8,,69.7,0.2,1,2,42,0.0,0,593,5,47.9,54,93.9,557,8.6,51,90.3,93,3,91.2,541,848,194,3.6,15.7,1.52,2021,212.7,59.6,0.11,2.48
Mecole Hardman,42683,WR,KC,20,7.1,16,75.3,25.0,2,8,0,5.6,4,0.24,38,16,1,68.8,42.0,70.2,,70.4,1.1,6,1,53,0.0,0,522,0,52.1,67,94.8,495,50.8,265,109.5,89,3,47.3,247,814,586,8.7,12.1,1.64,2021,142.0,93.8,0.31,3.23
Adam Thielen,8288,WR,MIN,13,9.5,7,77.9,66.7,14,21,0,2.9,2,0.14,36,18,1,86.5,48.1,74.6,,73.5,0.0,0,2,35,0.0,0,474,0,47.5,67,94.1,446,24.5,116,130.9,86,10,75.1,356,726,252,3.8,10.8,1.63,2021,67.3,178.0,0.17,2.51
Marquez Callaway,42295,WR,NO,17,13.4,5,56.8,52.6,10,19,1,8.0,4,0.03,32,20,0,56.0,80.0,69.3,,69.6,0.6,3,1,58,0.0,0,481,3,45.3,46,95.0,457,20.0,96,104.9,81,6,79.4,382,698,144,3.1,15.2,1.53,2021,279.3,37.8,0.1,2.36
Zay Jones,11792,WR,LV,18,14.4,5,67.5,35.3,6,17,1,1.9,1,-0.01,33,23,1,87.6,40.3,70.6,,70.4,0.0,0,6,43,0.0,0,476,1,46.9,52,94.1,448,28.8,137,67.4,77,2,71.2,339,607,182,3.5,11.7,1.35,2021,197.7,196.1,0.21,2.28
Kenny Golladay,11851,WR,NYG,14,14.2,5,49.3,48.4,15,31,0,2.6,1,-0.17,27,21,0,81.3,77.7,68.3,,68.2,0.0,0,4,36,0.0,0,449,1,37.4,37,94.2,423,19.8,89,49.9,75,0,80.2,360,521,116,3.1,14.1,1.23,2021,173.5,20.1,0.08,3.35
Kendrick Bourne,12270,WR,NE,18,8.5,11,82.7,75.0,9,12,0,3.1,2,0.14,33,19,1,84.4,51.6,77.8,,77.2,0.0,0,1,75,0.0,0,464,3,49.9,62,94.0,436,37.1,172,140.9,75,7,61.9,287,877,415,6.7,14.1,2.01,2021,219.5,88.3,0.2,2.15
Gabe Davis,55410,WR,BUF,18,15.3,4,60.8,76.9,10,13,1,8.2,4,0.19,38,4,0,61.9,78.8,81.5,81.2,80.0,1.2,5,1,75,0.7,3,417,1,48.2,45,93.3,389,30.9,129,131.3,74,11,67.9,283,791,181,4.0,17.6,2.03,2021,44.5,173.6,0.19,3.62
Byron Pringle,42345,WR,KC,20,10.5,8,73.0,60.0,6,10,0,11.5,7,0.17,38,16,0,47.0,29.9,65.2,66.2,64.4,2.2,12,0,40,0.2,1,540,3,50.6,54,93.5,505,63.0,340,135.5,74,8,34.8,188,650,220,4.1,12.0,1.29,2021,267.3,35.5,0.13,3.55
Elijah Moore,84302,WR,NYJ,11,12.4,5,58.1,40.0,4,10,2,4.4,2,-0.13,24,22,0,76.5,79.4,71.2,65.7,73.8,0.3,1,4,62,0.3,1,329,4,44.2,43,93.6,308,28.3,93,80.8,74,5,70.8,233,538,204,4.7,12.5,1.75,2021,73.5,88.1,0.12,2.1
KJ Osborn,23503,WR,MIN,17,10.9,1,67.6,46.7,7,15,2,3.8,2,0.07,25,18,0,80.1,81.5,64.9,67.6,65.8,0.0,0,3,64,0.4,2,537,5,44.1,50,93.9,504,51.0,274,109.9,74,7,48.8,262,655,182,3.6,13.1,1.3,2021,165.5,155.6,0.18,2.47
DeVante Parker,9447,WR,MIA,10,12.4,2,54.8,46.7,14,30,0,9.1,4,-0.07,29,17,0,58.4,78.1,72.8,,73.2,0.0,0,2,42,0.0,0,370,1,42.7,40,93.8,347,13.2,49,74.9,73,2,86.8,321,515,108,2.7,12.9,1.48,2021,157.8,102.9,0.19,3.32
Jamison Crowder,9538,WR,NYJ,12,6.3,7,71.8,28.6,2,7,0,3.8,2,-0.05,22,22,1,79.6,39.2,64.9,70.7,65.1,0.2,1,2,29,0.5,2,418,0,43.5,51,93.1,389,78.9,330,85.8,71,2,20.8,87,447,175,3.4,8.8,1.15,2021,207.0,12.0,0.13,2.0
Cedrick Wilson,48170,WR,DAL,16,10.7,4,70.4,46.2,6,13,0,5.7,3,0.19,28,9,2,65.6,31.4,71.7,67.2,71.6,0.0,0,2,73,0.5,2,428,1,50.3,50,91.4,391,90.0,385,116.2,71,6,9.8,42,664,283,5.7,13.3,1.7,2021,238.0,26.4,0.11,2.03
Kalif Raymond,11028,WR,DET,16,10.3,4,68.6,22.2,2,9,0,5.9,3,-0.01,28,11,0,70.5,87.7,60.5,68.3,60.6,0.2,1,1,75,0.4,2,497,0,48.2,48,94.4,469,33.6,167,106.6,70,4,66.0,328,576,267,5.6,12.0,1.23,2021,384.0,112.2,0.2,2.08
Quez Watkins,61664,WR,PHI,18,13.8,8,66.2,53.3,8,15,0,2.2,1,0.07,26,24,0,85.4,81.1,68.2,66.2,71.8,2.7,13,3,91,0.2,1,481,2,43.0,45,94.0,452,72.1,347,85.5,68,1,25.2,121,682,260,5.8,15.2,1.51,2021,257.3,86.4,0.13,2.4
Zach Pascal,12303,WR,IND,16,9.5,0,56.7,21.4,3,14,0,7.3,3,-0.02,15,14,1,64.3,29.9,52.7,,52.5,2.8,15,1,41,0.0,0,532,3,43.9,38,92.9,494,77.3,411,81.9,67,3,19.9,106,384,119,3.1,10.1,0.78,2021,299.0,36.0,0.11,2.25
Robert Woods,7822,WR,LA,9,8.7,3,68.2,28.6,2,7,0,8.2,4,0.32,34,26,0,61.9,80.2,75.7,72.6,72.1,0.6,2,1,28,2.1,7,340,0,54.8,45,93.8,319,44.7,152,107.9,66,4,54.1,184,556,208,4.6,12.4,1.74,2021,101.3,117.7,0.15,2.22
Rashod Bateman,84296,WR,BLT,12,9.6,2,70.8,66.7,10,15,0,6.1,3,-0.07,29,3,0,69.3,78.8,64.9,,65.2,0.0,0,3,36,0.0,0,432,2,43.8,46,94.7,409,18.3,79,80.0,65,1,81.7,353,515,168,3.7,11.2,1.26,2021,63.3,55.5,0.29,3.7
Tyler Johnson,48054,WR,TB,19,7.3,5,66.1,57.1,4,7,0,12.8,6,0.12,17,30,0,43.4,78.5,53.9,,54.2,0.2,1,0,31,0.0,0,477,0,50.0,41,96.4,460,43.8,209,84.4,62,0,56.0,267,405,170,4.1,9.9,0.88,2021,305.0,0.0,0.0,
Bryan Edwards,28486,WR,LV,17,14.4,6,59.7,52.6,10,19,0,5.1,2,0.07,28,23,1,73.2,29.6,62.9,66.2,62.6,0.0,0,0,51,0.2,1,585,2,47.2,37,94.4,552,26.7,156,109.1,62,3,73.0,427,612,205,5.5,16.5,1.11,2021,260.7,4.5,0.05,1.5
Nelson Agholor,9453,WR,NE,16,14.8,3,62.3,53.8,7,13,0,2.6,1,0.06,24,19,0,81.8,78.3,64.8,,63.6,0.0,0,4,44,0.0,0,474,0,48.4,38,94.9,450,9.7,46,76.6,61,3,90.1,427,491,122,3.2,12.9,1.09,2021,252.3,79.2,0.17,2.55
Braxton Berrios,47961,WR,NYJ,16,4.9,2,76.7,83.3,5,6,0,2.1,1,-0.05,22,22,1,85.2,90.2,74.0,,74.3,0.7,2,1,46,0.0,0,279,0,45.3,46,94.3,263,74.2,207,100.1,60,2,24.0,67,431,258,5.6,9.4,1.64,2021,268.8,53.6,0.18,1.99
Allen Lazard,48135,WR,GB,16,11.2,4,68.3,53.3,8,15,0,6.8,3,0.21,29,12,0,58.3,79.1,64.7,75.0,63.9,4.1,20,0,42,1.0,5,488,3,49.6,41,94.5,461,42.0,205,134.7,60,8,53.9,263,519,193,4.7,12.7,1.13,2021,78.5,174.8,0.2,2.82
DeAndre Hopkins,7808,WR,ARZ,10,13.1,3,71.2,46.2,6,13,0,4.5,2,0.26,32,1,0,75.8,78.5,79.8,,81.1,0.0,0,0,55,0.0,0,343,3,53.8,42,94.8,325,14.9,51,141.4,59,8,85.1,292,572,140,3.3,13.6,1.76,2021,83.5,153.7,0.28,2.4
Corey Davis,11760,WR,NYJ,9,13.3,7,57.6,46.2,6,13,0,15.0,6,-0.14,23,22,2,36.3,21.3,68.8,70.6,66.4,1.3,4,5,53,0.3,1,301,0,44.2,34,93.7,282,25.6,77,72.1,59,4,73.1,220,492,117,3.4,14.5,1.74,2021,187.0,97.6,0.16,3.05
Nico Collins,61441,WR,HST,14,11.6,1,55.9,41.7,5,12,1,5.7,2,-0.15,22,13,0,70.3,77.1,65.6,,65.1,0.0,0,1,32,0.0,0,383,4,42.9,33,94.3,361,16.4,63,78.8,59,1,83.6,320,446,123,3.7,13.5,1.24,2021,155.5,97.1,0.22,2.62
Donovan Peoples-Jones,61439,WR,CLV,14,15.6,2,58.6,69.6,16,23,0,10.5,4,-0.14,26,8,1,52.7,25.2,65.7,72.1,67.0,0.0,0,3,60,0.7,3,434,2,43.8,34,94.5,410,19.8,86,89.5,58,3,80.2,348,597,153,4.5,17.6,1.46,2021,212.5,163.1,0.15,2.63
Michael Gallup,26075,WR,DAL,9,12.2,1,60.3,50.0,10,20,1,7.9,3,0.07,23,9,0,64.1,77.7,73.4,,73.1,0.0,0,0,41,0.0,0,350,1,48.3,35,92.9,325,8.0,28,95.8,58,2,92.0,322,445,126,3.6,12.7,1.37,2021,130.5,105.4,0.14,2.7
Deonte Harty,91470,WR,NO,13,10.6,6,63.2,75.0,3,4,0,7.7,3,-0.03,23,20,0,64.1,68.9,87.8,,86.7,0.4,1,6,72,0.0,0,223,0,42.5,36,95.1,212,35.0,78,74.3,57,3,60.5,135,570,246,6.8,15.8,2.69,2021,379.0,3.3,0.14,1.65
Jalen Reagor,61697,WR,PHI,18,9.6,5,59.6,18.2,2,11,1,10.5,4,0.04,13,24,0,53.4,69.4,55.1,,54.1,0.0,0,2,34,0.0,0,515,2,42.6,34,94.4,486,20.8,107,70.9,57,2,77.9,401,301,158,4.6,8.9,0.62,2021,280.7,26.9,0.33,2.24
Darius Slayton,25578,WR,NYG,13,13.4,1,47.3,12.5,1,8,0,18.8,6,-0.22,14,21,1,29.7,26.8,52.8,,53.8,0.8,3,3,42,0.0,0,382,1,36.2,26,94.0,359,16.8,64,56.6,55,2,82.5,315,339,66,2.5,13.0,0.94,2021,323.0,130.4,0.19,2.83
Nick Westbrook-Ikhine,47861,WR,TEN,17,11.2,4,70.4,53.8,7,13,0,2.6,1,-0.01,23,31,1,81.5,29.4,68.0,64.5,67.6,0.5,2,1,46,0.3,1,368,0,44.7,38,94.6,348,38.0,140,114.4,54,4,61.4,226,476,143,3.8,12.5,1.37,2021,234.3,82.7,0.11,3.31
Jerry Jeudy,61103,WR,DEN,10,10.5,6,70.4,33.3,2,6,1,5.0,2,0.06,22,10,1,73.7,30.0,68.7,,70.5,0.4,1,1,40,0.0,0,271,2,42.3,38,93.4,253,76.4,207,89.0,54,0,23.2,63,467,183,4.8,12.3,1.85,2021,58.3,205.2,0.29,2.89
Julio Jones,6158,WR,TEN,11,12.0,6,69.8,57.1,8,14,0,7.5,3,0.11,23,31,0,64.5,77.7,76.5,,76.8,0.0,0,3,51,0.0,0,279,1,49.6,37,96.8,270,20.8,58,82.0,53,1,79.2,221,496,136,3.7,13.4,1.84,2021,139.5,70.4,0.2,2.43
Kadarius Toney,61245,WR,NYG,10,6.5,12,73.6,55.6,5,9,1,7.1,3,-0.04,21,21,0,56.9,79.7,72.8,,74.4,0.9,2,1,38,0.0,0,218,1,42.3,39,89.9,196,60.1,131,88.6,53,0,38.1,83,420,234,6.0,10.8,2.14,2021,100.8,59.3,0.41,2.58
Olamide Zaccheaus,44920,WR,ATL,17,9.9,0,60.8,42.1,8,19,0,8.8,3,-0.09,22,2,0,58.7,79.9,63.4,56.6,62.0,1.3,5,2,49,1.0,4,400,0,46.4,31,93.3,373,44.3,177,89.2,51,3,54.5,218,406,96,3.1,13.1,1.09,2021,291.3,112.0,0.15,2.67
Tre'Quan Smith,48228,WR,NO,11,10.0,4,64.0,30.0,3,10,0,3.0,1,-0.01,18,20,1,78.9,28.0,62.7,,62.0,1.2,4,1,34,0.0,0,323,3,42.7,32,93.5,302,52.0,168,98.5,50,3,46.7,151,377,114,3.6,11.8,1.25,2021,345.0,52.8,0.13,2.78
Marquez Valdes-Scantling,47809,WR,GB,11,18.2,0,53.1,28.6,2,7,0,0.0,0,0.22,18,12,0,86.1,75.7,66.1,61.6,64.6,1.2,4,1,75,0.3,1,325,0,51.0,26,92.6,301,30.8,100,94.8,49,3,67.7,220,430,149,5.7,16.5,1.43,2021,117.0,122.4,0.16,2.85
Keelan Cole Sr,51593,WR,NYJ,15,13.4,0,57.1,44.4,4,9,0,3.4,1,-0.13,20,22,0,76.1,79.3,61.3,66.1,62.4,0.5,2,4,54,0.3,1,367,1,40.3,28,93.5,343,16.3,60,60.7,49,1,83.1,305,449,84,3.0,16.0,1.31,2021,337.0,30.1,0.08,3.01
Josh Reynolds,11872,WR,DET,12,14.1,5,63.0,30.0,3,10,0,6.5,2,0.11,21,11,0,66.6,76.7,65.9,,66.9,0.0,0,1,39,0.0,0,291,2,49.5,29,95.2,277,16.2,47,95.9,46,2,83.8,244,396,111,3.8,13.7,1.43,2021,308.7,103.9,0.17,2.73
James Washington,47792,WR,PIT,16,13.3,1,57.8,42.9,6,14,1,7.1,2,-0.04,11,25,0,65.2,27.1,52.9,,53.4,0.3,1,1,42,0.0,0,378,3,40.7,26,94.2,356,38.4,145,93.0,45,3,61.4,232,322,82,3.2,12.4,0.9,2021,318.0,0.0,0.0,
Sammy Watkins,8639,WR,BLT,13,12.7,3,60.0,50.0,4,8,0,12.9,4,0.02,17,3,1,45.2,26.4,66.3,,64.6,0.0,0,1,49,0.0,0,287,0,45.0,27,94.4,271,12.9,37,86.7,45,1,87.1,250,394,117,4.3,14.6,1.45,2021,197.5,48.5,0.14,3.03
Jauan Jennings,48027,WR,SF,19,8.8,5,66.7,71.4,5,7,0,16.7,6,0.17,19,28,1,32.7,27.7,66.2,,62.6,0.0,0,1,34,0.0,0,265,2,47.6,30,94.3,250,62.3,165,115.5,45,5,37.4,99,325,122,4.1,10.8,1.3,2021,303.7,82.6,0.17,2.36
Joshua Palmer,62979,WR,LAC,17,10.0,1,73.3,44.4,4,9,0,2.9,1,0.17,18,27,0,78.9,77.0,62.6,71.8,63.6,1.0,3,2,36,1.0,3,314,1,52.2,33,93.9,295,38.9,122,107.0,45,4,60.2,189,353,100,3.0,10.7,1.2,2021,141.5,167.3,0.19,2.29
Demarcus Robinson,10760,WR,KC,20,10.6,1,65.9,50.0,2,4,0,3.3,1,0.24,16,16,0,76.7,77.6,51.9,79.6,52.9,1.1,7,2,33,0.8,5,609,5,53.4,29,91.8,559,12.5,76,93.0,44,3,86.4,526,340,88,3.0,11.7,0.61,2021,305.3,105.8,0.17,2.2
Rashard Higgins,10806,WR,CLV,15,12.5,0,55.8,27.3,3,11,0,14.3,4,-0.09,16,8,0,41.4,75.3,54.7,61.6,56.3,0.6,2,1,21,0.3,1,313,2,45.1,24,94.6,296,41.5,130,73.3,43,1,57.8,181,275,37,1.5,11.5,0.93,2021,330.0,0.0,0.0,
Devin Duvernay,40006,WR,BLT,16,6.9,3,78.6,42.9,3,7,0,5.7,2,-0.06,14,3,0,69.8,72.3,55.7,72.8,54.5,0.7,3,0,21,0.5,2,406,1,45.4,33,93.3,379,60.8,247,109.5,42,2,38.2,155,272,146,4.4,8.2,0.72,2021,221.3,110.1,0.17,2.25
DeAndre Carter,9859,WR,WAS,17,11.9,1,58.5,33.3,2,6,0,11.1,3,0.11,17,32,0,52.9,47.3,63.7,,64.6,0.0,0,2,26,0.0,0,281,0,50.0,24,93.2,262,36.7,103,85.0,41,3,63.3,178,296,78,3.3,12.3,1.13,2021,316.0,116.3,0.17,2.42
Randall Cobb,6216,WR,GB,13,10.4,2,71.8,53.8,7,13,0,0.0,0,0.23,20,12,0,86.9,76.9,70.1,,71.8,2.7,8,0,54,0.0,0,292,1,45.8,28,94.2,275,76.4,223,141.6,39,5,20.5,60,375,144,5.1,13.4,1.36,2021,230.7,81.7,0.22,2.4
Damiere Byrd,9964,WR,CHI,17,9.1,1,70.3,50.0,2,4,0,7.1,2,-0.11,18,6,0,54.9,76.4,53.8,,54.5,0.2,1,2,54,0.0,0,412,1,42.9,26,95.6,394,46.1,190,84.2,37,1,52.2,215,329,117,4.5,12.7,0.84,2021,418.0,51.8,0.17,3.98
TY Hilton,7092,WR,IND,10,13.4,2,62.2,44.4,4,9,0,0.0,0,0.11,15,14,0,84.9,75.1,70.1,,69.3,0.0,0,0,52,0.0,0,238,0,46.2,23,93.7,223,19.7,47,118.2,37,3,80.3,191,331,66,2.9,14.4,1.48,2021,380.0,19.1,0.32,2.73
Jamal Agnew,11920,WR,JAX,10,7.3,2,68.6,28.6,2,7,0,11.1,3,-0.05,14,15,0,41.6,64.1,65.6,,62.8,0.0,0,0,29,0.0,0,192,0,45.1,24,94.8,182,70.8,136,96.0,35,1,29.2,56,229,127,5.3,9.5,1.26,2021,302.0,68.3,0.49,1.95
Chris Conley,9509,WR,HST,16,9.9,4,64.7,42.9,3,7,0,8.3,2,-0.11,15,13,1,60.3,75.2,60.5,74.0,60.4,0.3,1,1,41,0.8,3,364,1,42.1,22,92.0,335,32.4,118,102.9,34,2,67.3,245,323,129,5.9,14.7,0.96,2021,368.0,8.6,0.06,2.15
JuJu Smith-Schuster,11817,WR,PIT,6,6.3,3,60.6,40.0,2,5,0,4.8,1,-0.06,9,25,0,70.5,76.0,58.0,,59.0,1.6,3,1,24,0.0,0,190,2,42.9,20,96.8,184,80.0,152,59.5,33,0,18.4,35,155,81,4.1,7.8,0.84,2021,55.8,189.3,0.25,2.43
Isaiah McKenzie,11927,WR,BUF,17,6.2,4,80.0,66.7,2,3,0,4.0,1,0.23,15,4,0,73.5,59.6,72.3,,75.4,0.0,0,0,28,0.0,0,172,0,52.4,24,95.3,164,72.1,124,109.2,30,1,24.4,42,226,113,4.7,9.4,1.38,2021,151.8,119.8,0.22,2.35
Terrace Marshall,84271,WR,CAR,13,6.7,1,58.6,0.0,0,1,1,10.5,2,-0.27,7,5,0,55.6,73.9,53.3,,52.9,0.3,1,2,23,0.0,0,291,2,43.0,17,95.2,277,60.8,177,42.0,29,0,38.8,113,138,65,3.8,8.1,0.5,2021,248.3,83.0,0.13,2.96
Mack Hollins,11873,WR,MIA,16,16.7,0,50.0,50.0,2,4,0,17.6,3,0.05,11,17,0,38.4,73.0,58.1,67.1,57.1,0.9,2,1,65,0.4,1,230,1,47.7,14,93.5,215,18.3,42,101.6,28,4,80.4,185,223,43,3.1,15.9,1.04,2021,281.5,154.8,0.15,2.54
KhaDarel Hodge,26104,WR,DET,13,11.6,1,52.0,44.4,4,9,0,7.1,1,-0.16,7,11,0,65.6,73.0,68.1,,66.7,1.2,2,2,42,0.0,0,168,0,39.9,13,94.0,158,6.5,11,38.3,25,0,91.1,153,157,39,3.0,12.1,0.99,2021,436.0,39.2,0.2,3.02
Ben Skowronek,27948,WR,LA,14,11.7,1,52.0,33.3,1,3,0,23.5,4,-0.06,7,26,0,29.5,75.4,53.7,,52.7,0.0,0,2,35,0.0,0,150,1,43.6,13,93.3,140,51.3,77,36.3,25,0,48.0,72,145,60,4.6,11.2,1.04,2021,348.0,84.3,0.12,2.11
Noah Brown,11993,WR,DAL,14,9.8,3,66.7,60.0,3,5,0,15.8,3,0.1,6,9,0,45.1,23.9,60.0,74.1,57.5,0.0,0,0,27,2.2,4,186,1,48.0,16,89.8,167,16.1,30,89.6,24,0,83.3,155,184,69,4.3,11.5,1.1,2021,272.0,116.5,0.14,2.71
Dyami Brown,77986,WR,WAS,15,15.5,1,50.0,37.5,3,8,0,7.7,1,-0.12,6,32,0,63.2,72.9,55.5,,56.9,0.0,0,0,48,0.0,0,213,0,42.8,12,94.4,201,28.2,60,72.4,24,0,71.8,153,165,37,3.1,13.8,0.82,2021,361.5,32.8,0.19,5.47
Stefon Diggs,9579,WR,BUF,19,11.5,21,76.2,60.0,15,25,0,6.4,10,0.26,91,4,0,71.7,86.4,90.2,,90.6,0.0,0,2,55,0.0,0,794,6,56.6,147,93.5,742,31.5,250,118.4,193,10,68.4,543,1846,548,3.7,12.6,2.49,2020,12.7,285.5,0.29,2.77
Davante Adams,8688,WR,GB,16,8.7,5,78.2,46.2,12,26,1,1.5,2,0.33,82,12,1,91.0,64.8,92.0,,91.9,0.0,0,3,56,0.0,0,578,3,54.4,133,94.8,548,33.6,194,135.5,170,20,66.1,382,1507,660,5.0,11.3,2.75,2020,6.6,344.3,0.39,2.8
Tyreek Hill,10799,WR,KC,18,12.9,24,68.5,47.4,9,19,0,10.5,13,0.33,72,16,0,50.4,86.3,84.5,66.3,84.8,1.2,9,2,75,0.1,1,763,6,56.1,111,94.2,719,58.6,447,126.9,162,15,38.7,295,1631,617,5.6,14.7,2.27,2020,9.4,298.5,0.34,2.49
Diontae Johnson,33441,WR,PIT,16,8.8,13,63.9,41.7,5,12,1,13.2,15,0.09,53,25,1,35.6,63.0,70.4,,70.1,0.0,0,3,47,0.0,0,621,1,46.6,99,94.0,584,13.4,83,90.3,155,7,86.6,538,1040,429,4.3,10.5,1.78,2020,49.3,276.4,0.28,2.47
DeAndre Hopkins,7808,WR,ARZ,16,9.0,21,74.7,50.0,13,26,1,0.9,1,0.06,75,1,3,91.5,38.3,87.1,,88.0,0.0,0,2,60,0.0,0,664,6,49.5,115,94.3,626,10.2,68,110.0,154,6,89.6,595,1407,521,4.5,12.2,2.25,2020,16.6,147.2,0.26,3.5
JuJu Smith-Schuster,11817,WR,PIT,17,6.6,5,76.9,48.4,15,31,0,2.7,3,0.1,55,25,3,90.5,37.4,70.0,55.9,69.6,0.0,0,5,33,0.1,1,760,0,46.5,110,93.3,709,85.3,648,103.7,143,10,14.7,112,988,446,4.1,9.0,1.39,2020,72.8,34.8,0.16,1.93
Keenan Allen,7857,WR,LAC,14,7.3,11,72.5,56.3,18,32,1,2.0,2,0.12,61,27,3,90.1,58.1,84.9,73.3,85.0,0.4,2,5,28,0.4,2,555,2,46.7,100,93.7,520,51.7,287,96.6,138,8,47.7,265,992,444,4.4,9.9,1.91,2020,27.3,255.8,0.26,2.41
Calvin Ridley,48262,WR,ATL,15,15.2,12,65.7,40.9,9,22,0,8.2,8,0.12,65,2,1,66.9,56.3,84.9,,84.7,0.2,1,6,63,0.0,0,594,3,47.4,90,94.6,562,11.4,68,102.3,137,9,88.2,524,1374,276,3.1,15.3,2.44,2020,15.5,71.1,0.24,2.29
Tyler Lockett,9502,WR,SEA,17,10.6,4,75.0,61.5,8,13,0,6.4,7,0.12,59,29,1,71.9,58.3,76.5,,77.6,1.1,8,1,47,0.0,0,700,4,50.3,102,94.6,662,60.1,421,119.6,136,10,38.4,269,1097,341,3.3,10.8,1.66,2020,41.3,239.4,0.29,3.19
Terry McLaurin,48229,WR,WAS,16,9.9,14,68.9,47.8,11,23,0,3.1,3,-0.08,56,32,1,89.1,56.8,78.5,,77.6,0.0,0,4,68,0.0,0,679,3,43.8,93,95.6,649,31.2,212,93.8,135,4,68.6,466,1193,500,5.4,12.8,1.84,2020,28.3,213.5,0.21,2.74
DK Metcalf,47864,WR,SEA,17,14.2,17,65.2,48.3,14,29,0,11.1,11,0.1,65,29,1,51.3,48.6,82.5,68.7,82.5,0.1,1,5,62,0.4,3,706,2,50.3,88,94.5,667,16.6,117,113.8,135,12,83.3,588,1399,388,4.4,15.9,2.1,2020,19.7,244.3,0.3,3.21
Robbie Chosen,11254,WR,CAR,16,9.8,4,70.9,35.0,7,20,0,4.0,4,0.05,49,5,1,79.9,58.2,75.1,,76.0,0.5,3,2,75,0.0,0,583,1,46.5,95,94.5,551,32.6,190,96.5,134,3,66.7,389,1096,501,5.3,11.5,1.99,2020,74.5,138.5,0.14,2.47
Mike Evans,8642,WR,TB,20,14.1,5,62.3,52.6,10,19,1,10.0,9,0.22,65,30,0,47.1,82.1,74.9,,75.1,0.0,0,5,50,0.0,0,739,5,50.1,81,94.2,696,37.9,280,115.2,130,15,62.1,459,1210,293,3.6,14.9,1.74,2020,36.5,262.5,0.29,3.5
Amari Cooper,9437,WR,DAL,16,9.5,8,71.9,60.0,9,15,1,3.2,3,0.03,54,9,0,88.0,83.6,75.9,,77.6,0.2,1,4,69,0.0,0,638,3,48.3,92,96.7,617,27.0,172,98.2,128,5,72.9,465,1114,408,4.4,12.1,1.81,2020,36.1,202.5,0.24,2.98
Cooper Kupp,11824,WR,LA,16,7.0,21,76.2,58.3,7,12,0,5.0,5,0.0,48,26,0,79.5,65.3,81.6,73.1,78.0,0.0,0,3,55,1.6,9,567,0,50.7,96,95.1,539,61.7,350,98.4,126,3,38.3,217,1052,544,5.7,11.0,1.95,2020,41.1,437.5,0.43,2.94
Justin Jefferson,61398,WR,MIN,16,12.0,13,72.7,54.5,12,22,0,4.3,4,0.19,58,18,1,82.3,55.0,90.4,,90.5,0.0,0,4,71,0.0,0,564,2,54.0,88,93.3,526,30.3,171,116.4,121,7,69.5,392,1400,450,5.1,15.9,2.66,2020,22.6,331.0,0.33,2.9
Cole Beasley,7330,WR,BUF,18,7.6,7,80.7,75.0,9,12,0,2.0,2,0.21,59,4,0,90.5,83.3,81.7,,83.1,0.0,0,2,35,0.0,0,616,2,55.3,96,92.9,572,88.8,547,109.8,119,4,10.2,63,1112,409,4.3,11.6,1.94,2020,143.8,157.3,0.23,1.92
Brandin Cooks,8655,WR,HST,15,12.5,3,70.4,38.1,8,21,0,5.8,5,0.24,52,13,0,74.5,82.3,81.1,,80.5,0.0,0,4,57,0.0,0,584,1,55.2,81,95.9,560,29.6,173,105.3,115,6,70.2,410,1150,336,4.1,14.2,2.05,2020,91.6,231.8,0.28,2.52
Marvin Jones,7158,WR,DET,16,13.1,6,66.7,57.7,15,26,0,5.0,4,0.1,52,11,0,77.6,81.8,73.6,65.6,75.3,0.7,5,4,43,0.1,1,667,2,47.9,76,93.0,620,31.3,209,105.1,114,9,67.9,453,978,200,2.6,12.9,1.58,2020,117.8,180.2,0.18,2.47
Jarvis Landry,8698,WR,CLV,17,7.9,9,73.7,63.6,14,22,1,6.7,6,0.2,52,8,2,70.3,55.6,84.8,76.3,81.8,0.4,2,2,40,0.8,4,505,4,50.3,84,92.5,467,57.4,290,105.6,114,5,41.4,209,952,415,4.9,11.3,2.04,2020,97.6,137.0,0.26,2.36
Chris Godwin,11839,WR,TB,16,10.5,6,71.1,63.2,12,19,0,10.0,9,0.27,53,30,1,53.7,52.9,76.0,68.4,75.4,1.5,9,1,52,0.3,2,601,0,49.8,81,94.5,568,65.7,395,120.2,114,8,32.8,197,1072,403,5.0,13.2,1.89,2020,39.8,246.4,0.3,2.42
DJ Moore,48267,WR,CAR,15,13.7,15,58.4,47.8,11,23,0,9.6,7,0.06,53,5,0,61.5,81.6,79.1,,79.1,0.0,0,8,74,0.0,0,568,3,46.8,66,94.2,535,22.7,129,77.0,113,4,77.3,439,1193,390,5.9,18.1,2.23,2020,45.4,237.5,0.24,2.35
Jerry Jeudy,61103,WR,DEN,16,14.6,9,47.3,41.7,10,24,0,18.8,12,-0.1,39,10,2,28.5,38.1,65.2,,64.8,0.0,0,6,92,0.0,0,545,2,41.7,52,94.5,515,33.4,182,60.3,110,3,66.6,363,856,260,5.0,16.5,1.66,2020,65.9,85.0,0.21,2.13
Chase Claypool,42312,WR,PIT,17,13.6,9,60.9,35.7,10,28,0,5.6,4,0.16,43,25,3,74.5,24.0,75.5,,75.8,0.4,2,0,84,0.0,0,532,1,48.9,67,92.3,491,22.4,119,121.5,110,11,77.3,411,932,342,5.1,13.9,1.9,2020,59.9,166.6,0.2,2.28
CeeDee Lamb,61570,WR,DAL,16,10.3,6,67.9,29.4,5,17,0,10.8,9,-0.02,46,9,1,48.2,67.2,71.6,77.3,72.6,0.0,0,2,52,0.7,4,541,4,47.0,74,95.4,516,93.2,504,102.0,109,5,6.5,35,935,312,4.2,12.6,1.81,2020,28.2,232.8,0.26,2.65
AJ Brown,48327,WR,TEN,15,11.4,18,69.7,61.3,19,31,0,8.4,7,0.26,60,31,2,54.8,27.8,90.4,,90.4,0.7,3,2,73,0.0,0,457,2,52.4,76,94.7,433,16.4,75,133.5,109,12,82.9,379,1158,451,5.9,15.2,2.67,2020,22.4,180.9,0.3,2.78
Russell Gage,44771,WR,ATL,16,9.2,11,66.7,45.0,9,20,0,8.9,7,0.12,50,2,0,58.0,81.8,76.4,68.2,73.7,0.0,0,1,35,0.4,2,551,1,48.2,72,93.8,517,67.5,372,96.5,108,4,31.9,176,786,285,4.0,10.9,1.52,2020,127.1,167.0,0.27,2.53
Tyler Boyd,10689,WR,CIN,15,8.8,6,73.1,42.9,6,14,2,2.5,2,-0.06,43,7,1,89.5,53.8,75.8,62.2,75.5,0.4,2,4,72,0.2,1,537,3,43.2,79,95.2,511,84.2,452,92.4,108,4,15.5,83,841,355,4.5,10.6,1.65,2020,79.1,182.0,0.23,2.64
Adam Thielen,8288,WR,MIN,15,12.5,4,69.8,40.7,11,27,0,6.3,5,0.2,51,18,0,77.6,82.2,87.4,,87.9,0.4,2,4,51,0.0,0,536,0,53.0,74,92.9,498,27.1,145,120.5,106,14,72.6,389,925,225,3.0,12.5,1.86,2020,52.3,199.8,0.26,2.94
Tee Higgins,61211,WR,CIN,16,12.9,6,63.8,34.3,12,35,1,6.9,5,0.01,52,7,1,63.7,50.5,75.9,79.6,79.0,0.4,2,1,67,0.9,5,527,6,44.9,67,94.1,496,27.5,145,106.4,105,6,72.1,380,908,304,4.5,13.6,1.83,2020,53.7,219.1,0.31,2.96
AJ Green,6156,WR,CIN,16,14.1,4,46.5,46.3,19,41,0,6.0,3,-0.03,34,7,0,71.7,79.2,66.3,,65.7,0.0,0,3,33,0.0,0,538,2,42.5,47,95.4,513,21.0,113,56.7,101,2,79.0,425,523,83,1.8,11.1,1.02,2020,188.8,156.8,0.18,2.9
DeVante Parker,9447,WR,MIA,14,10.7,7,63.0,60.0,21,35,0,10.0,7,0.12,45,17,1,58.9,45.6,76.4,64.5,77.0,0.2,1,2,31,0.2,1,484,2,53.0,63,93.8,454,22.9,111,92.6,100,4,76.9,372,793,170,2.7,12.6,1.75,2020,116.3,103.5,0.19,2.59
TY Hilton,7092,WR,IND,16,13.5,4,59.8,36.4,8,22,0,7.9,5,0.2,43,14,0,63.9,80.4,75.9,,75.2,0.0,0,3,50,0.0,0,504,0,50.6,58,93.7,472,18.3,92,90.3,97,5,81.7,412,794,208,3.6,13.7,1.68,2020,196.3,74.1,0.22,3.22
Darius Slayton,25578,WR,NYG,16,14.2,7,53.2,31.8,7,22,1,10.7,6,-0.09,40,21,1,51.4,38.4,67.8,,67.4,0.0,0,2,41,0.0,0,583,2,41.7,50,94.2,549,19.6,114,81.5,94,3,80.4,469,751,157,3.1,15.0,1.37,2020,239.8,70.6,0.13,2.61
Darnell Mooney,48236,WR,CHI,16,11.8,17,64.9,28.6,4,14,1,3.2,2,-0.05,33,6,1,83.9,47.0,68.7,,67.3,0.0,0,2,53,0.0,0,541,2,45.8,61,96.9,524,20.5,111,89.5,94,4,78.7,426,631,273,4.5,10.3,1.2,2020,109.1,219.7,0.22,2.53
Curtis Samuel,11795,WR,CAR,15,7.5,7,82.8,63.6,7,11,0,6.1,5,0.09,39,5,1,66.5,64.0,77.1,76.2,76.4,0.9,4,1,44,0.4,2,465,3,46.9,77,94.4,439,71.4,332,111.1,93,3,21.3,99,851,334,4.3,11.1,1.94,2020,103.6,9.8,0.12,0.98
Brandon Aiyuk,84109,WR,SF,12,9.9,9,64.5,14.3,2,14,1,7.7,5,0.07,43,28,0,69.8,82.1,80.1,67.5,80.8,0.0,0,4,49,0.2,1,455,3,49.9,60,94.9,432,24.2,110,89.4,93,5,75.8,345,748,286,4.8,12.5,1.73,2020,53.0,170.3,0.19,2.79
Emmanuel Sanders,5606,WR,NO,16,9.3,3,74.2,62.5,5,8,0,5.5,4,0.13,36,20,1,74.3,47.7,74.4,,74.6,0.0,0,2,51,0.0,0,440,1,50.4,69,96.1,423,33.0,145,107.7,93,5,67.0,295,777,188,2.7,11.3,1.84,2020,162.0,131.7,0.18,2.99
Keelan Cole Sr,51593,WR,JAX,16,11.5,4,66.3,57.1,8,14,0,8.3,5,-0.03,34,15,0,61.3,84.7,64.4,66.6,63.7,0.5,3,1,51,0.2,1,601,1,46.3,55,95.8,576,68.7,413,104.6,83,5,30.8,185,642,180,3.3,11.7,1.11,2020,306.0,78.9,0.14,2.82
Jamison Crowder,9538,WR,NYJ,12,8.2,7,71.1,30.0,3,10,0,3.3,2,-0.07,32,22,0,82.9,80.8,75.3,,76.2,0.2,1,3,69,0.0,0,414,2,40.2,59,94.2,390,72.0,298,105.4,83,6,27.1,112,699,330,5.6,11.8,1.79,2020,195.6,107.7,0.2,2.11
Nelson Agholor,9453,WR,LV,16,15.7,7,58.5,53.3,8,15,0,15.8,9,0.11,37,23,0,31.7,79.5,73.8,,73.8,0.2,1,3,85,0.0,0,466,0,49.7,48,94.2,439,33.3,155,113.7,82,8,66.3,309,896,242,5.0,18.7,2.04,2020,159.6,103.4,0.15,2.58
Mike Williams,11762,WR,LAC,15,15.8,1,59.3,48.3,14,29,0,5.9,3,0.14,35,27,0,71.1,79.3,72.7,,72.3,0.0,0,2,64,0.0,0,514,2,47.2,48,94.4,485,23.3,120,100.6,81,5,76.7,394,756,154,3.2,15.8,1.56,2020,101.4,244.6,0.27,3.22
Josh Reynolds,11872,WR,LA,18,11.4,10,67.9,44.4,8,18,0,5.2,3,-0.02,34,26,2,73.9,80.0,65.5,55.4,65.9,0.2,1,2,40,0.7,4,565,1,49.3,55,96.3,544,32.4,183,91.7,81,2,67.3,380,683,247,4.5,12.4,1.26,2020,267.5,80.6,0.17,2.78
Greg Ward,12258,WR,PHI,16,6.0,5,67.9,58.3,7,12,1,5.4,3,-0.06,23,24,1,73.5,41.3,58.8,54.5,58.6,0.0,0,2,32,0.7,4,544,1,41.0,53,92.1,501,86.6,471,96.0,78,6,13.2,72,419,163,3.1,7.9,0.84,2020,394.0,34.5,0.14,4.93
Jakobi Meyers,47468,WR,NE,14,10.6,6,75.6,66.7,4,6,0,4.8,3,-0.02,37,19,1,78.0,46.4,78.6,61.6,80.1,0.0,0,2,35,0.3,1,348,3,44.8,59,93.4,325,60.3,210,93.4,78,0,39.1,136,729,222,3.8,12.4,2.24,2020,140.6,182.5,0.2,2.17
Laviska Shenault,61220,WR,JAX,14,6.6,16,75.3,72.2,13,18,0,4.9,3,-0.03,33,15,0,75.7,82.7,71.5,,71.8,1.0,4,0,36,0.0,0,404,1,44.8,58,96.0,388,27.5,111,119.0,77,5,68.6,277,600,300,5.2,10.3,1.55,2020,83.4,129.0,0.19,1.74
Anthony Miller,48160,WR,CHI,17,10.1,5,67.1,45.5,5,11,1,5.6,3,-0.09,24,6,2,71.9,46.5,58.2,,58.8,0.2,1,3,34,0.0,0,460,1,43.3,51,97.0,446,92.8,427,78.1,76,2,7.0,32,507,145,2.8,9.9,1.14,2020,334.0,14.5,0.15,2.42
Zach Pascal,12303,WR,IND,17,11.3,5,61.8,41.2,7,17,1,9.6,5,0.16,32,14,0,56.7,79.8,62.9,66.2,62.3,1.3,7,2,42,0.2,1,550,4,49.6,47,93.5,514,74.5,410,105.5,76,6,23.5,129,666,245,5.2,14.2,1.3,2020,296.0,96.5,0.11,2.41
Hunter Renfrow,47509,WR,LV,16,6.6,9,74.7,36.4,4,11,0,3.4,2,0.1,32,23,1,82.0,36.3,74.8,,75.0,0.0,0,0,53,0.0,0,401,1,49.2,56,93.3,374,63.6,255,109.6,75,2,36.4,146,656,348,6.2,11.7,1.75,2020,257.5,261.1,0.34,2.46
Tim Patrick,12087,WR,DEN,15,13.1,3,68.9,66.7,10,15,2,0.0,0,-0.19,33,10,0,86.9,79.5,74.5,65.6,75.6,1.3,6,3,61,0.2,1,456,4,39.2,51,95.0,433,19.1,87,111.4,74,6,79.4,362,742,239,4.7,14.5,1.71,2020,283.0,156.4,0.18,2.95
Mecole Hardman,42683,WR,KC,19,9.6,3,66.2,20.0,1,5,0,12.5,7,0.27,27,16,1,44.7,68.3,69.0,,68.4,0.5,2,0,49,0.0,0,434,3,51.2,49,94.5,410,53.0,230,115.0,74,5,46.1,200,626,376,7.7,12.8,1.53,2020,113.9,144.9,0.23,2.16
Marquez Valdes-Scantling,47809,WR,GB,18,18.2,2,55.4,40.0,6,15,0,14.6,7,0.29,34,12,1,35.9,32.8,60.6,,61.9,0.5,3,2,78,0.0,0,559,3,53.7,41,93.9,525,32.9,184,115.7,74,7,66.5,372,838,298,7.3,20.4,1.6,2020,192.9,87.0,0.19,3.35
Christian Kirk,47546,WR,ARZ,14,13.2,0,64.9,41.7,5,12,0,4.0,2,0.07,30,1,0,78.2,87.0,62.3,,62.5,0.0,0,3,80,0.0,0,540,0,48.3,48,95.0,513,16.3,88,101.2,74,6,83.7,452,621,181,3.8,12.9,1.21,2020,183.1,206.3,0.23,2.64
Kendrick Bourne,12270,WR,SF,15,10.0,7,68.1,50.0,7,14,0,7.5,4,0.02,35,28,0,65.4,79.5,72.0,80.9,72.9,0.6,3,2,49,0.4,2,476,3,47.6,49,94.1,448,46.2,220,95.1,72,2,53.2,253,667,218,4.4,13.6,1.49,2020,309.5,177.5,0.31,2.65
Gabe Davis,55410,WR,BUF,19,17.4,2,54.9,25.0,4,16,3,11.4,5,0.3,31,4,1,51.7,31.8,66.4,59.3,67.1,0.2,1,3,56,1.8,10,563,4,57.1,39,91.5,515,36.1,203,103.3,71,7,63.6,358,684,130,3.3,17.5,1.33,2020,177.5,125.9,0.22,3.6
John Brown,8726,WR,BUF,12,13.0,2,64.2,50.0,6,12,0,6.5,3,0.22,26,4,0,61.2,78.6,65.7,,66.2,0.0,0,1,46,0.0,0,442,0,53.8,43,95.0,420,10.0,44,98.1,67,3,90.0,398,544,184,4.3,12.7,1.3,2020,186.6,0.0,0.0,
Michael Pittman,29049,WR,IND,14,8.5,6,68.2,20.0,1,5,0,8.2,4,0.16,25,14,1,61.5,37.0,62.8,,62.3,0.0,0,1,45,0.0,0,431,8,48.8,45,95.6,412,25.3,109,95.1,66,1,74.7,322,593,331,7.4,13.2,1.44,2020,103.6,236.6,0.24,2.54
Julio Jones,6158,WR,ATL,9,12.7,8,78.5,50.0,6,12,0,5.6,3,0.28,36,2,0,72.2,79.3,86.3,,84.9,0.0,0,0,44,0.0,0,314,0,50.7,51,94.3,296,22.6,71,131.5,65,3,77.4,243,771,229,4.5,15.1,2.6,2020,47.1,80.4,0.2,2.59
Travis Fulgham,48023,WR,PHI,13,13.8,4,59.4,35.3,6,17,0,11.6,5,-0.16,26,24,0,56.2,77.7,71.2,66.0,70.9,0.5,2,1,42,0.3,1,387,1,40.2,38,93.0,360,17.3,67,101.0,64,4,82.2,318,539,108,2.8,14.2,1.5,2020,352.0,0.0,0.0,
Chris Conley,9509,WR,JAX,15,11.0,3,63.5,50.0,6,12,0,11.1,5,-0.12,24,15,1,50.7,29.7,70.1,,68.3,1.0,3,1,51,0.0,0,315,1,47.4,40,97.1,306,27.6,87,90.1,63,2,71.4,225,471,186,4.7,11.8,1.54,2020,363.0,66.6,0.11,2.9
Demarcus Robinson,10760,WR,KC,19,10.1,6,74.6,33.3,2,6,0,4.1,2,0.29,28,16,1,78.2,40.5,60.7,56.6,59.9,3.5,22,2,28,0.8,5,623,3,55.4,47,93.4,582,14.9,93,99.4,63,3,81.5,508,491,182,3.9,10.4,0.84,2020,269.0,69.4,0.1,2.78
Rashard Higgins,10806,WR,CLV,14,14.6,1,72.1,53.8,7,13,0,6.4,3,0.21,31,8,4,68.8,19.2,73.4,65.7,72.8,0.5,2,2,43,0.3,1,377,1,50.0,44,95.2,359,18.6,70,119.2,61,4,80.9,305,715,103,2.3,16.3,1.99,2020,313.0,57.5,0.11,2.4
James Washington,47792,WR,PIT,17,13.2,5,58.3,21.4,3,14,0,10.3,4,-0.02,23,25,0,53.6,77.3,63.8,,63.9,1.4,5,2,50,0.0,0,346,0,43.5,35,93.1,322,17.6,61,96.8,60,5,80.9,280,464,158,4.5,13.3,1.44,2020,340.0,65.8,0.14,2.53
Allen Lazard,48135,WR,GB,12,11.4,5,69.0,28.6,2,7,0,14.9,7,0.39,30,12,0,29.7,78.4,72.4,73.9,69.7,6.2,22,1,72,1.1,4,353,0,56.7,40,93.8,331,50.4,178,119.1,58,4,43.1,152,609,254,6.4,15.2,1.84,2020,215.4,142.5,0.2,3.31
Breshad Perriman,9459,WR,NYJ,12,15.7,2,53.6,18.2,2,11,0,9.1,3,-0.1,20,22,0,58.8,76.9,63.6,,63.1,0.3,1,4,53,0.0,0,393,0,40.3,30,94.1,370,25.7,101,72.4,56,3,74.0,291,505,162,5.4,16.8,1.36,2020,203.2,33.4,0.22,2.78
N'Keal Harry,48297,WR,NE,14,8.4,4,60.0,58.3,7,12,0,5.7,2,-0.06,15,19,1,70.5,28.7,57.8,67.8,61.4,0.3,1,2,30,0.9,3,334,4,42.7,33,95.2,318,35.9,120,72.5,55,2,63.2,211,309,103,3.1,9.4,0.97,2020,314.0,30.4,0.09,2.53
Jalen Reagor,61697,WR,PHI,11,14.0,5,58.5,33.3,4,12,0,3.1,1,-0.1,19,24,0,68.8,80.5,64.0,,64.2,0.3,1,3,55,0.0,0,322,1,44.7,31,94.4,304,20.8,67,64.7,53,1,78.6,253,396,175,5.6,12.8,1.3,2020,147.0,78.1,0.1,1.82
Sammy Watkins,8639,WR,KC,11,8.1,2,73.1,25.0,1,4,0,7.3,3,0.24,28,16,1,64.3,29.5,64.5,72.7,62.4,0.5,2,0,37,1.3,5,382,2,54.1,38,93.7,358,48.2,184,110.6,52,2,51.0,195,434,163,4.3,11.4,1.21,2020,204.3,72.4,0.16,2.68
Jalen Guyton,34164,WR,LAC,16,16.4,2,53.8,22.2,2,9,0,17.6,6,0.16,18,27,0,30.0,76.9,52.2,68.2,51.1,0.2,1,2,72,0.3,2,617,4,47.5,28,94.2,581,40.7,251,91.1,52,3,59.2,365,511,183,6.5,18.3,0.88,2020,323.0,97.2,0.16,2.56
Tre'Quan Smith,48228,WR,NO,15,10.2,8,72.5,57.1,4,7,0,9.8,4,0.12,25,20,1,55.1,29.1,61.9,76.7,61.8,0.5,2,0,56,1.6,7,439,3,49.3,37,94.1,413,55.1,242,145.3,51,6,44.4,195,533,156,4.2,14.4,1.29,2020,170.9,87.7,0.17,2.74
Randall Cobb,6216,WR,HST,10,7.3,1,80.9,57.1,4,7,0,2.6,1,0.17,20,13,0,81.3,77.9,71.6,,72.4,0.0,0,0,34,0.0,0,278,0,52.0,38,96.4,268,76.6,213,127.0,47,3,23.0,64,441,169,4.4,11.6,1.65,2020,193.5,95.6,0.26,3.3
Odell Beckham,8647,WR,CLV,7,14.1,4,53.5,42.9,3,7,0,4.2,1,0.07,17,8,0,73.5,76.5,75.3,,73.7,0.0,0,1,43,0.0,0,189,2,49.2,23,94.2,178,14.8,28,91.1,43,3,85.2,161,319,44,1.9,13.9,1.79,2020,64.7,129.1,0.19,2.81
Denzel Mims,47800,WR,NYJ,9,15.8,4,56.1,27.3,3,11,0,4.2,1,-0.12,15,22,0,73.5,75.3,69.4,,70.4,0.4,1,1,30,0.0,0,264,1,41.3,23,93.6,247,24.6,65,74.9,41,0,75.0,198,357,102,4.4,15.5,1.45,2020,251.5,21.3,0.08,2.66
Keke Coutee,47698,WR,HST,8,10.5,4,80.5,66.7,4,6,0,5.7,2,0.25,18,13,3,70.8,18.6,68.2,69.8,67.6,0.4,1,0,64,0.4,1,231,0,58.0,33,94.4,218,74.0,171,131.7,41,3,24.2,56,400,153,4.6,12.1,1.83,2020,316.0,1.5,0.05,1.5
Isaiah McKenzie,11927,WR,BUF,19,4.0,6,91.7,0.0,0,1,1,2.9,1,0.31,19,4,0,79.9,81.1,72.4,25.0,78.5,0.0,0,0,46,0.6,1,176,2,56.4,33,92.6,163,70.5,124,140.5,36,6,26.7,47,296,203,6.2,9.0,1.82,2020,344.0,54.5,0.21,1.88
Andy Isabella,47448,WR,ARZ,13,11.9,4,61.8,20.0,1,5,0,12.5,3,0.01,10,1,0,47.8,27.9,56.8,,56.1,0.0,0,3,54,0.0,0,222,0,50.0,21,96.4,214,87.4,194,63.8,34,2,12.2,27,224,89,4.2,10.7,1.05,2020,383.0,2.3,0.08,2.3
Van Jefferson,47447,WR,LA,16,10.5,2,73.5,60.0,3,5,0,7.4,2,0.05,14,26,1,64.5,76.5,69.8,,70.9,0.0,0,2,31,0.0,0,188,1,46.7,25,96.8,182,28.7,54,91.1,34,2,71.3,134,266,59,2.4,10.6,1.46,2020,233.0,168.2,0.19,3.23
Adam Humphries,10075,WR,TEN,7,10.0,0,69.7,33.3,3,9,0,4.2,1,0.1,11,31,0,72.8,75.3,69.9,,69.7,0.0,0,1,23,0.0,0,168,0,47.4,23,92.3,155,81.0,136,96.5,33,2,19.0,32,228,45,2.0,9.9,1.47,2020,289.0,79.3,0.12,1.93
Preston Williams,38855,WR,MIA,8,15.3,0,54.5,40.0,4,10,0,14.3,3,0.03,14,17,0,46.4,74.4,65.5,,64.7,0.0,0,2,47,0.0,0,221,0,51.9,18,94.1,208,9.0,20,98.2,33,4,91.0,201,288,45,2.5,16.0,1.38,2020,308.0,13.8,0.08,1.97
Kenny Golladay,11851,WR,DET,5,14.7,0,62.5,76.9,10,13,0,9.1,2,0.22,16,11,0,46.8,75.0,81.6,,79.8,0.0,0,0,48,0.0,0,150,0,44.5,20,91.3,137,18.0,27,119.0,32,2,82.0,123,338,42,2.1,16.9,2.47,2020,67.8,89.1,0.13,2.41
Olamide Zaccheaus,44920,WR,ATL,11,14.6,2,66.7,60.0,3,5,2,9.1,2,-0.01,16,2,0,58.1,74.8,68.6,,70.1,0.0,0,1,51,0.0,0,184,2,46.9,20,96.2,177,16.3,30,92.9,30,1,83.7,154,274,63,3.2,13.7,1.55,2020,315.0,89.8,0.15,2.81
Collin Johnson,47808,WR,JAX,14,13.3,2,60.0,50.0,4,8,0,5.3,1,-0.01,12,15,0,69.6,74.1,73.4,,71.7,0.6,1,1,46,0.0,0,180,0,47.6,18,94.4,170,29.4,53,98.2,30,2,70.0,126,272,64,3.6,15.1,1.6,2020,348.0,21.5,0.1,1.95
Cedrick Wilson,48170,WR,DAL,16,9.4,1,63.0,0.0,0,2,0,10.5,2,-0.05,10,9,0,54.8,79.9,61.1,,61.1,0.0,0,1,42,0.0,0,160,1,45.8,17,94.4,151,64.4,103,93.0,27,2,35.0,56,189,118,6.9,11.1,1.25,2020,396.0,142.3,0.27,3.03
Byron Pringle,42345,WR,KC,14,9.2,5,73.1,100.0,1,1,0,5.0,1,0.21,11,16,0,69.6,80.2,59.7,75.6,55.3,3.1,8,0,37,2.0,5,254,1,53.8,19,91.3,232,50.0,127,107.7,26,1,46.5,118,199,82,4.3,10.5,0.86,2020,220.9,128.8,0.22,3.07
DeSean Jackson,4363,WR,PHI,5,16.4,0,56.0,33.3,1,3,0,12.5,2,-0.23,10,24,0,49.8,74.7,66.8,,65.6,0.0,0,1,81,0.0,0,134,0,42.0,14,97.8,131,19.4,26,84.8,25,1,80.6,108,236,64,4.6,16.9,1.8,2020,220.3,77.8,0.26,3.7
Devin Duvernay,40006,WR,BLT,18,6.3,4,80.0,100.0,1,1,1,4.8,1,0.04,8,3,0,71.3,85.4,60.3,,60.2,0.0,0,2,39,0.0,0,205,2,46.2,20,95.1,195,47.3,97,66.8,25,0,52.2,107,201,118,5.9,10.1,1.03,2020,361.0,77.2,0.13,1.93
Marquez Callaway,42295,WR,NO,12,8.1,2,87.5,50.0,2,4,1,0.0,0,0.34,10,20,0,84.5,83.4,68.0,,68.2,0.0,0,0,27,0.0,0,163,1,60.5,21,96.3,157,24.5,40,103.6,24,0,75.5,123,213,59,2.8,10.1,1.36,2020,127.0,151.8,0.18,3.3
Donovan Peoples-Jones,61439,WR,CLV,13,17.0,1,69.6,40.0,2,5,0,5.9,1,0.34,11,8,0,67.7,86.9,67.7,56.2,68.4,0.5,1,0,75,2.0,4,196,3,53.5,16,93.4,183,32.7,64,141.1,23,2,66.8,131,335,81,5.1,20.9,1.83,2020,241.8,111.7,0.16,3.29
Ja'Marr Chase,84270,WR,CIN,17,9.0,24,74.3,41.7,10,24,0,7.3,10,0.12,75,7,0,55.9,85.3,85.8,,84.9,0.0,0,7,70,0.0,0,758,1,52.8,127,93.5,709,33.6,255,121.7,171,17,64.6,490,1708,797,6.3,13.4,2.41,2024,1.0,315.6,0.32,2.47
Malik Nabers,146759,WR,NYG,15,9.7,18,66.1,46.2,18,39,1,6.8,8,-0.16,55,21,1,71.5,61.8,86.7,,87.1,0.0,0,2,59,0.0,0,602,6,41.3,109,92.4,556,27.1,163,96.6,165,7,72.6,437,1204,475,4.4,11.0,2.17,2024,9.4,57.1,0.26,3.17
Justin Jefferson,61398,WR,MIN,18,12.1,11,68.4,54.8,17,31,1,5.3,6,0.06,64,18,1,79.8,60.9,86.6,,88.0,0.0,0,6,97,0.0,0,711,3,50.2,108,92.3,656,26.7,190,106.3,158,10,71.7,510,1591,496,4.6,14.7,2.43,2024,5.8,201.5,0.21,2.34
Garrett Wilson,97405,WR,NYJ,17,9.4,22,66.4,51.7,15,29,0,5.6,6,-0.01,60,22,2,76.7,32.7,78.9,,79.3,0.0,0,5,42,0.0,0,696,5,44.7,101,93.8,653,30.2,210,89.4,152,7,69.1,481,1104,446,4.4,10.9,1.69,2024,37.0,99.5,0.26,2.76
Drake London,86519,WR,ATL,17,11.2,16,67.1,57.9,22,38,0,4.8,5,-0.02,67,2,0,80.8,83.6,87.8,75.7,90.1,0.2,1,7,39,1.3,8,595,7,47.9,100,92.1,548,39.0,232,94.1,149,9,60.8,362,1271,328,3.3,12.7,2.32,2024,15.8,201.9,0.28,2.97
Amon-Ra St Brown,84470,WR,DET,18,8.3,13,83.1,67.7,21,31,1,1.6,2,0.25,78,11,1,91.2,64.0,89.3,76.2,90.2,0.0,0,1,66,0.3,2,618,3,53.7,123,96.6,597,52.6,325,130.3,148,12,46.3,286,1400,468,3.8,11.4,2.35,2024,9.4,324.0,0.34,2.7
CeeDee Lamb,61570,WR,DAL,15,8.3,20,69.2,58.1,18,31,0,9.8,11,-0.09,54,9,1,50.3,62.4,77.3,67.1,79.9,0.2,1,6,65,0.2,1,574,7,42.4,101,91.6,526,50.3,289,90.4,146,6,48.1,276,1194,544,5.4,11.8,2.27,2024,4.0,200.9,0.27,2.64
Jerry Jeudy,61103,WR,CLV,17,11.3,8,63.4,38.1,8,21,1,10.0,10,-0.24,57,8,0,48.5,83.0,73.5,,74.9,0.4,3,2,89,0.0,0,761,8,40.3,90,93.8,714,35.0,266,94.5,142,4,64.1,488,1229,391,4.3,13.7,1.72,2024,69.4,122.7,0.13,2.41
Courtland Sutton,48164,WR,DEN,18,14.0,1,61.0,57.1,20,35,0,11.3,11,0.02,61,10,1,41.8,54.6,75.5,62.4,77.0,0.0,0,7,47,0.2,1,651,1,45.0,86,94.5,615,17.5,114,85.3,141,8,82.3,536,1156,198,2.3,13.4,1.88,2024,46.4,217.7,0.22,2.94
DJ Moore,48267,WR,CHI,17,7.3,15,71.5,47.6,10,21,0,3.0,3,-0.11,43,6,1,82.5,62.0,73.5,,73.3,0.0,0,3,44,0.0,0,728,5,41.0,98,91.9,669,27.6,201,96.5,137,6,71.6,521,966,596,6.1,9.9,1.44,2024,50.0,168.1,0.17,2.59
Terry McLaurin,48229,WR,WAS,20,13.5,10,70.6,65.8,25,38,0,5.0,5,0.18,66,32,0,80.2,57.4,82.1,67.0,84.8,0.0,0,2,86,0.3,2,717,1,51.9,96,93.6,671,15.3,110,134.5,136,16,84.7,607,1323,422,4.4,13.8,1.97,2024,40.0,114.2,0.26,3.01
Davante Adams,8688,WR,NYJ,14,9.1,12,63.0,50.0,13,26,0,10.5,10,-0.08,49,22,0,51.1,82.8,75.8,,76.8,0.0,0,3,71,0.0,0,558,2,44.4,85,93.5,522,46.4,259,97.9,135,8,53.4,298,1063,468,5.5,12.5,2.04,2024,41.0,222.9,0.35,3.72
Jaxon Smith-Njigba,129758,WR,SEA,17,9.2,11,75.2,46.2,12,26,1,2.0,2,0.02,55,29,1,90.7,60.2,81.0,,83.5,0.0,0,4,46,0.0,0,671,3,48.6,100,93.1,625,83.6,561,102.6,133,6,15.6,105,1130,482,4.8,11.3,1.81,2024,29.6,361.9,0.44,2.87
Wan'Dale Robinson,101735,WR,NYG,17,5.1,19,70.5,58.6,17,29,1,7.0,7,-0.16,36,21,0,64.2,83.2,63.4,67.8,64.6,0.2,1,2,35,0.2,1,622,4,41.4,93,93.1,579,78.1,486,84.1,132,3,21.1,131,699,374,4.0,7.5,1.21,2024,169.8,217.9,0.22,2.29
Brian Thomas,146760,WR,JAX,17,11.9,9,67.4,50.0,8,16,0,6.5,6,-0.06,53,15,0,67.7,83.6,82.0,,83.4,0.0,0,5,85,0.0,0,553,4,44.0,87,94.6,523,28.4,157,109.4,129,10,71.4,395,1282,572,6.6,14.7,2.45,2024,13.2,138.8,0.19,2.72
Jakobi Meyers,47468,WR,LV,15,10.7,5,69.0,66.7,16,24,0,0.0,0,-0.07,52,23,0,90.9,83.2,77.7,70.7,78.5,0.0,0,4,43,0.3,2,628,4,44.1,87,93.0,584,34.1,214,90.9,126,4,65.8,413,1027,298,3.4,11.8,1.76,2024,81.8,177.8,0.2,2.22
Puka Nacua,100632,WR,LA,13,8.3,23,72.6,35.0,7,20,0,5.3,5,0.13,53,26,0,72.1,84.0,92.5,75.5,92.6,2.7,10,1,51,0.8,3,374,2,49.0,90,93.6,350,29.9,112,105.3,124,3,66.3,248,1131,581,6.5,12.6,3.23,2024,14.0,377.0,0.52,2.71
Ladd McConkey,124030,WR,LAC,17,10.7,14,73.4,62.5,15,24,0,6.2,6,0.04,60,27,2,73.6,36.7,84.3,,85.0,0.5,3,2,86,0.0,0,554,1,44.3,91,93.7,519,69.3,384,123.3,124,8,30.0,166,1346,477,5.2,14.8,2.59,2024,23.8,180.9,0.22,2.74
AJ Brown,48327,WR,PHI,17,12.8,17,66.9,59.4,19,32,0,2.5,2,0.19,63,24,0,89.8,82.1,90.2,,90.9,0.0,0,3,67,0.0,0,505,3,48.8,79,94.1,475,17.2,87,116.6,118,9,82.8,418,1242,404,5.1,15.7,2.61,2024,20.2,220.3,0.26,2.82
Keenan Allen,7857,WR,CHI,15,10.1,4,59.8,59.1,13,22,0,10.3,8,-0.07,43,6,1,53.5,49.6,64.4,67.5,68.2,0.0,0,0,45,0.5,3,598,4,41.2,70,91.3,546,54.0,323,98.4,117,7,45.7,273,744,241,3.4,10.6,1.36,2024,121.6,182.7,0.29,2.26
Nico Collins,61441,WR,HST,14,11.9,12,69.6,57.1,12,21,1,4.8,4,0.02,59,13,0,80.1,82.4,92.3,75.8,92.3,0.2,1,5,67,0.4,2,448,3,43.9,80,94.2,422,23.4,105,108.9,115,8,76.1,341,1209,427,5.3,15.1,2.86,2024,9.2,226.2,0.29,3.1
Khalil Shakir,84140,WR,BUF,18,5.5,23,81.7,46.7,7,15,1,2.1,2,0.27,42,4,1,88.9,58.4,78.9,61.6,80.1,0.4,2,1,52,0.2,1,498,3,50.9,94,91.0,453,72.1,359,110.7,115,4,26.9,134,995,704,7.5,10.6,2.2,2024,91.8,168.4,0.27,2.31
Mike Evans,8642,WR,TB,15,12.5,5,71.1,63.2,12,19,0,4.7,4,0.26,60,30,0,79.1,82.1,90.4,,90.2,0.0,0,5,57,0.0,0,463,0,57.0,81,94.0,435,34.3,159,118.2,114,12,65.7,304,1096,253,3.1,13.5,2.52,2024,36.2,84.8,0.24,2.83
Xavier Worthy,144718,WR,KC,20,9.2,8,68.4,38.5,5,13,0,7.1,6,0.16,49,16,0,67.1,83.8,71.8,,71.6,0.5,3,2,54,0.0,0,655,3,53.1,78,93.7,614,36.3,238,111.9,114,9,61.8,405,925,526,6.7,11.9,1.51,2024,45.4,109.9,0.17,2.07
Marvin Harrison,145056,WR,ARZ,17,14.2,1,54.4,42.1,16,38,0,1.6,1,0.09,43,1,1,78.8,45.4,77.7,,77.2,0.0,0,4,60,0.0,0,579,2,51.0,62,93.8,543,25.9,150,88.5,114,8,74.1,429,885,149,2.4,14.3,1.63,2024,37.8,125.8,0.22,3.07
Calvin Ridley,48262,WR,TEN,17,16.0,7,56.6,45.8,11,24,1,11.1,8,-0.16,40,31,0,48.9,49.2,73.1,,74.7,0.0,0,4,63,0.0,0,583,2,40.7,64,93.7,546,21.6,126,83.8,113,4,78.2,456,1017,234,3.7,15.9,1.86,2024,54.8,47.3,0.19,2.78
Zay Flowers,97268,WR,BLT,17,10.7,17,66.1,50.0,8,16,0,6.3,5,0.29,48,3,0,67.0,83.4,82.1,,83.8,0.0,0,0,53,0.0,0,500,2,52.3,74,94.0,470,38.0,190,108.4,112,4,61.8,309,1059,467,6.3,14.3,2.25,2024,60.6,249.3,0.28,2.6
Jauan Jennings,48027,WR,SF,15,10.5,12,69.4,62.5,20,32,3,4.9,4,0.04,47,28,1,77.1,50.8,83.1,74.8,83.7,0.0,0,3,45,0.4,2,459,6,48.4,77,94.1,432,41.6,191,103.2,111,6,58.4,268,975,239,3.1,12.7,2.26,2024,89.0,173.3,0.22,3.15
DK Metcalf,47864,WR,SEA,15,14.3,5,61.1,36.6,15,41,2,4.3,3,-0.01,35,29,2,80.8,27.1,73.9,,74.6,0.3,2,2,71,0.0,0,590,7,48.1,66,93.1,549,13.2,78,99.0,108,5,86.4,510,992,262,4.0,15.0,1.81,2024,52.2,187.2,0.24,3.07
Michael Pittman,29049,WR,IND,16,10.9,5,65.1,53.6,15,28,0,4.2,3,-0.05,35,14,1,80.3,47.2,72.2,67.0,72.6,0.2,1,4,33,0.4,2,511,4,40.0,69,94.1,481,24.9,127,81.8,106,3,75.0,383,808,261,3.8,11.7,1.68,2024,97.6,200.4,0.22,2.5
Cooper Kupp,11824,WR,LA,14,8.7,7,69.5,47.4,9,19,0,2.7,2,0.08,32,26,1,87.3,50.3,71.4,51.0,72.3,0.0,0,0,69,0.4,2,455,0,47.0,73,93.6,426,65.3,297,110.8,105,6,34.7,158,800,278,3.8,11.0,1.88,2024,94.6,118.3,0.15,2.52
George Pickens,99229,WR,PIT,15,13.9,12,61.0,37.0,10,27,0,12.3,9,0.06,41,25,1,46.0,47.7,78.6,,79.7,0.0,0,2,44,0.0,0,498,6,44.3,64,93.8,467,22.1,110,96.8,105,4,77.9,388,987,257,4.0,15.4,2.11,2024,51.2,289.9,0.3,3.12
Tee Higgins,61211,WR,CIN,12,11.2,14,70.2,46.7,14,30,0,2.7,2,0.21,48,7,1,87.3,48.5,88.2,,88.3,0.2,1,1,42,0.0,0,476,3,56.4,73,93.5,445,20.0,95,125.1,104,10,79.8,380,911,224,3.1,12.5,2.05,2024,28.0,209.6,0.27,3.55
Josh Downs,122832,WR,IND,14,6.7,7,70.6,46.7,7,15,0,5.3,4,-0.02,40,14,0,76.3,86.2,84.8,64.5,85.1,0.3,1,3,69,0.3,1,386,2,41.5,72,94.6,365,84.5,326,97.8,102,5,14.0,54,803,403,5.6,11.2,2.2,2024,101.8,138.4,0.23,2.31
DeVonta Smith,61100,WR,PHI,17,9.7,10,83.2,43.8,7,16,0,4.5,4,0.18,49,24,0,79.8,82.3,81.2,,83.5,0.4,2,3,49,0.0,0,535,4,50.2,84,94.2,504,55.7,298,126.2,101,9,43.9,235,1023,359,4.3,12.2,2.03,2024,54.8,201.8,0.23,2.62
Darnell Mooney,48236,WR,ATL,16,12.8,7,64.0,39.1,9,23,0,7.2,5,0.02,48,2,0,66.0,80.9,74.0,,74.6,0.0,0,3,49,0.0,0,566,2,48.3,64,93.1,527,40.3,228,100.9,100,5,58.1,329,992,268,4.2,15.5,1.88,2024,120.2,82.3,0.11,2.57
Jordan Addison,123000,WR,MIN,16,14.1,5,66.0,54.5,12,22,0,5.7,4,0.06,41,18,0,74.0,81.5,72.9,67.4,73.6,0.2,1,3,69,0.2,1,603,4,49.7,66,91.5,552,30.0,181,112.2,100,9,69.3,418,904,223,3.4,13.7,1.64,2024,84.2,135.1,0.19,3.07
Elijah Moore,84302,WR,CLV,17,9.6,3,62.9,50.0,10,20,0,6.2,4,-0.32,25,8,0,71.3,81.1,58.5,65.8,58.5,0.0,0,9,44,0.2,1,631,3,38.0,61,94.1,594,56.1,354,42.4,97,1,42.6,269,538,136,2.2,8.8,0.91,2024,292.8,28.6,0.15,1.91
Rome Odunze,73774,WR,CHI,17,14.2,4,56.3,72.2,13,18,0,8.5,5,-0.07,37,6,2,61.7,25.7,63.8,76.6,65.3,0.0,0,1,47,0.4,3,679,1,41.6,54,91.9,624,35.3,240,86.9,96,3,64.4,437,734,261,4.8,13.6,1.18,2024,70.4,146.1,0.2,3.32
Quentin Johnston,123085,WR,LAC,16,12.2,13,59.1,30.4,7,23,0,9.8,6,0.08,32,27,0,48.2,80.5,67.4,,68.2,0.0,0,2,66,0.0,0,464,1,45.1,55,93.8,435,11.9,55,102.9,93,8,88.1,409,711,313,5.7,12.9,1.63,2024,198.8,173.2,0.24,3.27
Jameson Williams,101701,WR,DET,16,12.4,3,64.1,46.2,6,13,0,3.3,2,0.23,43,11,0,77.0,82.3,74.5,,75.1,0.0,0,4,82,0.0,0,535,4,52.6,59,96.8,518,35.1,188,109.0,92,7,64.9,347,1020,490,8.3,17.3,1.97,2024,50.8,219.9,0.22,3.1
DeAndre Hopkins,7808,WR,KC,19,11.6,3,68.6,54.2,13,24,1,4.8,3,0.04,38,16,0,69.7,80.3,77.8,,77.0,0.0,0,3,35,0.0,0,438,1,48.5,59,90.4,396,25.3,111,98.9,86,6,74.7,327,639,114,1.9,10.8,1.61,2024,200.4,67.0,0.2,3.05
Jaylen Waddle,84088,WR,MIA,15,9.8,3,69.9,50.0,2,4,0,9.4,6,0.05,38,17,0,57.2,80.8,72.1,,71.5,0.2,1,3,63,0.0,0,514,0,48.6,58,94.6,486,27.8,143,90.6,83,2,71.8,369,744,238,4.1,12.8,1.53,2024,61.4,193.8,0.27,2.94
Xavier Legette,99197,WR,CAR,16,12.6,7,60.5,52.2,12,23,0,14.0,8,-0.14,27,5,0,36.5,81.2,59.1,46.2,59.1,0.0,0,1,35,0.5,2,441,0,40.8,49,94.6,417,30.8,136,89.4,81,4,69.2,305,497,112,2.3,10.1,1.19,2024,159.6,89.3,0.14,2.48
Dontayvion Wicks,99711,WR,GB,18,12.7,8,51.3,25.0,4,16,0,18.0,9,-0.01,27,12,0,29.1,78.1,65.1,,63.8,1.4,5,3,36,0.0,0,345,2,44.9,41,93.0,321,35.9,124,73.6,80,5,62.6,216,454,151,3.7,11.1,1.41,2024,263.5,75.8,0.19,2.45
Jayden Reed,78171,WR,GB,18,8.5,9,74.7,69.2,9,13,0,14.5,10,0.12,32,12,0,33.3,51.7,71.7,66.2,71.6,0.7,3,0,70,0.2,1,443,0,47.3,59,92.8,411,76.3,338,137.3,79,6,20.1,89,903,410,6.9,15.3,2.2,2024,110.2,48.5,0.29,2.2
Tre Tucker,101106,WR,LV,17,12.4,4,60.3,53.3,8,15,0,4.1,2,-0.08,24,23,0,78.7,83.7,57.5,66.2,58.0,0.0,0,1,58,0.1,1,683,1,44.6,47,93.7,640,24.7,169,88.6,78,3,75.3,514,539,209,4.4,11.5,0.84,2024,273.0,161.7,0.17,2.38
Rashod Bateman,84296,WR,BLT,19,15.2,9,68.9,33.3,2,6,2,7.3,4,0.29,39,3,0,65.0,79.3,71.8,,72.8,0.0,0,3,59,0.0,0,522,3,51.0,51,94.3,492,9.4,49,129.8,74,11,90.6,473,846,197,3.9,16.6,1.72,2024,134.6,53.4,0.1,2.81
Jalen Tolbert,61637,WR,DAL,17,12.3,3,66.2,52.4,11,21,0,7.5,4,-0.19,29,9,0,65.0,79.6,60.7,,62.8,0.0,0,2,48,0.0,0,597,4,40.3,49,92.6,553,30.0,179,111.9,74,7,70.0,418,610,175,3.6,12.4,1.1,2024,264.5,44.3,0.1,2.46
Olamide Zaccheaus,44920,WR,WAS,20,6.1,11,72.2,50.0,4,8,0,10.3,6,0.09,30,32,0,55.3,61.0,69.2,69.0,69.7,0.0,0,0,49,0.2,1,406,3,49.9,52,93.6,380,54.2,220,108.0,72,3,45.1,183,551,322,6.2,10.6,1.45,2024,263.8,84.8,0.15,1.97
Romeo Doubs,84329,WR,GB,14,12.1,4,66.7,66.7,12,18,0,9.4,5,0.13,34,12,0,56.7,79.1,69.7,,71.0,0.0,0,2,39,0.0,0,406,3,49.1,48,93.3,379,13.3,54,100.1,72,4,86.7,352,614,144,3.0,12.8,1.62,2024,157.6,163.4,0.21,2.97
Darius Slayton,25578,WR,NYG,16,13.7,6,55.7,60.0,12,20,0,15.2,7,-0.14,30,21,0,29.9,79.3,59.0,74.3,59.9,0.0,0,2,43,0.5,3,575,5,42.7,39,92.3,531,20.7,119,80.2,70,2,79.3,456,573,135,3.5,14.7,1.08,2024,204.2,96.8,0.13,2.62
Michael Wilson,84423,WR,ARZ,16,11.7,3,67.1,61.1,11,18,1,4.1,2,0.04,27,1,1,78.2,37.2,62.9,46.8,64.5,0.0,0,3,41,0.2,1,538,5,50.6,47,93.1,501,35.3,190,91.8,70,4,64.7,348,548,138,2.9,11.7,1.09,2024,211.8,220.6,0.24,2.83
Tyler Lockett,9502,WR,SEA,17,11.7,2,70.0,46.2,6,13,2,5.8,3,0.01,36,29,0,71.5,79.2,65.2,,65.6,0.0,0,4,37,0.0,0,589,3,48.4,49,92.5,545,29.2,172,81.8,70,2,70.8,417,600,132,2.7,12.2,1.1,2024,220.0,67.1,0.13,2.1
Demarcus Robinson,10760,WR,LA,19,16.8,1,50.7,50.0,8,16,1,5.4,2,0.01,31,26,0,72.0,77.6,65.0,,66.4,0.0,0,4,48,0.0,0,618,1,47.7,35,94.7,585,38.0,235,90.4,69,7,62.0,383,602,87,2.5,17.2,1.03,2024,305.0,56.2,0.13,2.44
Kayshon Boutte,124087,WR,NE,15,14.5,5,64.2,75.0,9,12,1,10.4,5,0.01,25,19,0,47.6,78.8,61.4,,62.5,0.8,4,2,48,0.0,0,507,3,48.3,43,91.9,466,13.6,69,94.7,67,3,85.6,434,589,152,3.5,13.7,1.26,2024,257.2,124.1,0.2,3.76
Alec Pierce,78038,WR,IND,16,22.8,0,56.1,47.6,10,21,0,7.5,3,-0.01,32,14,0,57.8,78.0,74.3,68.1,75.3,0.0,0,5,65,0.2,1,485,1,42.4,37,93.2,452,17.1,83,104.6,66,7,82.9,402,824,118,3.2,22.3,1.82,2024,196.6,183.3,0.23,3.9
Keon Coleman,144949,WR,BUF,16,15.4,4,50.0,36.8,7,19,2,13.5,5,0.17,22,4,0,48.3,77.7,68.3,,68.8,0.0,0,2,64,0.0,0,405,5,45.8,32,92.1,373,11.9,48,89.2,64,4,87.9,356,578,226,7.1,18.1,1.55,2024,94.8,102.4,0.18,2.69
Joshua Palmer,62979,WR,LAC,15,15.1,1,61.9,45.5,5,11,1,9.3,4,0.1,28,27,0,60.0,78.4,67.0,,68.3,0.0,0,1,45,0.0,0,428,2,43.0,39,91.4,391,32.9,141,91.0,63,1,67.1,287,584,102,2.6,15.0,1.49,2024,153.6,52.3,0.13,2.38
Jalen McMillan,131905,WR,TB,14,12.8,1,62.9,25.0,3,12,1,11.4,5,0.18,25,30,0,50.9,80.6,60.8,69.0,62.8,0.0,0,6,33,0.2,1,437,5,56.0,39,94.5,413,26.3,115,88.2,62,8,72.1,315,502,140,3.6,12.9,1.22,2024,218.5,29.9,0.22,2.3
Stefon Diggs,9579,WR,HST,8,8.3,3,75.8,50.0,3,6,0,4.1,2,0.08,31,13,0,85.8,79.7,79.0,,79.7,0.0,0,1,49,0.0,0,288,2,43.8,47,93.8,270,52.8,152,108.0,62,3,45.1,130,496,187,4.0,10.6,1.84,2024,77.2,210.3,0.35,2.47
Tutu Atwell,77965,WR,LA,18,12.2,1,69.4,25.0,2,8,0,6.5,3,0.0,30,26,0,67.4,79.1,72.7,,73.9,0.0,0,2,50,0.0,0,277,1,50.4,43,93.5,259,36.1,100,85.4,62,0,63.9,177,580,124,2.9,13.5,2.24,2024,281.5,31.2,0.17,5.2
Adam Thielen,8288,WR,CAR,10,11.7,1,78.7,70.0,7,10,0,4.0,2,-0.04,28,5,0,77.8,79.1,76.4,,76.5,0.0,0,4,40,0.0,0,319,1,42.8,48,93.7,299,74.6,238,108.7,61,5,25.4,81,615,156,3.3,12.8,2.06,2024,161.0,37.6,0.1,1.98
Allen Lazard,48135,WR,NYJ,12,11.5,3,61.7,53.3,8,15,2,17.8,8,0.0,29,22,0,29.5,77.9,62.7,52.2,63.9,1.6,7,2,52,0.7,3,451,7,45.9,37,93.3,421,38.6,174,109.7,60,6,59.9,270,530,157,4.2,14.3,1.26,2024,316.0,23.0,0.09,2.3
Chris Godwin,11839,WR,TB,7,5.6,9,83.3,50.0,4,8,0,0.0,0,0.12,32,30,1,90.5,38.3,86.3,71.5,85.7,0.0,0,1,55,2.6,7,265,0,53.0,50,92.1,244,61.9,164,127.5,60,5,38.1,101,576,347,6.9,11.5,2.36,2024,110.4,81.0,0.19,2.45
Andrei Iosivas,109811,WR,CIN,17,11.7,0,61.0,58.3,7,12,0,10.0,4,0.13,26,7,0,55.1,77.6,52.7,65.7,54.3,0.0,0,1,39,0.2,1,620,2,52.2,36,92.4,573,52.4,325,113.6,59,6,47.6,295,479,75,2.1,13.3,0.84,2024,216.4,89.9,0.11,2.5
Calvin Austin III,61418,WR,PIT,18,13.6,2,63.8,63.6,7,11,0,5.1,2,-0.03,19,25,0,72.6,61.9,63.8,,64.6,0.0,0,0,55,0.0,0,423,1,41.9,37,96.0,406,62.6,265,119.4,58,4,37.4,158,573,153,4.1,15.5,1.41,2024,236.6,86.2,0.19,2.78
Mack Hollins,11873,WR,BUF,20,14.6,1,64.3,58.3,7,12,0,2.7,1,0.24,29,4,0,80.5,77.8,61.6,62.4,63.8,5.5,27,0,44,0.2,1,495,3,50.4,36,93.1,461,31.3,155,127.2,56,6,63.2,313,482,108,3.0,13.4,1.05,2024,289.0,113.4,0.17,2.41
Nick Westbrook-Ikhine,47861,WR,TEN,17,12.8,5,57.1,57.1,8,14,0,8.6,3,-0.05,25,31,0,60.7,77.0,63.4,77.6,63.7,0.0,0,3,98,0.9,4,469,2,44.5,32,92.8,435,20.5,96,103.9,56,9,79.5,373,497,129,4.0,15.5,1.14,2024,292.3,19.9,0.05,1.81
Dyami Brown,77986,WR,WAS,19,8.7,12,78.6,33.3,3,9,0,4.3,2,0.03,21,32,3,77.3,20.3,66.5,66.3,66.5,0.0,0,0,51,0.3,1,377,4,46.3,44,93.4,352,22.8,86,118.5,56,2,77.2,291,537,321,7.3,12.2,1.53,2024,224.0,51.7,0.15,1.99
Devaughn Vele,100637,WR,DEN,14,8.7,2,73.2,60.0,9,15,0,8.9,4,0.0,26,10,0,60.0,78.4,69.3,,71.4,1.4,5,0,37,0.0,0,350,0,45.9,41,95.1,333,70.6,247,116.3,56,3,27.7,97,475,132,3.2,11.6,1.43,2024,304.0,66.3,0.15,2.65
David Moore,11981,WR,CAR,17,11.8,4,58.2,41.2,7,17,0,11.1,4,-0.1,18,5,0,51.6,80.3,63.1,65.7,64.0,0.0,0,0,21,0.3,1,359,2,44.1,32,93.9,337,24.2,87,95.3,55,3,75.5,271,351,65,2.0,11.0,1.04,2024,326.5,2.7,0.03,1.35
Marvin Mims,122937,WR,DEN,18,7.3,7,75.9,25.0,1,4,0,4.7,2,0.23,15,10,1,75.3,70.5,68.6,70.7,72.8,0.4,1,2,93,0.4,1,228,0,48.6,41,95.2,217,36.4,83,126.7,54,6,50.0,114,515,483,11.8,12.6,2.37,2024,122.4,89.0,0.24,1.82
Troy Franklin,146567,WR,DEN,17,14.5,3,57.7,16.7,1,6,1,11.8,4,0.03,13,10,0,49.6,77.2,54.3,,55.8,0.0,0,1,43,0.0,0,297,4,44.8,30,93.9,279,33.0,98,86.8,52,3,67.0,199,317,159,5.3,10.6,1.14,2024,202.8,173.1,0.26,2.47
Christian Watson,66581,WR,GB,15,18.7,1,56.9,66.7,10,15,0,6.5,2,0.21,21,12,1,67.3,28.6,70.0,66.2,72.2,0.7,2,2,60,0.3,1,295,2,50.9,29,92.9,274,32.5,96,96.9,51,2,66.8,197,620,155,5.3,21.4,2.26,2024,313.5,132.4,0.32,3.68
Parker Washington,129799,WR,JAX,17,11.7,8,62.7,44.4,4,9,1,8.6,3,0.0,19,15,1,60.4,25.1,59.7,,60.6,0.0,0,1,30,0.0,0,405,1,44.6,32,94.6,383,39.0,158,97.7,51,3,60.7,246,390,108,3.4,12.2,1.02,2024,321.3,172.7,0.26,2.66
Curtis Samuel,11795,WR,BUF,17,4.6,3,72.5,42.9,3,7,0,5.1,2,0.06,13,4,0,73.3,78.5,65.5,,65.8,0.0,0,1,55,0.0,0,274,1,46.9,37,95.6,262,47.4,130,101.3,51,3,48.5,133,334,216,5.8,9.0,1.27,2024,284.5,21.1,0.14,3.01
Adonai Mitchell,146712,WR,IND,17,14.7,1,45.1,0.0,0,5,0,14.8,4,-0.23,16,14,2,41.4,20.3,57.9,,61.4,0.0,0,0,36,0.0,0,221,1,37.0,23,93.2,206,23.5,52,65.2,51,0,76.5,169,312,104,4.5,13.6,1.51,2024,251.8,89.9,0.18,2.64
Brandin Cooks,8655,WR,DAL,10,12.3,0,52.0,28.6,4,14,1,0.0,0,-0.09,19,9,0,75.7,76.8,63.2,,63.3,0.0,0,2,29,0.0,0,317,1,43.8,26,91.5,290,23.0,73,70.3,50,3,77.0,244,259,57,2.2,10.0,0.89,2024,305.7,51.9,0.1,2.16
Tim Patrick,12087,WR,DET,17,11.6,5,69.4,25.0,1,4,0,2.9,1,0.34,21,11,0,79.9,77.3,66.8,67.3,65.7,0.0,0,5,42,0.5,2,371,0,56.2,34,97.3,361,22.6,84,76.1,49,3,77.4,287,416,159,4.7,12.2,1.15,2024,296.0,51.7,0.15,3.45
Sterling Shepard,10674,WR,TB,15,9.8,3,65.3,81.8,9,11,0,11.1,4,0.21,16,30,0,51.6,78.6,54.8,62.3,57.0,0.0,0,0,30,0.3,1,394,6,50.5,32,92.6,365,48.2,190,91.7,49,1,51.5,203,334,94,2.9,10.4,0.92,2024,317.5,84.0,0.17,1.95
KaVontae Turpin,47658,WR,DAL,17,9.5,4,64.6,16.7,1,6,1,11.4,4,-0.01,18,9,1,50.6,29.8,71.2,,70.0,0.0,0,2,64,0.0,0,216,1,46.1,31,94.4,204,77.8,168,88.9,48,2,19.4,42,420,264,8.5,13.5,2.06,2024,286.0,86.5,0.23,2.01
Christian Kirk,47546,WR,JAX,8,13.7,2,57.4,30.0,3,10,0,10.0,3,-0.08,18,15,0,56.1,76.1,67.9,,68.2,0.0,0,2,61,0.0,0,230,0,43.2,27,95.7,220,81.7,188,72.9,47,1,18.3,42,379,114,4.2,14.0,1.72,2024,122.2,57.9,0.13,2.07
Jalen Nailor,84292,WR,MIN,18,12.8,0,66.0,40.0,2,5,1,11.4,4,0.04,24,18,0,50.8,78.0,59.3,,60.3,0.0,0,0,33,0.0,0,462,3,47.4,31,92.2,426,49.4,228,136.3,47,6,50.6,234,447,108,3.5,14.4,1.05,2024,260.3,98.7,0.15,3.18
Greg Dortch,42237,WR,ARZ,17,4.2,13,80.4,57.1,4,7,0,5.1,2,0.06,16,1,1,72.6,24.7,63.9,,65.2,0.0,0,0,39,0.0,0,310,0,50.3,37,93.5,290,66.5,206,119.4,46,3,30.0,93,342,297,8.0,9.2,1.18,2024,335.5,75.1,0.26,2.09
John Metchie III,97400,WR,HST,15,9.3,1,65.2,58.3,7,12,0,3.2,1,-0.14,14,13,2,67.3,20.5,59.3,65.7,60.2,0.0,0,2,28,0.3,1,314,0,40.3,30,94.6,297,59.2,186,74.3,46,1,40.8,128,317,75,2.5,10.6,1.07,2024,290.5,71.9,0.16,2.0
Jalen Coker,143068,WR,CAR,11,11.4,4,71.1,62.5,5,8,0,3.0,1,-0.15,23,5,0,78.9,77.1,72.8,,73.8,0.0,0,1,83,0.0,0,298,2,40.5,32,93.3,278,61.1,182,111.2,45,2,38.6,115,478,176,5.5,14.9,1.72,2024,200.6,90.4,0.21,2.74
Cedric Tillman,84434,WR,CLV,11,12.3,9,64.4,71.4,5,7,2,6.5,2,-0.16,15,8,1,68.1,27.8,63.6,70.7,65.8,0.0,0,1,38,1.7,5,302,2,41.0,29,92.1,278,27.2,82,100.1,45,3,72.2,218,339,111,3.8,11.7,1.22,2024,152.8,60.0,0.12,2.86
Ricky Pearsall,100660,WR,SF,11,11.3,0,70.5,55.6,5,9,0,3.1,1,0.03,19,28,0,78.5,79.2,63.9,66.2,64.1,0.0,0,3,46,0.3,1,325,2,47.9,31,94.2,306,39.7,129,93.0,44,3,60.0,195,400,110,3.5,12.9,1.31,2024,61.6,88.6,0.18,2.33
Chris Olave,84355,WR,NO,8,10.6,0,74.4,66.7,6,9,0,3.0,1,0.0,22,20,1,80.4,28.6,82.4,39.9,83.0,0.0,0,2,39,0.5,1,202,1,45.0,32,93.1,188,28.2,57,91.2,43,1,70.8,143,400,118,3.7,12.5,2.13,2024,73.8,270.0,0.3,2.67
Lil'Jordan Humphrey,42247,WR,DEN,18,6.3,8,72.1,25.0,1,4,1,3.1,1,-0.07,12,10,2,77.8,20.6,56.9,74.7,55.7,1.3,4,2,41,2.2,7,318,4,41.3,31,92.5,294,57.2,182,78.9,43,1,41.5,132,293,192,6.2,9.5,1.0,2024,413.5,34.6,0.11,2.66
Van Jefferson,47447,WR,PIT,18,11.5,4,61.9,60.0,3,5,0,7.1,2,0.03,13,25,0,65.0,75.9,57.2,69.6,57.4,0.2,1,0,43,0.9,4,442,4,44.7,26,92.3,408,23.8,105,108.5,42,3,76.0,336,313,80,3.1,12.0,0.77,2024,318.7,70.0,0.12,2.41
Gabe Davis,55410,WR,JAX,10,14.3,1,47.6,22.2,2,9,1,9.1,2,-0.1,13,15,1,58.1,24.3,52.5,55.6,54.6,0.4,1,2,22,0.8,2,264,4,42.5,20,95.5,252,19.3,51,61.5,42,2,80.3,212,239,43,2.2,12.0,0.95,2024,347.0,30.9,0.13,2.57
Marquez Valdes-Scantling,47809,WR,NO,14,19.2,2,46.3,10.0,1,10,0,13.6,3,0.05,14,20,0,45.1,74.5,61.7,,60.8,0.0,0,1,71,0.0,0,315,0,39.7,19,92.1,290,21.6,68,104.8,41,4,78.4,247,411,141,7.4,21.6,1.42,2024,294.0,32.0,0.09,2.29
Rashid Shaheed,63707,WR,NO,6,18.1,0,50.0,0.0,0,7,0,0.0,0,-0.02,12,20,0,83.6,82.6,69.7,,69.2,0.0,0,4,70,0.0,0,182,2,46.2,20,94.0,171,25.3,46,65.5,40,3,74.2,135,349,102,5.1,17.5,2.04,2024,118.2,146.6,0.21,2.16
Tyler Johnson,48054,WR,LA,15,6.5,7,66.7,62.5,5,8,0,0.0,0,-0.03,10,26,0,86.5,75.9,67.0,73.5,67.7,0.9,2,2,63,1.9,4,215,1,45.3,26,92.6,199,33.0,71,75.9,39,1,66.0,142,291,184,7.1,11.2,1.46,2024,393.5,37.7,0.13,3.14
Kendrick Bourne,12270,WR,NE,12,9.4,3,75.7,60.0,6,10,0,3.4,1,0.03,13,19,0,77.8,77.1,62.1,70.2,62.7,0.3,1,0,37,0.3,1,317,1,49.5,28,91.2,289,20.2,64,108.5,37,1,79.5,252,305,97,3.5,10.9,1.06,2024,355.0,92.1,0.16,2.49
Malik Washington,97108,WR,MIA,14,5.4,2,72.2,42.9,3,7,1,7.1,2,-0.01,13,17,0,64.1,86.2,57.7,64.9,60.8,0.7,2,0,20,0.4,1,270,2,47.9,26,95.6,258,52.2,141,88.1,36,0,47.0,127,223,123,4.7,8.6,0.86,2024,217.8,112.7,0.2,1.79
Jahan Dotson,84375,WR,PHI,21,10.4,4,62.9,20.0,1,5,1,0.0,0,0.11,15,24,0,84.9,77.2,54.8,,55.0,0.4,2,0,36,0.0,0,517,1,46.9,22,94.4,488,32.5,168,96.0,35,1,67.1,347,269,90,4.1,12.2,0.55,2024,290.0,50.2,0.08,2.79
JuJu Smith-Schuster,11817,WR,KC,17,5.9,6,71.0,0.0,0,3,1,0.0,0,0.04,14,16,0,84.9,75.1,59.5,77.6,60.1,1.4,5,1,50,1.4,5,347,4,48.4,22,91.4,317,42.1,146,110.6,31,2,56.5,196,307,202,9.2,14.0,0.97,2024,271.7,73.5,0.12,2.23
Xavier Hutchinson,122518,WR,HST,18,11.5,2,54.8,33.3,3,9,0,10.5,2,-0.17,8,13,0,57.4,76.2,57.8,,58.1,0.0,0,1,34,0.0,0,327,0,40.1,17,94.5,309,33.3,109,61.6,31,0,66.4,217,203,59,3.5,11.9,0.66,2024,329.0,98.0,0.15,2.58
Jordan Whittington,97623,WR,LA,10,5.8,2,79.3,33.3,1,3,1,0.0,0,0.04,15,26,0,84.9,81.8,78.3,78.9,78.9,0.7,1,0,50,4.4,6,135,2,53.5,23,91.9,124,34.1,46,110.5,29,0,60.7,82,305,206,9.0,13.3,2.46,2024,319.0,36.3,0.08,1.73
Rashee Rice,97605,WR,KC,4,5.2,8,82.8,0.0,0,1,1,4.0,1,-0.03,15,16,0,74.2,75.8,85.1,,85.5,0.0,0,1,44,0.0,0,99,1,50.5,24,91.9,91,50.5,50,116.7,29,2,49.5,49,288,185,7.7,12.0,3.16,2024,68.8,148.1,0.36,2.55
Luke McCaffrey,101634,WR,WAS,20,8.9,2,66.7,33.3,2,6,0,5.3,1,0.22,8,32,0,68.7,79.8,54.3,65.8,54.3,0.0,0,3,30,0.4,1,283,0,50.9,18,94.7,268,72.8,206,44.0,27,0,27.2,77,168,96,5.3,9.3,0.63,2024,284.0,49.3,0.28,4.48
Kalif Raymond,11028,WR,DET,13,7.0,2,83.3,50.0,1,2,0,0.0,0,0.02,12,11,0,83.6,87.2,71.1,,70.8,0.0,0,0,38,0.0,0,158,0,47.4,20,97.5,154,43.0,68,138.2,24,2,57.0,90,252,161,8.1,12.6,1.64,2024,281.0,60.8,0.17,2.34
Josh Reynolds,11872,WR,JAX,9,11.0,0,54.2,37.5,3,8,0,0.0,0,-0.02,8,15,0,80.0,72.3,61.2,,61.2,0.0,0,0,49,0.0,0,220,1,41.2,13,95.9,211,22.3,49,94.8,24,1,77.7,171,194,42,3.2,14.9,0.92,2024,290.0,21.1,0.08,1.92
Mason Tipton,109617,WR,NO,11,12.9,1,58.3,75.0,3,4,0,12.5,2,-0.14,2,20,0,51.8,73.7,48.0,,47.6,0.0,0,0,15,0.0,0,254,1,38.7,14,93.7,238,27.2,69,67.9,24,0,72.4,184,99,29,2.1,7.1,0.42,2024,395.0,20.4,0.07,1.36
Jalin Hyatt,124282,WR,NYG,16,18.6,0,42.1,60.0,3,5,0,11.1,1,-0.14,3,21,0,54.5,70.1,48.0,,49.5,0.0,0,2,19,0.0,0,230,0,41.0,8,94.3,217,10.4,24,11.2,19,0,89.6,206,62,7,0.9,7.8,0.29,2024,312.0,8.5,0.05,1.7
DeAndre Hopkins,7808,WR,HST,17,12.2,12,71.0,55.6,25,45,1,0.0,0,0.12,85,13,2,92.1,42.1,92.0,,92.1,0.0,0,3,49,0.0,0,732,3,48.6,120,93.4,684,19.7,144,115.2,169,11,80.3,588,1609,397,3.3,13.4,2.35,2018,5.0,264.3,0.27,2.49
Michael Thomas,10681,WR,NO,18,8.3,18,83.9,57.1,20,35,2,2.1,3,0.26,83,20,2,91.3,46.5,91.6,64.9,91.9,0.2,1,1,72,0.2,1,647,6,55.6,141,94.3,610,32.0,207,124.0,168,10,67.9,439,1612,574,4.1,11.4,2.64,2018,12.3,374.6,0.4,2.5
Julio Jones,6158,WR,ATL,16,14.3,11,68.1,50.0,20,40,0,6.6,8,0.23,79,2,2,71.9,38.6,90.9,,90.7,0.0,0,3,58,0.0,0,605,1,53.1,113,94.5,572,20.8,126,109.4,166,8,79.2,479,1677,452,4.0,14.8,2.93,2018,10.7,274.1,0.34,2.71
Antonio Brown,5718,WR,PIT,15,11.7,14,63.0,19.2,5,26,0,1.0,1,0.19,64,25,0,91.3,84.1,79.3,,79.0,0.0,0,11,78,0.0,0,716,3,49.9,104,93.6,670,20.5,147,89.9,165,15,79.5,569,1297,494,4.8,12.5,1.94,2018,21.0,16.1,0.67,3.22
Davante Adams,8688,WR,GB,15,11.7,9,68.5,30.0,6,20,0,4.3,5,0.11,64,12,0,85.1,84.3,87.8,,87.5,0.0,0,0,57,0.0,0,695,2,46.4,111,94.0,653,20.7,144,121.6,162,13,79.1,550,1386,477,4.3,12.5,2.12,2018,8.0,212.7,0.31,2.56
JuJu Smith-Schuster,11817,WR,PIT,16,9.3,7,68.9,51.2,21,41,0,5.1,6,0.18,68,25,1,80.2,60.6,81.8,,81.2,0.0,0,4,97,0.0,0,728,2,50.0,111,94.0,684,61.0,444,100.6,161,7,39.0,284,1426,660,5.9,12.8,2.08,2018,14.3,115.2,0.2,2.74
Robert Woods,7822,WR,LA,19,10.9,8,67.8,47.8,11,23,0,2.8,3,0.16,74,26,0,90.7,85.9,86.4,79.5,86.5,1.4,11,3,39,1.8,14,763,5,50.8,103,92.7,707,56.0,427,101.6,152,6,42.6,325,1391,492,4.8,13.5,1.97,2018,46.0,232.9,0.24,2.18
Adam Thielen,8288,WR,MIN,16,10.0,6,75.8,38.9,7,18,0,4.2,5,0.02,74,18,1,90.0,62.9,89.4,77.7,89.4,0.9,6,3,68,0.4,3,694,1,48.0,113,94.4,655,56.6,393,115.4,149,9,42.5,295,1373,419,3.7,12.2,2.1,2018,25.3,114.4,0.26,3.36
Tyreek Hill,10799,WR,KC,18,15.9,12,66.2,59.1,13,22,1,5.9,6,0.33,65,16,0,69.8,70.8,89.0,,89.8,2.0,14,6,75,0.0,0,703,6,51.9,96,92.9,653,44.4,312,113.4,145,12,50.2,353,1593,551,5.7,16.6,2.44,2018,17.7,188.3,0.33,2.85
Stefon Diggs,9579,WR,MIN,15,9.8,12,72.3,64.0,16,25,0,1.0,1,0.0,49,18,0,91.2,84.5,81.1,66.3,81.0,0.5,3,2,75,0.2,1,627,4,46.8,102,94.9,595,22.3,140,107.9,141,9,76.7,481,1021,438,4.3,10.0,1.72,2018,33.0,218.3,0.28,3.21
Brandin Cooks,8655,WR,LA,19,13.4,8,72.3,43.8,14,32,0,2.0,2,0.15,70,26,1,90.6,60.6,81.2,,82.5,0.1,1,3,57,0.0,0,737,2,50.4,99,94.4,696,28.8,212,110.8,137,5,70.6,520,1496,429,4.3,15.1,2.15,2018,40.3,117.5,0.17,2.45
Julian Edelman,5156,WR,NE,15,8.2,9,73.0,35.3,6,17,1,9.9,11,0.22,63,19,0,48.4,89.9,82.4,,80.8,0.0,0,3,36,0.0,0,595,6,52.9,100,94.3,561,64.0,381,106.0,137,6,35.3,210,1238,493,4.9,12.4,2.21,2018,37.7,250.4,0.25,2.32
Jarvis Landry,8698,WR,CLV,16,11.3,7,59.1,50.0,13,26,1,6.9,6,0.02,44,8,1,69.6,56.8,74.7,38.5,70.8,0.2,1,2,51,0.2,1,647,3,44.9,81,92.1,596,70.5,456,84.7,137,4,28.7,186,976,283,3.5,12.0,1.64,2018,69.3,237.4,0.24,2.83
Keenan Allen,7857,WR,LAC,18,9.9,7,75.2,47.4,9,19,0,3.7,4,0.21,66,27,2,87.4,63.3,89.3,65.7,89.7,0.3,2,3,54,0.2,1,602,5,49.6,103,93.5,563,56.0,337,112.4,137,7,43.5,262,1308,422,4.1,12.7,2.32,2018,26.7,261.5,0.28,2.44
Mike Evans,8642,WR,TB,16,16.5,5,63.7,61.5,16,26,1,7.5,7,0.23,69,30,1,55.7,53.8,84.3,65.9,84.2,0.1,1,8,72,0.1,1,680,5,53.0,86,93.7,637,17.6,120,97.3,135,8,82.1,558,1524,294,3.4,17.7,2.39,2018,19.7,230.7,0.29,3.44
TY Hilton,7092,WR,IND,16,11.8,8,64.9,45.7,16,35,1,4.5,4,0.2,61,14,0,81.5,82.9,87.6,,87.0,0.0,0,3,68,0.0,0,612,2,53.2,85,93.6,573,27.6,169,109.4,131,7,72.2,442,1415,469,5.5,16.6,2.47,2018,42.0,125.1,0.26,2.78
Amari Cooper,9437,WR,DAL,17,10.0,5,73.3,72.7,8,11,1,6.4,6,0.13,58,9,3,73.3,25.4,76.7,,75.4,0.0,0,3,90,0.0,0,658,1,50.7,88,93.2,613,22.0,145,115.8,120,8,78.0,513,1176,493,5.6,13.4,1.92,2018,33.7,246.5,0.29,3.08
Odell Beckham,8647,WR,NYG,12,12.5,20,64.7,29.2,7,24,0,3.8,3,0.07,51,21,0,84.0,84.7,90.0,,89.9,0.2,1,4,51,0.0,0,489,2,43.9,77,95.1,465,29.4,144,95.6,119,6,70.1,343,1052,318,4.1,13.7,2.26,2018,13.3,202.5,0.2,2.63
Golden Tate,5585,WR,PHI,17,7.3,23,68.6,43.5,10,23,0,8.0,7,0.13,36,24,2,64.4,31.4,71.1,,70.9,0.4,2,2,67,0.0,0,468,2,48.0,81,94.9,444,73.1,342,96.7,118,5,26.1,122,859,441,5.4,10.6,1.93,2018,132.0,154.2,0.25,3.08
Kenny Golladay,11851,WR,DET,15,12.5,7,60.9,56.7,17,30,1,4.1,3,0.01,56,11,1,81.9,49.4,81.0,,81.3,1.3,8,2,60,0.0,0,610,4,44.0,70,93.1,568,29.8,182,98.6,115,5,68.7,419,1063,350,5.0,15.2,1.87,2018,43.7,250.0,0.27,3.85
Corey Davis,11760,WR,TEN,16,10.8,8,60.2,44.4,4,9,0,5.8,4,-0.01,46,31,1,72.2,48.2,76.4,,75.8,0.6,3,1,51,0.0,0,516,2,45.7,65,94.2,486,29.8,154,95.1,108,4,69.4,358,891,274,4.2,13.7,1.83,2018,84.0,115.1,0.16,2.68
Larry Fitzgerald,1724,WR,ARZ,16,9.9,11,64.5,48.3,14,29,1,4.2,3,-0.25,39,1,0,81.0,81.4,73.2,,72.3,1.2,7,3,37,0.0,0,561,2,38.0,69,94.5,530,74.7,419,91.4,107,6,24.1,135,734,212,3.1,10.6,1.38,2018,104.7,179.4,0.2,2.39
Tyler Boyd,10689,WR,CIN,14,9.6,6,73.8,43.8,7,16,1,3.8,3,0.08,54,7,0,84.0,82.3,84.5,,85.7,1.5,8,0,49,0.0,0,538,2,47.7,76,92.9,500,73.2,394,127.8,103,7,24.5,132,1028,422,5.6,13.5,2.06,2018,54.3,226.9,0.23,2.41
Adam Humphries,10075,WR,TB,16,6.0,9,73.8,46.2,6,13,1,3.8,3,0.23,48,30,0,84.2,87.5,75.2,,74.0,0.3,2,1,51,0.0,0,604,1,52.2,76,93.9,567,83.9,507,108.7,103,5,15.2,92,816,433,5.7,10.7,1.44,2018,171.7,86.5,0.23,2.28
Michael Crabtree,4933,WR,BLT,17,11.3,7,54.9,41.2,7,17,1,16.4,11,0.02,37,3,0,29.4,80.0,63.3,,62.0,0.2,1,2,31,0.0,0,574,4,44.4,56,93.0,534,13.1,75,82.4,102,5,86.8,498,645,137,2.4,11.5,1.21,2018,415.0,6.2,0.2,1.55
Sterling Shepard,10674,WR,NYG,16,10.7,6,64.7,39.1,9,23,3,10.8,8,0.05,47,21,0,49.8,81.4,67.3,42.3,66.2,0.8,5,2,58,0.2,1,627,6,43.4,66,95.7,600,58.7,368,96.5,102,4,40.5,254,872,316,4.8,13.2,1.45,2018,89.7,139.8,0.23,2.22
Taylor Gabriel,9002,WR,CHI,17,10.9,6,71.7,50.0,8,16,2,2.7,2,0.15,34,6,1,82.3,54.1,68.8,65.3,69.5,0.9,5,2,54,0.2,1,556,4,50.1,71,93.5,520,23.0,128,90.7,99,2,75.4,419,725,235,3.3,10.2,1.39,2018,215.7,90.3,0.2,2.82
Zay Jones,11792,WR,BUF,16,13.1,1,56.6,28.6,6,21,0,5.1,3,-0.15,32,4,1,75.9,43.7,62.2,76.9,60.4,0.5,3,5,57,1.8,11,595,1,41.1,56,91.6,545,48.6,289,79.2,99,7,50.9,303,652,130,2.3,11.6,1.2,2018,181.0,48.9,0.08,1.75
Nelson Agholor,9453,WR,PHI,18,10.3,12,69.4,35.7,5,14,0,5.6,4,0.1,31,24,1,75.7,51.4,64.7,66.2,63.4,1.0,7,2,83,0.1,1,703,2,48.3,68,94.6,665,54.6,384,97.9,98,4,43.8,308,774,359,5.3,11.4,1.16,2018,217.3,94.0,0.14,2.29
Emmanuel Sanders,5606,WR,DEN,12,9.7,7,73.2,27.3,3,11,1,5.3,4,0.03,37,10,1,70.8,82.2,81.1,73.4,80.1,0.0,0,2,64,0.2,1,443,3,43.8,71,92.3,409,62.3,276,105.5,97,4,36.8,163,868,302,4.3,12.2,2.12,2018,102.7,182.9,0.22,2.77
Dede Westbrook,11865,WR,JAX,16,9.1,8,68.8,33.3,6,18,0,8.3,6,-0.12,39,15,2,63.4,43.8,71.3,61.6,70.0,0.0,0,3,61,0.2,1,578,3,42.4,66,95.8,554,88.4,511,94.8,96,5,11.2,65,717,363,5.5,10.9,1.29,2018,78.3,152.7,0.21,2.15
John Brown,8726,WR,BLT,17,16.7,1,46.8,23.8,5,21,0,13.7,7,0.02,28,3,0,39.7,79.2,64.5,,65.1,0.4,2,2,71,0.0,0,544,1,43.4,44,93.6,509,23.2,126,82.3,94,5,76.5,416,729,175,4.0,16.6,1.43,2018,135.3,214.7,0.24,2.9
Calvin Ridley,48262,WR,ATL,16,10.4,3,70.3,41.7,5,12,1,11.1,8,0.17,38,2,2,48.5,24.8,68.6,,70.5,0.2,1,2,75,0.0,0,492,1,51.0,64,94.5,465,24.0,118,125.8,91,10,75.4,371,821,367,5.7,12.8,1.77,2018,54.0,195.0,0.27,3.0
Chris Godwin,11839,WR,TB,16,12.8,7,65.6,54.2,13,24,0,1.7,1,0.14,47,30,4,90.0,18.7,80.4,,79.6,0.4,2,2,48,0.0,0,483,1,52.1,59,93.4,451,27.5,133,112.4,90,7,72.0,348,842,247,4.2,14.3,1.87,2018,39.3,274.1,0.29,3.15
Cole Beasley,7330,WR,DAL,18,7.4,2,76.7,50.0,4,8,1,2.8,2,0.09,42,9,0,87.1,86.4,74.6,,73.8,0.0,0,0,32,0.0,0,553,1,44.9,69,92.8,513,87.2,482,110.2,90,3,12.5,69,715,234,3.4,10.4,1.39,2018,191.7,180.8,0.25,2.7
Demaryius Thomas,5547,WR,HST,15,10.7,5,67.8,50.0,7,14,1,10.6,7,0.06,37,13,0,51.3,80.3,71.5,,71.3,0.4,2,2,45,0.0,0,495,4,46.4,59,92.7,459,33.1,164,100.6,87,5,66.5,329,677,279,4.7,11.5,1.47,2018,224.3,85.3,0.19,2.37
Robbie Chosen,11254,WR,NYJ,14,17.3,2,57.5,29.6,8,27,0,5.7,3,-0.04,30,22,2,71.8,24.8,68.3,,70.8,0.0,0,4,76,0.0,0,452,4,42.8,50,96.7,437,23.5,106,89.8,87,6,76.5,346,752,181,3.6,15.0,1.72,2018,71.0,160.3,0.17,3.02
Donte Moncrief,8725,WR,JAX,16,13.5,4,56.5,22.7,5,22,1,7.7,4,-0.1,28,15,1,64.4,50.9,62.3,,62.4,0.0,0,1,80,0.0,0,567,5,44.0,48,96.3,546,7.2,41,88.8,85,3,92.8,526,668,233,4.9,13.9,1.22,2018,123.3,5.8,0.04,1.45
Mike Williams,11762,WR,LAC,18,15.6,4,61.7,51.7,15,29,0,5.7,3,0.22,42,27,0,72.9,80.7,80.5,,80.3,0.2,1,1,55,0.0,0,488,1,51.5,50,93.4,456,30.1,147,127.8,81,10,69.7,340,774,138,2.8,15.5,1.7,2018,135.0,161.3,0.19,3.23
Michael Gallup,26075,WR,DAL,18,14.2,3,50.6,30.4,7,23,0,6.8,3,0.1,26,9,0,51.8,78.3,62.7,,62.2,0.0,0,2,49,0.0,0,529,1,45.0,41,92.1,487,11.9,63,79.4,81,3,88.1,466,644,197,4.8,15.7,1.32,2018,119.7,212.7,0.25,3.22
Courtland Sutton,48164,WR,DEN,16,15.6,6,53.2,40.9,9,22,0,17.6,9,-0.04,30,10,0,29.4,78.6,64.0,,62.6,0.0,0,3,42,0.0,0,574,6,41.7,42,92.7,532,16.2,93,84.6,79,4,83.8,481,704,167,4.0,16.8,1.32,2018,98.3,220.9,0.24,2.95
DJ Moore,48267,WR,CAR,16,9.6,17,71.1,41.2,7,17,0,6.9,4,0.05,32,5,1,67.5,21.4,71.8,64.9,73.7,0.2,1,3,82,0.2,1,461,3,48.3,54,93.7,432,33.0,152,96.4,76,2,64.6,298,781,427,7.9,14.5,1.81,2018,58.7,232.5,0.26,2.5
Danny Amendola,4717,WR,MIA,15,7.3,2,78.7,60.0,6,10,0,3.3,2,-0.07,27,17,0,82.8,56.6,66.6,61.4,66.1,0.4,2,3,39,0.2,1,445,2,43.4,59,93.3,415,79.6,354,86.4,75,1,19.6,87,575,229,3.9,9.7,1.39,2018,245.3,135.8,0.21,2.19
Josh Doctson,10656,WR,WAS,15,15.4,5,58.7,50.0,13,26,0,6.4,3,-0.06,31,32,0,69.8,78.9,63.3,,63.2,0.0,0,5,32,0.0,0,548,3,42.6,44,93.4,512,20.4,112,61.6,75,2,79.6,436,532,127,2.9,12.1,1.04,2018,439.5,0.0,0.0,
Tyrell Williams,10154,WR,LAC,18,13.5,2,64.9,57.1,12,21,0,5.9,3,0.23,32,27,2,63.9,24.4,65.9,67.9,66.4,0.2,1,5,75,0.4,2,570,4,49.4,48,92.6,528,42.8,244,93.1,74,5,57.0,325,756,226,4.7,15.8,1.43,2018,128.0,143.1,0.2,3.41
Tyler Lockett,9502,WR,SEA,17,14.9,2,85.9,77.8,7,9,0,0.0,0,0.19,40,29,1,90.8,73.0,82.3,,84.7,1.0,5,0,53,0.0,0,523,1,46.9,61,93.1,487,50.1,262,158.3,71,10,48.9,256,1085,248,4.1,17.8,2.23,2018,46.0,235.2,0.24,2.73
Chris Hogan,6468,WR,NE,19,13.0,1,62.3,44.4,4,9,2,8.5,4,0.18,26,19,0,60.7,78.5,53.9,67.0,55.0,0.0,0,2,63,0.3,2,644,5,49.7,43,94.7,610,47.2,304,92.1,69,3,52.8,340,590,197,4.6,13.7,0.97,2018,482.5,14.7,0.1,1.84
Sammy Watkins,8639,WR,KC,12,9.3,8,72.5,37.5,3,8,0,7.4,4,0.43,30,16,1,65.6,25.6,71.2,69.0,71.8,1.0,4,0,54,0.3,1,394,2,54.1,50,92.6,365,36.3,143,118.9,69,3,62.7,247,695,312,6.2,13.9,1.9,2018,82.0,138.5,0.19,2.56
Josh Reynolds,11872,WR,LA,19,13.3,6,55.2,30.8,4,13,0,7.5,3,0.03,29,26,0,64.3,78.9,67.4,79.8,66.5,0.6,3,4,33,5.3,25,470,1,46.4,37,88.9,418,29.1,137,80.6,67,5,70.0,329,523,167,4.5,14.1,1.25,2018,272.5,61.9,0.13,2.38
Josh Gordon,7618,WR,NE,12,14.4,7,61.2,37.5,6,16,1,10.9,5,0.2,30,19,0,51.5,78.3,73.5,64.5,74.6,0.0,0,1,55,0.2,1,403,3,48.2,41,94.0,379,10.2,41,112.6,67,4,89.8,362,737,267,6.5,18.0,1.94,2018,82.3,75.7,0.16,2.7
Marquez Valdes-Scantling,47809,WR,GB,16,13.8,5,56.7,30.8,4,13,1,9.5,4,0.09,23,12,0,56.2,78.5,60.4,68.0,62.1,0.8,4,0,60,0.4,2,507,2,45.0,38,93.9,476,46.5,236,95.4,67,2,52.7,267,581,217,5.7,15.3,1.22,2018,97.7,84.1,0.16,3.0
Christian Kirk,47546,WR,ARZ,12,10.0,4,66.2,46.2,6,13,0,6.5,3,-0.31,21,1,0,68.6,87.0,70.3,,70.1,0.5,2,4,75,0.0,0,364,0,35.8,43,94.5,344,30.8,112,84.8,65,3,68.7,250,590,229,5.3,13.7,1.72,2018,81.3,166.2,0.21,2.13
Keelan Cole Sr,51593,WR,JAX,16,10.2,1,59.4,77.8,7,9,0,13.6,6,-0.11,25,15,2,33.0,22.1,59.4,61.6,59.3,0.6,3,2,35,0.2,1,491,3,43.7,38,96.3,473,21.2,104,75.7,64,1,78.0,383,491,138,3.6,12.9,1.04,2018,487.0,78.7,0.21,3.15
Curtis Samuel,11795,WR,CAR,13,12.2,9,62.9,50.0,9,18,0,7.1,3,0.02,24,5,0,65.1,44.4,71.5,,71.9,0.0,0,2,53,0.0,0,318,2,50.3,39,93.7,298,24.8,79,101.1,62,5,75.2,239,494,116,3.0,12.7,1.66,2018,85.7,171.7,0.18,2.35
Seth Roberts,9079,WR,OAK,15,8.8,6,75.0,60.0,6,10,0,6.3,3,-0.06,24,23,0,54.5,79.4,62.1,70.9,61.8,6.5,26,0,44,0.7,3,401,5,45.2,45,93.5,375,76.1,305,110.0,60,2,17.5,70,494,226,5.0,11.0,1.32,2018,531.0,60.1,0.11,2.86
Kendrick Bourne,12270,WR,SF,16,9.2,5,70.0,35.7,5,14,0,10.6,5,0.0,30,28,1,52.6,45.4,66.6,72.9,65.5,1.0,4,2,33,0.5,2,398,2,44.7,42,92.0,366,25.4,101,102.6,60,4,73.4,292,487,152,3.6,11.6,1.33,2018,597.0,95.8,0.21,3.19
Kenny Stills,7926,WR,MIA,15,16.9,2,61.7,72.7,8,11,1,7.5,3,-0.05,27,17,0,64.1,79.0,64.4,,66.3,0.0,0,2,75,0.0,0,467,6,44.0,37,93.1,435,35.8,167,111.3,60,6,64.0,299,553,135,3.6,14.9,1.27,2018,182.0,120.1,0.2,3.0
Anthony Miller,48160,WR,CHI,15,11.9,2,61.0,55.6,5,9,0,10.0,4,0.08,21,6,0,55.9,81.2,60.6,,61.7,2.1,9,1,55,0.0,0,419,6,48.2,36,94.3,395,68.0,285,117.7,59,7,29.6,124,457,181,5.0,12.7,1.16,2018,132.0,129.5,0.19,2.44
Randall Cobb,6216,WR,GB,9,8.0,5,66.7,50.0,2,4,1,9.5,4,0.02,18,12,1,56.7,42.6,60.2,,62.3,2.2,8,0,75,0.0,0,360,1,43.4,38,94.2,339,88.1,317,97.3,57,2,9.2,33,383,240,6.3,10.1,1.13,2018,217.7,156.9,0.22,2.71
Jarius Wright,7118,WR,CAR,16,5.8,6,75.4,62.5,5,8,0,6.5,3,0.07,25,5,3,68.3,19.5,63.7,,63.0,0.5,2,2,33,0.0,0,409,1,46.8,43,94.6,387,87.3,357,88.9,57,1,12.0,49,447,205,4.8,10.4,1.16,2018,560.0,56.9,0.08,1.96
John Ross,11764,WR,CIN,13,15.1,3,38.2,37.5,3,8,0,25.0,7,-0.01,13,7,0,27.1,76.0,49.4,,50.6,0.5,2,5,39,0.0,0,400,2,43.5,21,92.0,368,12.8,51,51.5,55,7,86.8,347,210,59,2.8,10.0,0.57,2018,251.5,97.0,0.24,3.13
Taywan Taylor,11827,WR,TEN,13,13.6,5,67.3,37.5,3,8,0,11.9,5,-0.06,19,31,1,48.1,29.3,70.0,,68.4,0.0,0,1,55,0.0,0,268,1,46.2,37,92.9,249,17.2,46,91.9,55,1,82.5,221,466,175,4.7,12.6,1.87,2018,664.0,0.0,0.0,
Keke Coutee,47698,WR,HST,7,5.0,2,75.0,25.0,1,4,0,7.1,3,-0.06,19,13,0,64.8,78.5,68.0,62.4,68.8,0.0,0,2,40,0.4,1,230,1,46.8,39,94.3,217,72.6,167,93.2,52,2,26.1,60,397,262,6.7,10.2,1.83,2018,136.0,54.8,0.16,2.28
Ryan Grant,8777,WR,IND,14,9.5,3,67.3,38.5,5,13,1,7.9,3,0.16,18,14,0,63.4,77.6,59.1,66.5,57.7,0.2,1,1,23,0.2,1,422,3,51.4,35,93.8,396,12.1,51,83.3,52,1,87.7,370,334,89,2.5,9.5,0.84,2018,607.0,5.4,0.06,1.35
Rashard Higgins,10806,WR,CLV,13,12.0,2,76.5,44.4,4,9,1,7.1,3,0.02,27,8,2,65.5,22.5,68.1,,68.2,0.3,1,2,40,0.0,0,344,3,44.0,39,92.4,318,29.4,101,122.3,51,4,70.3,242,572,152,3.9,14.7,1.8,2018,217.5,15.5,0.09,3.88
Zach Pascal,12303,WR,IND,18,10.5,1,58.0,35.3,6,17,0,3.3,1,0.08,15,14,0,77.8,82.3,59.1,45.6,56.8,1.5,5,2,28,0.9,3,330,4,48.5,29,92.7,306,38.8,128,70.5,50,2,59.4,196,281,89,3.1,9.7,0.92,2018,401.0,133.3,0.17,3.1
David Moore,11981,WR,SEA,17,16.9,2,52.0,41.2,7,17,0,7.1,2,0.2,18,29,2,64.3,21.7,64.5,,64.4,0.0,0,2,54,0.0,0,355,3,47.1,26,93.2,331,5.1,18,99.2,50,5,94.9,337,445,89,3.4,17.1,1.34,2018,255.5,61.6,0.2,3.08
Chris Conley,9509,WR,KC,18,9.1,5,64.0,33.3,2,6,0,13.5,5,0.32,18,16,2,45.1,21.9,54.5,71.9,51.6,2.8,17,1,27,0.8,5,611,4,51.9,32,91.7,560,49.9,305,108.3,50,5,46.6,285,334,132,4.1,10.4,0.6,2018,398.5,154.5,0.18,3.29
Cooper Kupp,11824,WR,LA,8,8.8,6,81.6,40.0,2,5,0,4.8,2,0.37,25,26,0,75.0,80.6,77.3,79.9,79.1,0.4,1,1,70,2.6,7,271,0,56.4,40,92.3,250,70.1,190,145.9,49,6,29.5,80,566,304,7.6,14.2,2.26,2018,50.0,270.5,0.31,2.82
Tre'Quan Smith,48228,WR,NO,17,13.0,3,63.8,63.6,7,11,0,6.3,2,0.27,24,20,0,67.3,76.7,67.9,66.1,67.7,0.3,1,1,62,0.3,1,380,2,55.2,30,94.2,358,31.1,118,121.9,47,5,68.7,261,452,113,3.8,15.1,1.26,2018,165.7,71.4,0.16,3.97
Laquon Treadwell,10657,WR,MIN,15,6.0,4,74.5,40.0,4,10,0,12.5,5,-0.07,16,18,0,45.1,77.3,51.3,,52.1,0.0,0,2,22,0.0,0,386,2,46.2,35,95.3,368,21.2,82,80.3,47,1,78.8,304,302,118,3.4,8.6,0.82,2018,482.0,33.4,0.2,3.71
Dontrelle Inman,6597,WR,IND,11,11.3,2,78.3,53.8,7,13,0,7.7,3,0.32,22,14,0,71.6,77.4,72.3,,70.6,0.0,0,0,29,0.0,0,294,0,58.8,36,94.2,277,33.3,98,133.0,46,4,66.7,196,412,72,2.0,11.4,1.49,2018,668.0,30.1,0.16,2.51
Tajae Sharpe,10774,WR,TEN,16,11.9,1,56.5,44.4,4,9,0,7.1,2,0.0,22,31,0,64.3,76.0,61.7,67.6,61.6,0.0,0,3,28,0.6,2,351,3,44.5,26,93.4,328,49.0,172,65.1,46,2,51.0,179,316,80,3.1,12.2,0.96,2018,574.0,81.9,0.19,3.28
DaeSean Hamilton,45416,WR,DEN,14,8.7,1,66.7,42.9,3,7,0,6.3,2,-0.04,16,10,0,67.3,79.1,60.1,,60.4,2.4,7,1,24,0.0,0,292,1,43.3,30,94.9,277,63.4,185,85.7,45,2,34.2,100,243,71,2.4,8.1,0.88,2018,204.3,63.7,0.1,2.27
Robert Foster,48230,WR,BUF,13,21.0,0,61.4,55.6,5,9,0,3.6,1,0.02,20,4,0,75.5,75.9,72.1,,73.3,0.0,0,0,75,0.0,0,282,3,41.8,27,93.3,263,13.5,38,127.2,44,3,86.2,243,541,160,5.9,20.0,2.06,2018,241.7,12.3,0.06,2.46
Ryan Switzer,11888,WR,PIT,16,3.4,2,81.8,57.1,4,7,0,5.3,2,0.15,15,25,0,72.0,90.3,63.0,,62.4,0.0,0,0,24,0.0,0,260,0,52.1,36,93.1,242,73.1,190,98.2,44,1,18.8,49,253,136,3.8,7.0,1.05,2018,667.0,10.7,0.13,1.34
Jamison Crowder,9538,WR,WAS,9,9.9,2,65.9,37.5,3,8,0,9.4,3,-0.08,15,32,0,58.8,79.8,60.9,,61.4,0.3,1,1,79,0.0,0,290,1,44.7,29,91.7,266,76.6,222,99.4,44,2,22.8,66,388,212,7.3,13.4,1.46,2018,144.0,197.7,0.25,2.5
DeVante Parker,9447,WR,MIA,11,13.5,3,55.8,30.0,3,10,0,4.0,1,-0.17,14,17,0,74.2,75.5,69.2,65.5,68.2,0.0,0,1,46,0.4,1,245,0,39.6,24,92.2,226,20.0,49,76.6,43,1,80.0,196,309,97,4.0,12.9,1.37,2018,177.0,246.2,0.27,3.42
Chad Williams,11853,WR,ARZ,10,13.6,0,40.5,41.7,5,12,0,15.0,3,-0.23,9,1,0,41.6,74.0,53.7,65.7,52.7,0.0,0,2,22,0.3,1,299,0,38.2,17,95.0,284,7.7,23,40.9,42,1,92.3,276,171,18,1.1,10.1,0.6,2018,405.0,0.0,0.0,
Ted Ginn,3625,WR,NO,7,17.0,1,54.8,20.0,1,5,0,11.5,3,0.19,14,20,2,52.7,28.0,65.8,,66.3,0.0,0,2,43,0.0,0,212,2,54.5,23,93.4,198,37.3,79,74.6,42,2,62.7,133,311,56,2.4,13.5,1.57,2018,234.3,85.9,0.14,2.6
Marquise Goodwin,7859,WR,SF,11,14.3,2,56.1,37.5,3,8,0,4.2,1,0.05,19,28,1,73.5,20.1,62.7,,63.8,0.4,1,4,67,0.0,0,264,1,46.6,23,94.3,249,22.3,59,81.9,41,4,76.9,203,395,130,5.7,17.2,1.59,2018,177.3,38.1,0.14,2.93
Dante Pettis,48113,WR,SF,11,12.1,6,67.5,33.3,1,3,0,3.6,1,0.04,19,28,0,65.2,80.3,68.5,,69.8,0.3,1,2,75,0.0,0,286,1,46.0,27,91.3,261,38.5,110,125.7,40,5,60.1,172,467,214,7.9,17.3,1.79,2018,101.0,33.9,0.11,3.08
Tim Patrick,12087,WR,DEN,16,10.8,3,57.5,28.6,2,7,2,14.8,4,0.02,14,10,2,41.4,26.6,60.2,62.0,60.0,3.8,10,1,26,0.4,1,263,3,43.1,23,93.2,245,30.0,79,80.7,40,1,65.4,172,315,113,4.9,13.7,1.29,2018,657.0,37.8,0.13,2.36
Albert Wilson,8943,WR,MIA,7,7.8,9,72.2,0.0,0,2,0,3.7,1,-0.04,11,17,0,77.8,78.8,82.5,61.6,82.7,0.0,0,3,75,0.7,1,145,1,42.7,26,89.0,129,33.1,48,109.8,36,4,64.1,93,391,345,13.3,15.0,3.03,2018,181.0,88.6,0.2,1.85
James Washington,47792,WR,PIT,14,17.3,1,44.4,44.4,4,9,2,5.9,1,0.14,10,25,0,68.7,73.9,49.2,,50.5,1.5,6,0,47,0.0,0,402,4,47.5,16,94.8,381,13.7,55,73.5,36,1,84.8,341,217,55,3.4,13.6,0.57,2018,111.0,135.5,0.21,3.08
Allen Hurns,8931,WR,DAL,17,14.3,4,61.8,75.0,6,8,0,4.5,1,0.05,12,9,1,71.3,25.1,65.5,65.7,66.0,1.5,4,0,49,0.4,1,271,1,44.5,21,93.4,253,17.0,46,111.0,34,2,81.2,220,309,87,4.1,14.7,1.22,2018,594.0,85.6,0.16,2.67
DJ Chark,47702,WR,JAX,11,10.8,1,45.2,37.5,3,8,0,26.3,5,0.01,6,15,1,28.1,25.9,52.4,72.4,51.6,0.0,0,1,38,0.5,1,199,0,47.9,14,97.0,193,13.6,27,49.7,31,0,85.9,171,174,38,2.7,12.4,0.9,2018,243.5,223.8,0.26,2.98
Demarcus Robinson,10760,WR,KC,18,12.6,4,74.2,33.3,1,3,0,8.0,2,0.34,13,16,0,61.5,75.7,60.2,,61.9,0.4,1,1,89,0.0,0,277,4,55.8,23,93.1,258,19.5,54,132.4,31,4,79.8,221,315,114,5.0,13.7,1.22,2018,262.0,100.9,0.14,3.15
Jakeem Grant Sr,10820,WR,MIA,10,8.8,2,67.7,33.3,1,3,1,4.5,1,-0.06,13,17,0,71.3,85.7,70.5,,71.0,0.0,0,1,52,0.0,0,175,3,42.1,21,93.7,164,21.7,38,102.6,31,2,75.4,132,268,142,6.8,12.8,1.63,2018,436.5,41.9,0.19,1.82
Marcell Ateman,23670,WR,OAK,7,12.0,0,50.0,44.4,4,9,0,11.8,2,-0.01,7,23,0,51.2,73.0,53.5,,54.2,0.0,0,0,32,0.0,0,232,2,44.6,15,95.7,222,17.7,41,76.3,30,1,82.3,191,154,34,2.3,10.3,0.69,2018,423.0,16.6,0.12,3.32
Isaiah McKenzie,11927,WR,BUF,8,8.1,5,62.1,28.6,2,7,0,5.3,1,0.01,10,4,0,70.5,51.3,67.0,,66.4,0.0,0,1,23,0.0,0,159,0,42.4,18,90.6,144,76.7,122,65.2,29,0,23.3,37,179,73,4.1,9.9,1.24,2018,409.0,63.3,0.14,1.81
Cody Core,10833,WR,CIN,14,13.9,1,46.4,50.0,5,10,0,18.8,3,-0.08,7,7,0,36.0,72.7,53.9,,54.4,0.0,0,1,30,0.0,0,211,0,41.1,13,93.4,197,13.7,29,61.6,28,1,86.3,182,160,32,2.5,12.3,0.81,2018,434.0,5.8,0.09,1.93
Alex Erickson,11107,WR,CIN,15,9.7,0,71.4,66.7,4,6,1,4.8,1,0.03,8,7,0,72.3,89.7,59.1,65.7,57.2,0.8,2,0,28,0.4,1,241,1,46.6,20,92.1,222,41.5,100,86.5,28,0,56.8,137,167,66,3.3,8.4,0.75,2018,481.0,99.2,0.16,2.07
Geronimo Allison,11141,WR,GB,5,13.3,1,71.4,66.7,2,3,0,13.0,3,0.13,11,12,1,46.6,24.5,61.4,,62.2,0.0,0,0,64,0.0,0,179,1,47.6,20,95.0,170,11.2,20,130.5,28,2,88.8,159,303,113,5.7,15.2,1.78,2018,106.0,75.4,0.12,2.15
Travis Benjamin,7100,WR,LAC,14,18.3,3,53.6,50.0,2,4,0,11.8,2,0.06,9,27,0,51.2,80.5,61.3,,61.4,0.0,0,2,46,0.0,0,219,0,49.0,15,94.1,206,43.8,96,58.2,28,1,56.2,123,197,87,5.8,13.1,0.96,2018,445.5,9.0,0.05,1.5
Josh Bellamy,7472,WR,CHI,16,12.9,1,57.7,33.3,2,6,1,6.3,1,-0.01,9,6,0,67.0,74.6,59.3,69.4,60.1,5.9,11,2,34,1.1,2,185,4,47.0,15,89.7,166,47.6,88,55.1,26,1,46.5,86,151,45,3.0,10.1,0.91,2018,318.0,4.0,0.06,2.0
Chris Moore,10741,WR,BLT,17,11.0,1,73.1,60.0,3,5,0,0.0,0,-0.06,8,3,0,83.6,82.9,59.6,,59.2,0.4,1,1,30,0.0,0,224,1,40.7,19,95.5,214,30.8,69,91.2,26,1,67.4,151,196,71,3.7,10.3,0.92,2018,471.5,5.1,0.03,1.27
Breshad Perriman,9459,WR,CLV,10,18.8,2,64.0,33.3,2,6,1,0.0,0,0.19,13,8,0,82.7,75.4,70.9,,76.0,0.0,0,0,66,0.0,0,145,3,53.0,16,92.4,134,24.8,36,134.2,25,2,75.2,109,340,76,4.8,21.3,2.54,2018,388.0,138.1,0.21,3.63
Bennie Fowler,8914,WR,NYG,10,10.3,6,64.0,33.3,1,3,0,5.9,1,0.08,12,21,1,66.7,23.0,58.2,,57.3,0.0,0,2,26,0.0,0,257,1,41.8,16,94.9,244,24.5,63,68.6,25,1,75.5,194,199,77,4.8,12.4,0.82,2018,466.0,44.3,0.13,1.85
TJ Jones,8824,WR,DET,15,10.4,2,76.0,50.0,1,2,1,0.0,0,-0.05,10,11,0,83.6,81.3,50.4,,50.7,0.0,0,2,26,0.0,0,346,2,42.1,19,92.8,321,45.4,157,90.4,25,2,54.6,189,190,44,2.3,10.0,0.59,2018,408.0,12.8,0.27,4.27
DeAndre Carter,9859,WR,HST,12,2.7,1,91.7,100.0,1,1,0,0.0,0,0.04,10,13,1,84.5,25.9,63.6,,63.1,0.0,0,0,50,0.0,0,180,0,45.1,22,97.2,175,65.6,118,104.2,24,0,33.9,61,216,162,7.4,9.8,1.23,2018,460.0,27.2,0.13,2.47
Keith Kirkwood,48017,WR,NO,9,13.5,2,65.2,55.6,5,9,0,6.3,1,0.13,11,20,0,65.6,73.0,63.9,65.7,65.1,3.4,6,1,42,0.6,1,176,1,51.8,15,93.8,165,69.9,123,117.2,23,3,26.7,47,217,48,3.2,14.5,1.32,2018,662.0,0.0,0.0,
Justin Hardy,9540,WR,ATL,16,6.3,1,70.0,0.0,0,2,0,6.7,1,0.18,8,2,0,64.4,86.4,60.5,,58.4,5.0,6,1,19,0.0,0,121,1,53.9,14,95.0,115,44.6,54,100.6,20,2,50.4,61,133,74,5.3,9.5,1.16,2018,386.0,38.5,0.2,2.03
Damion Ratley,48182,WR,CLV,5,10.9,1,65.0,40.0,2,5,0,13.3,2,-0.12,5,8,0,47.7,72.3,55.9,,56.5,0.0,0,1,27,0.0,0,128,1,42.5,13,93.8,120,36.7,47,65.4,20,0,63.3,81,144,52,4.0,11.1,1.2,2018,341.0,38.0,0.15,3.17
JJ Nelson,9592,WR,ARZ,12,19.5,1,36.8,20.0,1,5,0,12.5,1,-0.13,4,1,0,32.2,72.4,48.9,,48.9,0.0,0,2,17,0.0,0,139,0,37.4,7,94.2,131,10.1,14,7.2,19,0,89.9,125,64,23,3.3,9.1,0.49,2018,609.0,13.6,0.26,3.4
Andre Roberts,5612,WR,NYJ,13,9.1,3,55.6,0.0,0,2,0,16.7,2,-0.15,4,22,0,41.1,50.1,58.1,,56.1,0.0,0,2,20,0.0,0,121,0,38.3,10,99.2,120,33.9,41,45.6,18,1,66.1,80,79,17,1.7,7.9,0.66,2018,415.0,5.7,0.05,1.43
Russell Shepard,8254,WR,NYG,10,17.6,0,55.6,66.7,2,3,0,9.1,1,-0.09,7,21,0,58.5,71.1,61.5,,63.3,0.0,0,2,49,0.0,0,134,2,42.4,10,98.5,132,31.3,42,89.4,18,2,68.7,92,188,15,1.5,18.8,1.42,2018,456.0,5.5,0.08,1.83
Jaron Brown,8128,WR,SEA,17,14.7,0,77.8,100.0,2,2,0,0.0,0,0.09,9,29,0,80.6,72.7,65.1,77.5,62.7,0.5,1,1,45,2.7,5,182,2,45.6,14,90.1,164,36.8,67,121.5,18,5,61.5,112,166,47,3.4,11.9,1.01,2018,416.0,50.0,0.13,3.13
Michael Thomas,10681,WR,NO,17,8.2,12,83.0,67.6,23,34,1,3.7,6,0.21,96,20,1,90.3,67.8,90.4,,90.7,0.0,0,0,49,0.0,0,677,7,53.0,156,93.9,636,31.8,215,122.4,188,9,68.2,462,1795,599,3.8,11.5,2.82,2019,6.8,83.9,0.24,2.05
DeAndre Hopkins,7808,WR,HST,17,10.8,12,70.8,47.1,16,34,1,4.8,6,0.13,77,13,2,83.2,62.9,87.8,,88.1,0.0,0,1,43,0.0,0,726,3,48.8,119,93.9,682,37.5,272,106.6,168,7,62.3,452,1373,412,3.5,11.5,2.01,2019,19.4,291.8,0.28,2.52
Julian Edelman,5156,WR,NE,17,9.3,7,67.8,63.2,12,19,0,9.6,11,0.04,56,19,3,59.2,39.6,71.4,71.4,72.4,0.3,2,2,44,0.3,2,697,7,43.5,103,92.8,647,65.6,457,97.7,152,6,33.9,236,1147,333,3.2,11.1,1.77,2019,77.9,54.7,0.21,2.38
Julio Jones,6158,WR,ATL,15,12.3,8,66.4,51.1,23,45,0,5.7,6,0.2,77,2,1,85.8,58.3,90.6,,90.3,0.0,0,5,54,0.0,0,610,2,50.9,99,93.8,572,22.1,135,95.9,149,6,77.9,475,1394,360,3.6,14.1,2.44,2019,18.2,146.1,0.31,2.86
Keenan Allen,7857,WR,LAC,16,10.3,7,70.7,46.2,12,26,0,4.6,5,0.12,63,27,0,82.4,84.1,80.8,70.0,81.7,0.3,2,8,45,0.5,3,643,3,50.9,104,92.7,596,52.4,337,86.0,147,6,47.3,304,1199,378,3.6,11.5,2.01,2019,57.5,247.1,0.28,2.45
Davante Adams,8688,WR,GB,14,10.5,5,68.5,43.8,7,16,1,8.3,9,0.08,67,12,2,61.6,31.9,88.0,,88.8,0.0,0,2,65,0.0,0,532,4,45.1,100,93.4,497,27.3,145,106.4,146,7,72.6,386,1295,516,5.2,13.0,2.61,2019,11.2,360.4,0.47,3.13
Tyler Boyd,10689,WR,CIN,16,9.6,10,63.4,43.8,14,32,0,7.2,7,-0.14,51,7,2,67.1,30.0,73.0,65.3,72.2,0.3,2,6,47,0.1,1,675,1,40.8,90,93.9,634,64.4,435,79.7,142,5,35.3,238,1046,358,4.0,11.6,1.65,2019,69.5,192.0,0.26,2.29
Cooper Kupp,11824,WR,LA,16,7.3,8,71.2,33.3,4,12,0,3.1,3,0.05,51,26,3,89.2,22.6,74.6,72.0,76.1,0.2,1,2,66,2.7,17,619,4,47.0,94,90.0,557,67.2,416,117.0,132,10,32.6,202,1161,548,5.8,12.4,2.08,2019,40.3,210.7,0.25,2.19
Jarvis Landry,8698,WR,CLV,16,10.5,15,63.8,50.0,17,34,1,5.7,5,-0.01,55,8,0,75.3,85.0,78.2,,80.0,0.0,0,8,65,0.0,0,627,6,43.1,83,91.9,576,61.7,387,82.7,130,6,37.6,236,1174,432,5.2,14.1,2.04,2019,75.0,181.0,0.26,2.38
DJ Moore,48267,WR,CAR,15,11.7,13,66.9,51.7,15,29,0,5.4,5,-0.03,63,5,2,76.5,35.4,82.2,75.4,80.2,0.2,1,5,52,0.3,2,607,1,46.4,87,95.6,580,15.5,94,89.7,130,4,84.3,512,1175,391,4.5,13.5,2.03,2019,28.4,211.5,0.25,3.11
Robert Woods,7822,WR,LA,15,8.4,7,69.8,47.4,9,19,1,2.2,2,0.09,54,26,0,90.4,85.1,82.2,79.3,80.4,0.3,2,6,48,2.3,15,656,7,48.0,90,91.8,602,34.5,226,82.6,129,2,65.1,427,1134,580,6.4,12.6,1.88,2019,44.8,247.1,0.25,2.17
Tyler Lockett,9502,WR,SEA,18,13.3,2,74.8,55.0,11,20,0,4.0,4,0.2,64,29,1,84.5,70.3,81.9,,83.2,0.9,6,1,44,0.0,0,697,2,50.3,95,92.4,644,69.2,482,125.9,127,9,30.0,209,1255,333,3.5,13.2,1.95,2019,53.2,265.4,0.28,2.65
John Brown,8726,WR,BUF,16,14.6,10,62.3,42.9,9,21,0,5.0,4,0.03,55,4,0,71.3,82.2,74.2,,74.2,0.0,0,3,53,0.0,0,625,0,44.8,76,94.2,589,20.3,127,98.1,122,6,79.7,498,1110,236,3.1,14.6,1.88,2019,105.7,96.8,0.21,2.93
DeVante Parker,9447,WR,MIA,16,14.7,8,60.5,56.4,22,39,0,6.5,5,-0.04,58,17,0,64.7,81.7,79.2,,79.8,0.3,2,4,51,0.0,0,675,1,44.6,72,94.1,635,23.0,155,105.8,119,9,76.7,518,1202,269,3.7,16.7,1.89,2019,62.1,166.3,0.23,2.64
Jamison Crowder,9538,WR,NYJ,16,8.1,10,66.1,50.0,9,18,0,8.2,7,-0.12,40,22,0,62.7,82.2,73.0,,73.9,0.0,0,5,41,0.0,0,567,1,40.6,78,93.3,529,76.2,432,85.9,118,6,22.9,130,833,363,4.7,10.7,1.57,2019,95.7,166.3,0.28,2.77
Courtland Sutton,48164,WR,DEN,16,12.3,16,62.1,56.5,13,23,1,4.0,3,-0.05,50,10,2,82.1,28.0,83.1,,80.5,0.2,1,2,70,0.0,0,576,1,41.0,72,92.9,535,18.8,108,103.8,116,6,81.1,467,1112,361,5.0,15.4,2.08,2019,50.6,9.6,0.31,3.2
Amari Cooper,9437,WR,DAL,16,13.0,6,68.1,38.5,10,26,1,8.1,7,0.23,54,9,0,63.1,82.3,84.2,,84.2,0.0,0,2,53,0.0,0,549,6,51.3,79,94.5,519,13.7,75,117.3,116,8,86.3,474,1189,232,2.9,15.1,2.29,2019,36.8,234.8,0.25,2.4
DJ Chark,47702,WR,JAX,15,12.3,11,64.0,35.3,12,34,0,2.7,2,-0.01,41,15,0,89.8,82.5,75.2,,75.8,0.3,2,2,69,0.0,0,639,4,41.5,73,93.1,595,24.6,157,108.4,114,8,75.1,480,1008,313,4.3,13.8,1.69,2019,50.2,153.6,0.22,2.9
Mike Evans,8642,WR,TB,13,15.7,2,58.8,51.7,15,29,0,9.5,7,0.07,54,30,0,58.9,81.4,85.7,69.6,85.2,0.2,1,8,67,0.2,1,539,2,46.7,67,93.1,502,29.3,158,87.5,114,8,70.5,380,1157,266,4.0,17.3,2.3,2019,29.1,248.6,0.29,3.55
Chris Godwin,11839,WR,TB,14,10.3,17,75.4,66.7,16,24,1,1.1,1,0.07,63,30,0,90.8,82.8,90.7,73.2,90.4,1.6,10,5,71,0.5,3,634,2,46.9,86,94.0,596,63.4,402,121.7,114,9,34.9,221,1333,580,6.7,15.5,2.24,2019,22.6,191.0,0.28,2.94
Kenny Golladay,11851,WR,DET,16,16.1,4,57.5,63.4,26,41,3,7.1,5,0.11,52,11,1,61.5,46.5,79.9,48.3,79.3,0.0,0,5,75,0.3,2,626,6,45.8,65,93.5,585,16.0,100,107.9,113,11,84.0,526,1190,303,4.7,18.3,2.03,2019,24.9,65.8,0.29,3.29
Michael Gallup,26075,WR,DAL,14,13.5,10,58.9,53.1,17,32,0,16.5,13,0.24,50,9,0,29.1,80.8,74.0,,74.4,0.0,0,2,62,0.0,0,541,1,52.1,66,94.6,512,13.5,73,102.8,112,6,86.5,468,1107,333,5.0,16.8,2.16,2019,67.7,173.3,0.17,2.94
Tyreek Hill,10799,WR,KC,15,11.9,12,67.0,20.0,3,15,0,6.3,5,0.27,48,16,0,71.2,83.6,84.5,62.4,86.8,1.3,7,4,57,0.2,1,519,1,52.3,75,91.9,477,52.6,273,109.7,112,9,45.3,235,1073,353,4.7,14.3,2.25,2019,15.5,328.9,0.37,3.29
DK Metcalf,47864,WR,SEA,18,13.9,10,62.2,52.9,18,34,3,11.5,9,0.18,46,29,3,46.6,23.1,73.4,,73.2,0.2,1,1,54,0.0,0,661,6,50.0,69,92.6,612,11.2,74,116.2,111,8,88.7,586,1119,343,5.0,16.2,1.83,2019,48.2,273.3,0.28,3.29
Cole Beasley,7330,WR,BUF,16,7.8,4,67.6,22.2,2,9,0,7.8,6,-0.02,39,4,0,64.3,81.4,73.8,70.2,74.3,0.0,0,4,51,0.7,4,540,0,44.2,71,94.4,510,75.2,406,94.2,105,6,24.4,132,822,374,5.3,11.6,1.61,2019,216.6,202.7,0.3,2.47
Sammy Watkins,8639,WR,KC,17,10.5,13,62.9,40.0,8,20,1,5.7,4,0.32,42,16,2,73.1,27.1,71.6,80.8,69.5,0.9,6,0,68,0.8,5,646,3,53.3,66,90.6,585,53.1,343,105.3,105,4,46.0,297,961,385,5.8,14.6,1.64,2019,154.9,91.4,0.17,2.41
Emmanuel Sanders,5606,WR,SF,20,11.6,7,68.3,47.4,9,19,0,1.4,1,0.09,45,28,0,90.4,81.7,77.0,62.4,77.9,0.3,2,7,75,0.2,1,595,8,46.8,71,93.4,556,35.1,209,84.6,104,5,64.0,381,940,244,3.4,13.2,1.69,2019,108.1,164.8,0.29,2.66
Larry Fitzgerald,1724,WR,ARZ,16,8.0,6,72.1,52.0,13,25,0,0.0,0,0.02,40,1,1,90.5,82.0,70.3,64.4,71.6,0.6,4,4,54,0.8,5,619,2,45.3,75,92.7,574,86.6,536,91.2,104,4,12.8,79,804,362,4.8,10.7,1.4,2019,190.5,100.9,0.14,1.87
Curtis Samuel,11795,WR,CAR,16,14.8,3,52.4,30.0,6,20,0,11.5,7,-0.05,36,5,0,47.6,82.6,62.7,65.7,63.0,0.0,0,1,44,0.1,1,672,2,45.1,54,96.3,647,28.7,193,86.5,103,6,70.7,475,627,159,2.9,11.6,0.97,2019,144.5,212.1,0.32,1.8
Stefon Diggs,9579,WR,MIN,17,15.6,5,67.7,52.6,10,19,0,9.5,7,0.14,45,18,4,69.0,23.9,78.3,,77.6,0.0,0,5,66,0.0,0,521,4,45.6,67,92.9,484,16.1,84,111.8,99,7,83.7,436,1208,344,5.1,18.0,2.5,2019,65.2,328.6,0.34,2.57
Christian Kirk,47546,WR,ARZ,13,9.7,4,68.7,31.3,5,16,0,4.2,3,-0.05,31,1,0,80.3,85.1,62.5,66.2,62.0,0.0,0,1,69,0.2,1,539,2,43.1,68,93.3,503,41.6,224,95.1,99,3,57.9,312,709,296,4.4,10.4,1.41,2019,89.0,146.4,0.19,2.93
Danny Amendola,4717,WR,DET,15,8.8,4,66.0,38.5,5,13,0,7.5,5,-0.03,36,11,0,66.6,84.9,71.5,,70.7,0.2,1,2,47,0.0,0,482,1,42.4,62,93.4,450,77.0,371,81.8,94,1,21.6,104,678,223,3.6,10.9,1.51,2019,244.8,106.4,0.23,2.26
AJ Brown,48327,WR,TEN,19,13.2,18,61.3,29.2,7,24,2,6.6,4,0.07,42,31,1,69.4,44.4,81.8,66.2,80.9,0.0,0,2,91,0.2,1,487,4,47.0,57,94.7,461,12.5,61,122.8,93,8,87.5,426,1115,498,8.7,19.6,2.42,2019,40.8,243.5,0.32,3.48
Robbie Chosen,11254,WR,NYJ,16,15.8,4,56.5,47.6,10,21,0,5.5,3,-0.12,35,22,1,75.5,42.4,68.7,,68.6,0.0,0,3,92,0.0,0,615,3,40.0,52,92.5,569,19.5,120,89.0,92,5,80.5,495,779,183,3.5,15.0,1.37,2019,148.0,224.1,0.28,2.26
Terry McLaurin,48229,WR,WAS,14,14.6,7,63.7,60.0,15,25,0,10.8,7,-0.07,43,32,0,51.9,80.4,85.7,,86.5,0.0,0,1,75,0.0,0,485,1,45.7,58,92.6,449,23.5,114,118.3,91,7,76.5,371,919,222,3.8,15.8,2.05,2019,51.2,225.8,0.24,2.54
Calvin Ridley,48262,WR,ATL,13,13.9,4,69.2,50.0,11,22,1,4.5,3,0.2,47,2,0,78.4,47.0,74.9,,74.8,0.0,0,2,36,0.0,0,555,4,50.1,63,92.1,511,11.7,65,115.9,91,7,87.9,488,866,141,2.2,13.7,1.69,2019,40.2,282.1,0.34,3.0
Marvin Jones,7158,WR,DET,13,13.7,6,68.9,64.5,20,31,1,4.6,3,0.16,41,11,0,77.7,80.6,72.9,,74.6,0.5,3,5,47,0.0,0,546,3,47.2,62,93.2,509,34.2,187,105.7,90,9,65.0,355,779,112,1.8,12.6,1.53,2019,81.7,227.8,0.24,3.0
Chris Conley,9509,WR,JAX,16,14.6,8,53.4,33.3,7,21,0,13.0,7,-0.03,36,15,0,43.8,79.2,62.7,67.9,62.0,0.2,1,0,70,0.3,2,629,2,41.5,47,92.8,584,11.6,73,102.2,88,5,88.2,555,775,247,5.3,16.5,1.33,2019,240.0,99.1,0.23,2.48
Diontae Johnson,33441,WR,PIT,16,9.5,18,68.6,33.3,2,6,0,4.8,3,-0.09,31,25,3,76.6,23.1,67.9,,68.8,0.0,0,2,45,0.0,0,453,7,41.7,59,93.2,422,12.6,57,101.9,86,5,87.4,396,680,311,5.3,11.5,1.61,2019,83.6,223.8,0.31,2.46
Mike Williams,11762,WR,LAC,15,18.3,3,57.6,54.5,18,33,0,10.9,6,0.06,41,27,0,37.7,79.4,74.1,64.5,74.6,0.0,0,8,56,0.2,1,567,2,49.0,49,92.6,525,36.3,206,67.8,85,2,63.7,361,1001,200,4.1,20.4,1.91,2019,142.7,153.7,0.19,3.14
Sterling Shepard,10674,WR,NYG,10,10.2,7,68.7,42.1,8,19,1,5.0,3,0.06,29,21,0,75.9,81.1,75.8,67.1,73.8,1.0,4,4,36,0.2,1,417,2,45.5,57,93.5,390,46.8,195,80.2,83,3,52.0,217,576,184,3.2,10.1,1.48,2019,113.2,160.5,0.29,2.23
Golden Tate,5585,WR,NYG,11,10.8,6,60.5,51.4,19,37,0,5.8,3,-0.12,30,21,1,72.5,84.0,74.0,,72.7,0.2,1,5,64,0.0,0,453,1,40.9,49,93.4,423,84.3,382,86.2,81,6,15.5,70,676,291,5.9,13.8,1.6,2019,141.7,85.8,0.2,2.45
Anthony Miller,48160,WR,CHI,16,10.2,2,64.2,35.7,5,14,2,7.1,4,0.01,34,6,0,66.1,40.7,66.0,,67.9,2.2,11,2,35,0.0,0,493,5,45.6,52,94.7,467,77.7,383,87.3,81,2,19.9,98,656,225,4.3,12.6,1.4,2019,127.1,110.7,0.19,2.17
Darius Slayton,25578,WR,NYG,14,14.4,5,60.0,48.0,12,25,0,5.9,3,-0.06,32,21,0,70.9,81.4,70.3,,70.5,0.0,0,4,55,0.0,0,503,2,42.5,48,93.6,471,4.4,22,103.1,80,8,95.6,481,740,199,4.1,15.4,1.57,2019,101.2,143.0,0.16,2.75
Corey Davis,11760,WR,TEN,18,12.9,7,61.3,58.8,10,17,1,5.8,3,0.15,37,31,1,72.4,37.4,70.4,68.1,70.6,0.8,4,1,38,0.2,1,505,4,47.7,49,93.1,470,26.9,136,95.3,80,3,72.3,365,669,239,4.9,13.7,1.42,2019,217.7,193.4,0.27,2.98
Randall Cobb,6216,WR,DAL,15,10.2,10,69.6,63.6,7,11,0,14.1,9,0.23,40,9,2,29.1,34.2,69.9,68.6,70.9,1.2,6,3,59,0.4,2,499,2,50.4,55,94.0,469,91.8,458,100.6,79,3,7.0,35,828,334,6.1,15.1,1.77,2019,187.9,100.1,0.27,2.63
James Washington,47792,WR,PIT,15,15.9,3,57.1,56.3,9,16,0,10.2,5,-0.06,31,25,1,53.7,32.1,69.3,73.1,68.5,1.3,6,5,79,0.4,2,448,3,42.5,44,93.1,417,26.3,118,75.4,77,3,72.3,324,735,202,4.6,16.7,1.76,2019,193.2,99.2,0.2,3.31
Russell Gage,44771,WR,ATL,16,7.2,6,71.0,30.0,3,10,0,3.9,2,0.06,25,2,0,78.8,40.3,66.3,,66.4,0.0,0,1,19,0.0,0,403,2,46.0,49,93.8,378,67.0,270,87.0,69,1,32.8,132,446,161,3.3,9.1,1.18,2019,228.2,175.5,0.23,2.37
Alshon Jeffery,7048,WR,PHI,10,11.6,0,62.3,47.1,8,17,0,10.4,5,0.13,36,24,0,52.3,78.4,74.8,,75.0,0.0,0,1,38,0.0,0,305,1,48.3,43,93.8,286,11.8,36,96.9,69,4,88.2,269,490,136,3.2,11.4,1.71,2019,197.8,23.5,0.12,3.92
Zach Pascal,12303,WR,IND,16,12.4,4,59.4,26.3,5,19,1,4.7,2,0.0,29,14,0,74.8,81.4,73.7,76.2,71.4,0.4,2,4,37,0.4,2,449,2,46.3,41,93.1,418,36.3,163,88.3,69,5,63.0,283,607,234,5.7,14.8,1.45,2019,265.4,136.9,0.16,3.11
JuJu Smith-Schuster,11817,WR,PIT,12,9.8,4,61.8,57.1,8,14,1,12.5,6,-0.09,23,25,1,45.9,31.2,63.1,,63.0,0.7,3,3,76,0.0,0,406,3,41.0,42,91.4,371,66.7,271,83.7,68,3,32.5,132,552,241,5.7,13.1,1.49,2019,36.3,234.1,0.25,2.41
Hunter Renfrow,47509,WR,OAK,13,7.2,10,73.1,46.2,6,13,1,9.3,5,0.24,31,23,0,57.5,81.9,75.5,67.0,76.5,0.0,0,1,65,0.7,2,303,3,49.7,49,95.7,290,71.9,218,114.3,67,4,28.1,85,605,312,6.4,12.3,2.09,2019,181.2,133.6,0.24,2.39
TY Hilton,7092,WR,IND,10,10.4,3,67.2,30.8,4,13,2,4.3,2,0.01,24,14,0,76.5,78.6,75.1,,75.4,0.0,0,1,35,0.0,0,298,4,46.4,45,92.6,276,28.5,85,107.9,67,5,71.5,213,501,220,4.9,11.1,1.82,2019,63.4,162.2,0.24,2.9
Brandin Cooks,8655,WR,LA,14,14.5,0,62.7,56.3,9,16,0,10.6,5,0.11,32,26,0,53.1,79.7,68.1,62.4,66.8,0.0,0,2,57,0.2,1,483,1,48.0,42,93.6,452,33.7,163,88.1,67,2,66.0,319,583,170,4.0,13.9,1.29,2019,83.7,232.0,0.29,2.86
Breshad Perriman,9459,WR,TB,14,18.8,2,55.4,43.8,7,16,0,2.7,1,0.07,29,30,0,80.4,77.9,72.8,,72.3,0.0,0,4,44,0.0,0,472,2,48.1,36,95.1,449,23.9,113,94.7,65,6,76.1,359,645,129,3.6,17.9,1.44,2019,162.2,99.1,0.15,3.2
Nelson Agholor,9453,WR,PHI,11,12.4,5,60.0,38.5,5,13,1,7.1,3,0.12,17,24,2,61.6,23.4,54.4,,54.9,0.2,1,1,43,0.0,0,438,1,46.9,39,92.9,407,65.1,285,84.3,65,3,34.5,151,363,145,3.7,9.3,0.89,2019,292.9,185.6,0.25,3.87
Kenny Stills,7926,WR,HST,15,11.4,0,73.4,50.0,7,14,1,6.0,3,0.09,33,13,0,70.5,79.1,70.4,71.8,70.4,0.0,0,1,54,0.4,2,490,1,47.9,47,94.5,463,38.4,188,127.5,64,5,61.6,302,687,185,3.9,14.6,1.48,2019,229.1,31.4,0.19,2.85
Adam Thielen,8288,WR,MIN,12,13.8,2,67.7,37.5,3,8,1,6.7,3,-0.01,27,18,1,59.9,35.4,75.4,,78.3,0.0,0,1,44,0.0,0,309,4,40.8,42,92.9,287,30.7,95,124.2,62,6,68.9,213,597,144,3.4,14.2,2.08,2019,37.1,252.0,0.27,3.27
Preston Williams,38855,WR,MIA,8,14.6,0,54.2,47.6,10,21,0,8.6,3,-0.16,24,17,2,42.0,40.9,67.7,,69.4,0.0,0,3,35,0.0,0,288,3,40.7,32,92.7,267,5.2,15,73.3,59,3,94.8,273,428,71,2.2,13.4,1.6,2019,128.9,70.8,0.21,3.93
Demarcus Robinson,10760,WR,KC,19,12.4,9,59.3,33.3,2,6,1,12.5,5,0.31,20,16,0,41.5,77.9,54.9,67.6,55.6,1.2,7,2,44,0.3,2,596,3,52.0,35,89.4,533,21.6,129,94.2,59,4,77.2,460,484,128,3.7,13.8,0.91,2019,249.3,109.6,0.15,2.44
Marquez Valdes-Scantling,47809,WR,GB,18,16.6,2,49.1,15.4,2,13,0,6.9,2,0.1,14,12,0,65.2,76.5,57.0,,56.5,0.3,1,1,74,0.0,0,361,1,48.1,27,92.8,335,17.2,62,82.4,55,2,82.5,298,460,159,5.9,17.0,1.37,2019,245.0,139.3,0.18,3.76
Allen Lazard,48135,WR,GB,17,14.7,1,69.1,50.0,4,8,0,7.3,3,0.24,27,12,0,64.8,78.3,69.5,77.2,69.1,2.2,8,0,43,0.8,3,372,4,48.0,38,91.7,341,37.9,141,116.7,55,3,59.7,222,513,149,3.9,13.5,1.5,2019,154.0,97.8,0.21,2.79
John Ross,11764,WR,CIN,8,15.3,6,50.9,33.3,2,6,0,20.0,7,-0.02,22,7,1,29.0,27.9,63.1,62.4,64.2,0.4,1,2,66,0.4,1,275,2,41.4,28,94.5,260,25.8,71,85.9,55,3,73.5,202,506,202,7.2,18.1,1.95,2019,197.2,3.7,0.04,1.85
Kendrick Bourne,12270,WR,SF,19,9.1,5,67.9,58.3,7,12,0,10.0,4,0.07,28,28,0,56.7,77.9,69.8,75.9,71.1,0.6,2,1,30,1.2,4,341,2,48.6,36,90.6,309,51.6,176,123.6,53,6,47.5,162,446,146,4.1,12.4,1.44,2019,214.2,127.7,0.19,2.61
Steven Sims,48341,WR,WAS,15,7.7,1,65.4,28.6,2,7,0,10.5,4,-0.11,18,32,0,53.4,35.1,63.6,,64.7,0.0,0,1,65,0.0,0,229,1,41.1,34,93.0,213,77.3,177,99.0,52,4,22.7,52,310,170,5.0,9.1,1.46,2019,201.4,61.3,0.16,2.19
Adam Humphries,10075,WR,TEN,13,7.3,1,78.8,66.7,6,9,0,2.4,1,-0.03,23,31,0,83.0,86.4,71.4,69.4,72.2,0.0,0,0,30,0.7,2,296,0,42.8,41,93.2,276,84.8,251,111.5,52,2,14.5,43,399,130,3.2,9.7,1.45,2019,285.4,57.8,0.25,2.51
Damiere Byrd,9964,WR,ARZ,11,10.0,5,71.1,57.1,4,7,0,3.0,1,-0.03,16,1,1,79.4,78.5,64.4,,64.0,0.0,0,1,58,0.0,0,326,2,42.0,32,96.3,314,5.2,17,92.7,45,1,94.5,308,359,152,4.8,11.2,1.14,2019,288.9,114.9,0.13,2.34
Greg Ward,12258,WR,PHI,7,7.6,2,70.5,37.5,3,8,0,3.1,1,0.09,20,24,0,68.8,84.1,73.1,,71.3,0.0,0,0,38,0.0,0,240,0,50.0,31,95.0,228,61.3,147,94.7,44,1,38.3,92,278,113,3.6,9.0,1.22,2019,240.8,130.5,0.16,2.37
Mecole Hardman,42683,WR,KC,19,9.2,8,71.4,66.7,4,6,1,3.2,1,0.28,19,16,0,79.4,47.2,68.1,,68.7,0.8,3,0,83,0.0,0,377,1,48.9,30,88.3,333,50.1,189,153.3,42,6,48.5,183,567,332,11.1,18.9,1.7,2019,104.1,124.1,0.25,2.76
KeeSean Johnson,39587,WR,ARZ,10,10.2,1,52.5,16.7,1,6,0,12.5,3,0.08,10,1,1,50.8,25.6,53.5,,53.4,0.0,0,1,31,0.0,0,256,2,43.6,21,94.1,241,5.1,13,63.2,40,1,94.9,243,187,49,2.3,8.9,0.78,2019,350.0,32.3,0.15,2.15
Josh Reynolds,11872,WR,LA,16,11.4,7,53.8,27.3,3,11,0,8.7,2,0.14,15,26,0,61.3,76.7,65.9,75.6,65.6,0.7,2,1,31,1.4,4,290,1,48.1,21,91.0,264,31.7,92,79.6,39,1,67.6,196,326,143,6.8,15.5,1.23,2019,214.1,126.3,0.16,2.38
Tajae Sharpe,10774,WR,TEN,18,14.9,0,68.4,50.0,4,8,0,0.0,0,0.16,21,31,0,86.1,75.7,72.3,71.3,72.3,0.0,0,1,47,0.7,2,280,1,48.3,26,93.2,261,30.4,85,120.0,38,4,69.6,195,335,62,2.4,12.9,1.28,2019,276.5,0.0,0.0,
David Moore,11981,WR,SEA,16,15.7,7,50.0,22.2,2,9,0,5.0,1,0.37,16,29,1,70.5,46.6,67.4,,67.6,0.0,0,1,60,0.0,0,246,3,52.8,19,93.1,229,26.4,65,89.6,38,2,73.6,181,358,170,8.9,18.8,1.56,2019,295.5,118.8,0.25,2.76
Keelan Cole Sr,51593,WR,JAX,16,12.1,0,66.7,66.7,4,6,0,4.0,1,-0.07,19,15,0,62.3,77.2,66.5,,68.2,0.4,1,1,55,0.0,0,275,2,40.7,24,93.8,258,52.0,143,115.6,36,3,47.6,131,361,105,4.4,15.0,1.4,2019,343.0,149.4,0.19,2.67
Isaiah Ford,11991,WR,MIA,8,8.2,3,65.7,54.5,6,11,0,8.0,2,0.09,16,17,0,61.5,75.8,68.9,39.9,67.8,0.6,1,2,28,0.0,0,159,0,51.7,23,93.1,148,35.8,57,62.1,35,0,63.5,101,244,86,3.7,10.6,1.65,2019,357.0,55.6,0.15,1.99
Keke Coutee,47698,WR,HST,9,7.6,3,62.9,0.0,0,2,0,12.0,3,-0.06,10,13,1,40.4,26.0,53.1,,52.3,0.4,1,2,51,0.0,0,243,0,48.7,22,94.7,230,72.0,175,60.9,35,0,27.2,66,254,138,6.3,11.5,1.1,2019,279.9,91.0,0.31,2.76
Jakeem Grant Sr,10820,WR,MIA,10,12.1,1,57.6,50.0,1,2,1,9.5,2,-0.23,9,17,0,59.2,84.1,62.1,,64.4,0.6,1,2,18,0.0,0,159,2,42.6,19,93.1,148,40.3,64,45.5,33,0,57.2,91,164,93,4.9,8.6,1.11,2019,369.0,81.3,0.22,2.08
N'Keal Harry,48297,WR,NE,8,11.6,4,45.2,33.3,3,9,1,17.6,3,-0.11,9,19,0,38.1,75.5,65.1,,62.8,0.0,0,1,18,0.0,0,162,1,36.9,14,92.0,149,11.7,19,64.7,31,2,87.7,142,126,48,3.4,9.0,0.85,2019,164.5,75.9,0.13,2.17
Vyncint Smith,66957,WR,NYJ,13,11.9,2,58.6,33.3,2,6,0,10.5,2,-0.24,11,22,0,57.1,21.7,62.4,,62.6,0.0,0,3,37,0.0,0,183,0,40.0,17,92.9,170,25.7,47,43.7,29,0,74.3,136,225,109,6.4,13.2,1.32,2019,381.0,2.3,0.05,2.3
Miles Boykin,48209,WR,BLT,17,16.7,0,55.2,40.0,2,5,1,11.1,2,0.11,11,3,0,53.1,73.3,58.9,,57.4,0.0,0,1,50,0.0,0,244,3,46.1,16,94.3,230,8.6,21,100.4,29,3,91.4,223,224,19,1.2,14.0,0.97,2019,217.2,69.6,0.13,3.66
Tre'Quan Smith,48228,WR,NO,12,10.3,7,69.2,42.9,3,7,0,5.3,1,0.17,17,20,0,69.9,74.1,63.3,76.5,60.3,1.5,5,1,32,0.9,3,339,3,52.7,18,92.6,314,60.8,206,120.8,26,5,37.5,127,234,113,6.3,13.0,0.75,2019,238.1,103.1,0.15,2.95
Justin Watson,66915,WR,TB,8,13.0,0,60.0,66.7,4,6,0,11.8,2,-0.08,10,30,0,51.2,77.5,63.9,66.3,62.5,1.3,2,2,17,0.7,1,153,0,47.6,15,95.4,146,49.0,75,71.9,25,2,49.7,76,159,15,1.0,10.6,1.09,2019,297.9,16.4,0.1,2.34
Dante Pettis,48113,WR,SF,11,8.8,2,47.8,0.0,0,4,0,8.3,1,0.06,7,28,0,60.2,72.0,56.4,,54.5,0.0,0,2,21,0.0,0,158,1,49.0,11,94.9,150,43.0,68,54.4,23,2,56.3,89,109,26,2.4,9.9,0.73,2019,263.2,17.6,0.15,4.4
JJ Arcega-Whiteside,35014,WR,PHI,15,18.1,0,52.6,28.6,2,7,0,9.1,1,0.0,7,24,0,61.8,71.9,54.6,,53.3,0.0,0,1,30,0.0,0,331,2,47.8,10,94.3,312,12.7,42,78.6,19,1,87.3,289,169,19,1.9,16.9,0.54,2019,236.7,12.5,0.09,3.13
Julio Jones,6158,WR,ATL,18,13.9,13,63.1,34.7,17,49,1,8.6,10,0.24,79,2,0,58.0,84.1,91.8,,91.5,0.0,0,3,53,0.0,0,562,2,50.6,106,95.9,539,22.2,125,95.8,168,4,77.6,436,1639,549,5.2,15.5,3.04,2017,14.0,329.9,0.4,2.87
Antonio Brown,5718,WR,PIT,15,14.4,12,65.1,53.3,24,45,0,4.4,5,0.17,74,25,3,79.7,28.7,91.3,,91.3,0.2,1,6,57,0.0,0,627,6,48.8,108,93.5,586,12.4,78,105.1,166,11,87.4,548,1665,502,4.6,15.4,2.84,2017,5.3,323.7,0.32,3.11
DeAndre Hopkins,7808,WR,HST,15,14.0,4,58.5,31.3,15,48,1,5.0,5,-0.01,69,13,1,80.4,57.1,90.2,,90.3,0.0,0,6,72,0.0,0,631,6,43.4,96,91.3,576,15.7,99,97.1,164,13,84.0,530,1378,346,3.6,14.4,2.39,2017,9.3,337.5,0.31,2.91
Michael Thomas,10681,WR,NO,18,10.1,17,73.9,55.3,21,38,2,2.5,3,0.24,82,20,0,90.7,84.7,91.4,,91.6,0.0,0,4,46,0.0,0,621,4,52.2,119,95.7,594,24.8,154,105.6,161,7,75.2,467,1461,515,4.3,12.3,2.46,2017,15.7,319.5,0.34,2.56
Jarvis Landry,8698,WR,MIA,16,6.3,17,71.8,48.3,14,29,2,5.9,7,-0.08,59,17,3,76.6,29.0,79.5,62.2,80.2,0.6,4,4,49,0.2,1,629,7,43.2,112,95.4,600,65.2,410,96.8,156,9,33.5,211,987,523,4.7,8.8,1.65,2017,42.0,214.6,0.22,2.55
Larry Fitzgerald,1724,WR,ARZ,16,8.5,9,71.2,45.0,18,40,1,3.5,4,-0.11,66,1,1,90.4,60.3,80.0,74.5,78.8,1.3,9,1,37,0.4,3,702,2,40.4,109,92.6,650,61.8,434,103.3,153,6,36.6,257,1156,418,3.8,10.6,1.78,2017,36.7,178.4,0.2,2.59
Adam Thielen,8288,WR,MIN,18,11.1,8,65.8,47.4,18,38,0,4.8,5,0.15,63,18,3,76.9,27.4,82.4,66.8,80.1,0.7,5,3,65,0.3,2,694,4,47.7,100,92.4,641,48.7,338,95.2,152,4,50.4,350,1378,436,4.4,13.8,2.15,2017,30.7,307.3,0.3,2.6
Keenan Allen,7857,WR,LAC,16,9.9,13,69.4,50.0,14,28,2,9.7,11,0.24,74,27,1,54.2,58.7,89.3,67.4,89.7,0.3,2,2,51,0.3,2,583,7,48.8,102,93.8,547,49.2,287,107.3,147,6,49.7,290,1393,523,5.1,13.7,2.55,2017,16.7,260.1,0.33,2.45
Mike Evans,8642,WR,TB,15,14.6,2,53.8,42.6,23,54,2,5.3,4,0.09,55,30,1,77.0,81.7,79.3,,78.7,0.0,0,5,42,0.0,0,628,6,49.6,71,94.1,591,21.0,132,75.3,132,5,79.0,496,1001,108,1.5,14.1,1.69,2017,23.7,286.4,0.31,3.33
Alshon Jeffery,7048,WR,PHI,19,14.9,4,52.7,42.6,23,54,2,4.2,3,0.24,55,24,0,81.8,81.5,77.3,,77.7,0.0,0,2,53,0.0,0,691,7,48.1,69,94.2,651,15.2,105,102.2,131,12,84.8,586,1008,247,3.6,14.6,1.55,2017,74.0,185.3,0.24,2.85
Brandin Cooks,8655,WR,NE,19,16.2,6,59.1,29.0,9,31,1,9.6,8,0.25,51,19,0,60.6,83.0,70.7,62.2,71.5,0.0,0,2,64,0.1,1,771,6,49.7,75,92.5,713,17.9,138,103.7,127,7,82.1,633,1237,268,3.6,16.5,1.73,2017,45.0,243.2,0.25,2.7
Golden Tate,5585,WR,DET,16,6.2,22,78.6,57.1,8,14,0,4.2,4,0.08,44,11,1,83.2,59.9,82.9,,82.4,0.2,1,5,71,0.0,0,575,2,47.3,92,92.3,531,79.0,454,98.8,117,5,20.9,120,1003,631,6.9,10.9,1.89,2017,49.0,180.9,0.3,2.32
Devin Funchess,9474,WR,CAR,17,14.0,4,57.3,48.6,17,35,0,4.3,3,0.05,44,5,0,68.5,81.2,72.2,68.1,72.0,0.3,2,4,44,0.2,1,593,2,44.1,67,94.3,559,20.2,120,91.1,117,8,79.4,471,919,292,4.4,13.7,1.64,2017,82.0,122.9,0.2,2.79
Stefon Diggs,9579,WR,MIN,16,11.3,9,68.4,64.3,18,28,1,6.0,5,0.15,52,18,0,79.5,83.2,82.6,,84.0,1.1,6,2,61,0.0,0,571,4,47.1,78,92.6,529,23.1,132,116.7,114,9,75.7,432,1056,380,4.9,13.5,2.0,2017,30.0,264.3,0.3,2.36
Tyreek Hill,10799,WR,KC,16,11.5,10,72.6,56.3,9,16,1,7.9,7,0.2,43,16,0,64.1,88.6,79.9,61.6,82.8,0.2,1,1,79,0.2,1,574,3,48.1,82,94.6,543,36.2,208,126.3,113,7,59.8,343,1270,525,6.4,15.5,2.34,2017,25.3,328.0,0.36,3.01
Doug Baldwin,6615,WR,SEA,16,13.3,8,67.0,22.7,5,22,1,1.3,1,0.08,44,29,0,90.5,81.8,84.4,79.6,83.3,4.0,24,4,54,0.8,5,601,2,45.3,75,90.3,543,72.2,434,103.7,112,8,23.5,141,991,260,3.5,13.2,1.83,2017,34.3,141.8,0.2,2.84
Robbie Chosen,11254,WR,NYJ,16,13.6,5,56.8,30.8,8,26,1,8.7,6,0.0,36,22,0,60.3,80.9,71.4,,72.6,0.0,0,5,69,0.0,0,520,3,43.7,63,94.6,492,28.1,146,87.0,111,7,71.5,372,941,285,4.5,14.9,1.91,2017,91.3,160.4,0.24,3.08
Danny Amendola,4717,WR,NE,18,8.9,5,78.4,56.3,9,16,1,4.4,4,0.25,56,19,1,77.2,69.4,77.4,,77.0,0.2,1,1,50,0.0,0,553,3,49.9,87,92.0,509,81.4,450,112.7,111,4,17.9,99,1007,321,3.7,11.6,1.98,2017,199.3,122.3,0.18,2.04
Davante Adams,8688,WR,GB,14,10.0,14,68.5,45.5,10,22,0,6.3,5,0.04,45,12,0,65.0,81.6,80.5,,79.4,0.4,2,1,55,0.0,0,538,0,46.2,74,93.7,504,19.1,103,120.3,108,10,80.5,433,885,345,4.7,12.0,1.76,2017,19.0,327.6,0.34,2.95
Nelson Agholor,9453,WR,PHI,19,9.8,8,71.3,45.5,10,22,0,7.2,6,0.2,43,24,0,66.5,82.5,74.9,65.7,74.0,0.7,4,2,72,0.2,1,601,0,47.9,77,94.7,569,86.2,518,114.5,108,8,12.0,72,935,404,5.2,12.1,1.64,2017,95.7,164.8,0.17,2.46
Cooper Kupp,11824,WR,LA,16,9.6,16,67.3,40.0,4,10,1,9.1,7,0.13,46,26,1,57.1,49.0,78.1,77.7,78.2,0.0,0,1,64,2.0,10,504,3,44.0,70,93.5,471,58.9,297,111.0,104,6,40.7,205,938,379,5.4,13.4,1.99,2017,84.0,135.1,0.31,3.07
TY Hilton,7092,WR,IND,16,13.7,2,55.9,25.0,6,24,1,6.6,4,-0.07,37,14,2,69.0,25.5,68.9,,69.2,0.0,0,4,80,0.0,0,585,5,40.7,57,94.9,555,36.6,214,84.8,102,4,63.4,371,966,295,5.2,16.9,1.74,2017,27.7,239.0,0.31,3.14
Kenny Stills,7926,WR,MIA,16,15.3,5,57.4,37.5,9,24,1,4.9,3,-0.11,35,17,4,76.4,18.5,59.9,,62.5,0.0,0,5,61,0.0,0,649,9,42.8,58,95.7,621,46.5,302,84.1,101,6,53.5,347,847,162,2.8,14.6,1.36,2017,109.3,128.3,0.17,3.47
Michael Crabtree,4933,WR,OAK,14,11.0,7,58.6,44.8,13,29,2,9.4,6,0.04,35,23,1,59.2,43.9,72.0,,71.7,0.0,0,2,41,0.0,0,413,7,45.1,58,92.3,381,20.8,86,95.4,99,8,78.7,325,618,196,3.4,10.7,1.62,2017,66.7,132.7,0.17,2.46
Marquise Goodwin,7859,WR,SF,16,16.0,6,56.6,50.0,11,22,1,9.7,6,0.09,46,28,0,48.3,80.5,77.1,,76.5,0.0,0,2,83,0.0,0,508,5,47.0,56,97.2,494,25.2,128,88.0,99,2,74.4,378,962,193,3.4,17.2,1.95,2017,60.7,87.4,0.2,3.24
Jermaine Kearse,7428,WR,NYJ,16,9.5,4,67.7,40.0,10,25,1,4.4,3,0.0,37,22,1,80.6,47.3,69.7,72.2,69.4,0.7,4,3,51,0.4,2,567,3,43.2,65,93.5,530,51.1,290,98.0,96,5,48.1,273,810,302,4.6,12.5,1.53,2017,258.7,80.1,0.13,2.16
Jamison Crowder,9538,WR,WAS,15,7.6,4,68.8,53.8,7,13,0,9.6,7,0.0,37,32,1,55.0,41.7,72.7,67.8,72.5,1.1,5,4,41,0.4,2,468,0,45.1,66,96.8,453,74.4,348,86.7,96,3,24.1,113,789,363,5.5,12.0,1.74,2017,85.0,82.8,0.19,2.51
DeVante Parker,9447,WR,MIA,13,12.6,8,60.0,45.2,14,31,0,6.6,4,-0.08,33,17,1,69.2,41.8,69.5,,68.7,0.2,1,6,36,0.0,0,475,0,43.7,57,96.4,458,19.4,92,58.7,95,1,80.4,382,670,201,3.5,11.8,1.46,2017,123.7,60.9,0.15,2.54
Robert Woods,7822,WR,LA,13,11.3,6,69.1,40.0,4,10,0,4.4,3,0.19,43,26,1,78.6,46.1,81.0,81.5,79.7,1.4,6,0,94,1.2,5,428,5,42.5,65,94.6,405,31.8,136,118.4,94,5,66.8,286,923,313,4.8,14.2,2.28,2017,86.3,265.6,0.26,2.53
Rishard Matthews,7211,WR,TEN,16,12.2,7,61.3,47.4,9,19,0,6.6,4,-0.04,39,31,0,63.0,80.3,71.9,,70.9,0.4,2,6,75,0.0,0,568,0,43.5,57,94.7,538,32.7,186,78.1,93,4,66.9,380,837,285,5.0,14.7,1.56,2017,157.7,7.4,0.05,1.48
Amari Cooper,9437,WR,OAK,14,11.8,6,53.3,14.3,3,21,0,17.2,10,0.0,28,23,1,29.7,52.4,63.6,,62.9,0.2,1,5,87,0.0,0,473,2,43.3,48,93.2,441,22.0,104,80.8,90,7,77.4,366,680,300,6.3,14.2,1.54,2017,35.3,219.5,0.26,2.85
DeSean Jackson,4363,WR,TB,14,16.3,1,57.5,31.6,6,19,0,2.0,1,0.08,36,30,0,86.6,79.9,76.8,,76.8,0.0,0,4,41,0.0,0,465,0,48.2,50,93.8,436,20.0,93,74.3,87,3,79.8,371,668,190,3.8,13.4,1.53,2017,173.7,151.3,0.33,3.22
Ted Ginn,3625,WR,NO,17,13.2,3,75.6,44.4,8,18,0,4.4,3,0.27,38,20,0,79.5,63.7,71.9,66.1,72.9,0.2,1,2,80,0.2,1,500,3,52.4,65,95.6,478,32.2,161,121.9,86,5,67.4,337,974,348,5.4,15.0,2.04,2017,183.3,52.5,0.27,2.63
Randall Cobb,6216,WR,GB,15,6.1,5,77.6,38.5,5,13,1,2.9,2,-0.04,29,12,1,80.4,51.5,64.4,76.0,64.8,1.0,5,2,46,1.3,7,521,3,43.6,66,91.9,479,77.7,405,104.6,85,4,15.5,81,653,421,6.4,9.9,1.36,2017,98.7,88.3,0.19,2.32
Jordy Nelson,4350,WR,GB,15,11.1,3,63.1,13.3,2,15,0,3.6,2,-0.01,38,12,0,80.1,79.6,68.6,,67.2,0.4,2,6,58,0.0,0,539,0,43.7,53,93.9,506,29.1,157,72.6,84,6,70.5,380,482,138,2.6,9.1,0.95,2017,103.0,154.7,0.18,2.42
Sterling Shepard,10674,WR,NYG,11,8.9,5,71.1,63.6,14,22,0,6.3,4,0.01,36,21,1,69.8,45.8,70.7,,70.6,0.4,2,0,77,0.0,0,467,2,46.5,59,94.0,439,83.3,389,106.0,83,2,15.6,73,731,303,5.1,12.4,1.67,2017,106.0,180.5,0.19,2.62
JuJu Smith-Schuster,11817,WR,PIT,15,9.9,9,74.4,50.0,10,20,1,4.7,3,0.18,40,25,0,77.2,82.6,73.1,,73.5,1.4,7,2,97,0.0,0,513,7,47.4,61,94.2,483,58.7,301,133.3,82,8,39.8,204,922,399,6.5,15.1,1.91,2017,42.3,296.9,0.31,2.65
Torrey Smith,6210,WR,PHI,19,13.3,1,59.8,44.4,8,18,0,12.5,7,0.17,19,24,0,43.3,79.5,56.7,65.9,56.8,0.2,1,1,59,0.2,1,542,1,46.2,49,94.5,512,17.2,93,88.8,82,3,82.7,448,587,189,3.9,12.0,1.15,2017,285.7,48.0,0.15,2.82
Adam Humphries,10075,WR,TB,16,6.9,6,74.4,56.3,9,16,0,6.2,4,0.09,34,30,1,70.3,50.3,63.0,,62.4,0.6,3,0,43,0.0,0,534,0,48.9,61,93.4,499,82.0,438,100.2,82,1,16.5,88,631,300,4.9,10.3,1.26,2017,314.5,188.7,0.24,2.42
Kelvin Benjamin,8663,WR,BUF,15,11.9,3,61.3,44.8,13,29,0,9.3,5,0.03,31,4,0,57.4,79.2,69.0,,68.7,0.0,0,2,43,0.0,0,425,2,42.9,49,95.5,406,17.9,76,91.7,80,3,82.1,349,701,148,3.0,14.3,1.73,2017,113.0,69.0,0.13,2.76
Corey Davis,11760,WR,TEN,13,11.7,9,54.4,25.0,3,12,0,4.4,2,-0.04,24,31,1,76.0,31.2,63.2,,64.7,0.0,0,3,37,0.0,0,436,0,43.1,43,94.3,411,11.0,48,65.0,79,2,89.0,388,473,150,3.5,11.0,1.15,2017,62.0,183.6,0.21,2.59
Keelan Cole Sr,51593,WR,JAX,19,13.8,4,57.7,40.0,8,20,0,6.3,3,-0.01,34,15,2,69.9,24.7,74.0,,72.0,0.0,0,3,75,0.0,0,534,2,43.5,45,94.4,504,33.9,181,91.3,78,3,66.1,353,830,288,6.4,18.4,1.65,2017,142.7,93.1,0.14,2.45
Terrance Williams,7855,WR,DAL,16,9.3,4,70.7,47.1,8,17,0,8.6,5,-0.02,32,9,0,48.0,80.1,65.3,,63.3,2.6,12,4,56,0.0,0,461,2,43.7,53,90.9,419,8.5,39,70.3,75,0,88.9,410,568,237,4.5,10.7,1.36,2017,263.0,3.8,0.1,1.9
Chris Hogan,6468,WR,NE,12,14.0,1,58.1,26.3,5,19,1,8.5,4,0.22,29,19,0,60.0,79.7,61.3,,60.9,0.2,1,1,47,0.0,0,532,3,47.5,43,93.0,495,42.7,227,109.7,74,7,57.0,303,591,214,5.0,13.7,1.19,2017,56.7,106.2,0.13,3.03
Deonte Thompson,7513,WR,BUF,17,15.7,2,54.8,36.4,8,22,1,4.8,2,-0.05,26,4,0,73.9,43.2,63.6,,62.2,0.0,0,5,46,0.0,0,462,6,43.0,40,94.6,437,17.7,82,61.3,73,2,82.3,380,578,102,2.6,14.5,1.32,2017,361.0,33.1,0.13,1.95
Josh Doctson,10656,WR,WAS,16,15.1,3,48.6,33.3,8,24,0,7.9,3,-0.04,25,32,0,62.1,77.5,62.5,60.5,62.5,0.4,2,2,52,0.2,1,470,2,42.9,35,97.0,456,20.0,94,87.8,72,6,79.6,374,502,131,3.7,14.3,1.1,2017,150.7,109.2,0.13,2.48
Sammy Watkins,8639,WR,LA,16,15.9,2,57.1,46.2,6,13,0,2.4,1,0.14,34,26,0,82.2,78.3,69.2,74.7,66.8,0.0,0,1,67,0.4,2,526,1,43.4,40,95.2,501,31.6,166,118.5,70,8,68.4,360,616,195,4.9,15.4,1.23,2017,78.7,115.1,0.25,2.56
Zay Jones,11792,WR,BUF,16,13.8,1,42.0,36.8,7,19,1,14.7,5,0.04,20,4,0,38.8,76.3,55.0,66.2,52.7,0.0,0,1,33,0.2,1,520,1,43.5,29,94.8,493,34.0,177,61.0,69,2,66.0,343,336,71,2.4,11.6,0.68,2017,282.7,163.2,0.17,2.86
Tyler Lockett,9502,WR,SEA,16,13.1,2,66.2,42.9,6,14,0,2.2,1,0.15,23,29,0,86.5,90.5,67.3,68.1,67.2,0.4,2,1,74,0.2,1,519,2,48.5,45,92.7,481,52.6,273,94.9,68,2,46.6,242,555,188,4.2,12.3,1.15,2017,146.0,220.4,0.24,3.15
Tyrell Williams,10154,WR,LAC,16,14.3,6,63.2,28.6,4,14,0,12.2,6,0.19,29,27,1,47.6,32.9,62.1,66.4,62.4,0.0,0,2,75,0.2,1,553,3,47.4,43,94.0,520,38.2,211,106.7,68,4,61.8,342,728,337,7.8,16.9,1.4,2017,177.3,137.8,0.18,3.2
Seth Roberts,9079,WR,OAK,15,10.0,1,66.2,21.4,3,14,0,8.5,4,0.02,22,23,2,54.6,23.6,54.0,,54.6,0.8,4,2,29,0.0,0,514,7,44.6,43,93.0,478,82.3,423,78.7,65,1,16.9,87,455,108,2.5,10.6,0.95,2017,453.0,106.9,0.19,2.23
Allen Hurns,8931,WR,JAX,13,10.3,4,71.9,50.0,5,10,0,4.2,2,0.01,33,15,0,77.1,78.8,73.9,65.7,72.7,0.3,1,3,50,0.3,1,392,1,44.9,46,95.2,373,77.0,302,90.4,64,2,22.7,89,576,202,4.4,12.5,1.54,2017,130.3,61.5,0.14,3.08
Jaron Brown,8128,WR,ARZ,16,16.2,0,48.4,27.8,5,18,0,3.1,1,-0.11,23,1,0,78.9,77.0,59.4,42.1,57.9,0.5,3,1,52,0.5,3,569,2,41.1,31,92.8,528,26.2,149,87.8,64,4,72.8,414,477,96,3.1,15.4,0.9,2017,267.0,60.6,0.17,4.33
Travis Benjamin,7100,WR,LAC,16,16.3,6,54.0,27.3,3,11,0,10.5,4,0.27,20,27,0,53.7,88.7,66.8,,66.5,0.0,0,4,62,0.0,0,401,0,50.7,34,94.5,379,36.4,146,79.3,63,4,63.3,254,567,215,6.3,16.7,1.5,2017,283.7,40.7,0.15,2.14
Dede Westbrook,11865,WR,JAX,10,12.4,4,54.0,33.3,5,15,0,10.5,4,0.11,20,15,1,52.5,28.9,62.1,,61.2,0.0,0,1,29,0.0,0,322,3,47.7,34,95.7,308,11.5,37,73.8,63,1,88.5,285,424,121,3.6,12.5,1.38,2017,164.7,177.5,0.22,2.37
Trent Taylor,11932,WR,SF,15,6.9,4,72.9,66.7,8,12,0,8.5,4,-0.01,28,28,0,61.2,32.2,68.4,69.6,66.6,0.0,0,3,33,0.5,2,384,2,42.4,43,94.3,362,76.6,294,83.3,59,2,22.1,85,430,190,4.4,10.0,1.19,2017,283.7,53.5,0.17,2.06
JJ Nelson,9592,WR,ARZ,16,19.2,2,49.2,42.1,8,19,0,19.4,7,-0.13,21,1,1,28.3,28.1,59.0,,58.2,0.0,0,5,46,0.0,0,386,1,40.7,29,94.3,364,26.4,102,54.9,59,2,73.6,284,508,60,2.1,17.5,1.4,2017,303.0,13.4,0.06,1.22
Cole Beasley,7330,WR,DAL,15,7.9,1,63.2,37.5,3,8,0,5.3,2,-0.02,20,9,0,72.7,78.8,59.9,,59.3,0.2,1,2,54,0.0,0,413,0,46.8,36,89.6,370,86.9,359,86.4,57,4,11.9,49,314,116,3.2,8.7,0.85,2017,239.0,150.2,0.21,2.31
Chris Godwin,11839,WR,TB,16,13.2,8,63.0,57.9,11,19,0,5.6,2,0.09,27,30,0,70.5,77.5,81.9,,80.3,1.5,4,2,70,0.0,0,274,0,50.6,34,94.5,259,19.3,53,85.8,54,1,79.2,217,525,173,5.1,15.4,2.03,2017,157.0,185.2,0.26,3.14
Taylor Gabriel,9002,WR,ATL,18,9.5,5,68.6,44.4,4,9,0,2.8,1,0.09,17,2,0,80.4,79.2,63.7,,64.0,0.0,0,1,40,0.0,0,381,1,47.2,35,95.0,362,15.2,58,88.8,51,1,84.8,323,382,232,6.6,10.9,1.06,2017,264.0,153.9,0.19,2.02
John Brown,8726,WR,ARZ,10,16.9,0,41.2,35.3,6,17,0,12.5,3,-0.05,15,1,0,38.7,75.2,58.0,,58.8,0.0,0,2,52,0.0,0,340,1,41.8,21,91.5,311,45.9,156,64.1,51,3,54.1,184,299,60,2.9,14.2,0.96,2017,156.3,143.9,0.19,3.2
Bruce Ellington,8741,WR,HST,11,9.9,3,58.0,40.0,4,10,1,9.4,3,0.11,13,13,1,57.0,33.2,57.0,,55.9,0.5,2,2,35,0.0,0,364,2,44.5,29,90.1,328,68.1,248,74.6,50,2,29.9,109,330,127,4.4,11.4,1.01,2017,334.0,59.6,0.22,1.86
Corey Coleman,10649,WR,CLV,9,14.5,2,46.0,58.3,7,12,0,14.8,4,-0.17,16,8,0,37.7,75.5,60.4,61.6,61.9,0.0,0,3,44,0.3,1,312,5,36.2,23,93.6,292,7.4,23,54.2,50,2,92.3,288,305,27,1.2,13.3,1.04,2017,258.7,12.6,0.1,2.1
Kenny Golladay,11851,WR,DET,11,15.7,4,58.3,42.9,6,14,0,9.7,3,0.03,18,11,0,56.8,76.6,68.0,65.7,68.1,1.3,4,1,54,0.3,1,318,4,47.2,28,90.6,288,24.8,79,104.3,48,3,73.9,235,477,177,6.3,17.0,1.66,2017,136.0,207.1,0.23,2.92
Rashard Higgins,10806,WR,CLV,15,10.2,6,58.7,33.3,2,6,0,6.9,2,-0.25,13,8,1,65.2,26.4,50.4,62.3,48.7,0.0,0,7,56,0.2,1,504,3,35.6,27,93.5,471,93.8,473,54.2,46,2,6.2,31,312,150,5.6,11.6,0.66,2017,396.0,120.2,0.25,3.08
Aldrick Robinson,6330,WR,SF,16,12.7,1,43.2,21.4,3,14,0,17.4,4,-0.22,12,28,0,33.8,74.1,55.9,,56.2,1.1,3,1,45,0.0,0,278,2,35.8,19,95.3,265,31.7,88,68.4,44,2,67.3,187,260,40,2.1,13.7,0.98,2017,461.0,70.1,0.28,4.12
Demarcus Robinson,10760,WR,KC,17,10.7,1,61.0,33.3,1,3,0,10.7,3,0.12,17,16,0,43.1,76.1,54.5,62.4,53.9,0.2,1,2,33,0.2,1,411,2,45.5,25,95.6,393,18.5,76,68.0,41,1,81.3,334,269,67,2.7,10.8,0.68,2017,375.0,74.8,0.18,3.4
Donte Moncrief,8725,WR,IND,12,14.6,2,63.4,62.5,5,8,2,13.3,4,-0.12,22,14,0,44.0,75.7,61.1,,61.6,0.2,1,0,60,0.0,0,403,3,41.1,26,95.3,384,16.4,66,110.9,41,2,83.4,336,391,79,3.0,15.0,1.02,2017,204.0,132.8,0.16,2.77
Kamar Aiken,6671,WR,IND,15,10.3,4,39.5,37.5,3,8,0,31.8,7,-0.2,7,14,0,26.5,73.6,47.0,70.6,44.8,1.1,4,2,21,0.5,2,373,2,38.2,15,94.9,354,53.1,198,27.6,38,0,45.6,170,133,46,3.1,8.9,0.38,2017,386.0,11.3,0.09,1.88
Chester Rogers,10918,WR,IND,11,9.4,4,63.9,0.0,0,7,0,11.5,3,-0.02,16,14,0,51.8,81.3,58.1,62.2,59.4,0.0,0,1,61,0.4,1,285,3,41.0,23,94.7,270,40.0,114,85.9,36,1,59.6,170,284,102,4.4,12.3,1.05,2017,282.0,113.1,0.19,2.09
Terrelle Pryor Sr,6944,WR,WAS,9,11.8,1,57.1,16.7,1,6,0,16.7,4,0.11,15,32,0,29.6,74.6,57.9,,57.4,0.0,0,0,44,0.0,0,247,1,47.5,20,95.5,236,16.2,40,87.8,35,1,83.8,207,240,61,3.1,12.0,1.02,2017,235.7,53.1,0.19,3.12
Laquon Treadwell,10657,WR,MIN,18,12.5,0,58.8,50.0,3,6,0,4.8,1,0.08,11,18,1,70.5,24.5,53.3,,53.8,0.0,0,2,25,0.0,0,344,4,45.6,20,92.4,318,8.1,28,51.1,34,0,91.9,316,200,59,3.0,10.0,0.63,2017,292.0,71.2,0.13,2.03
Chris Moore,10741,WR,BLT,12,14.1,2,52.9,57.1,4,7,0,14.3,3,-0.15,11,3,0,43.5,79.9,59.0,,59.2,0.0,0,2,30,0.0,0,248,0,36.4,18,97.6,242,24.6,61,81.5,34,3,74.6,185,248,38,2.1,13.8,1.02,2017,493.0,46.3,0.1,1.93
Jarius Wright,7118,WR,MIN,18,9.4,0,72.7,83.3,5,6,0,0.0,0,0.14,18,18,0,85.3,75.6,72.3,,72.9,2.1,5,0,33,0.0,0,234,1,46.8,24,94.0,220,80.8,189,121.4,33,2,17.1,40,305,112,4.7,12.7,1.39,2017,487.0,97.6,0.18,2.17
Brandon Marshall,3064,WR,NYG,5,10.6,3,56.3,40.0,4,10,0,10.0,2,0.09,11,21,0,55.6,73.9,62.2,,60.5,0.0,0,1,18,0.0,0,183,0,49.4,18,92.9,170,3.8,7,56.0,32,0,96.2,176,154,45,2.5,8.6,0.91,2017,248.0,30.6,0.16,2.78
Russell Shepard,8254,WR,CAR,15,8.7,3,54.8,16.7,1,6,0,29.2,7,0.17,9,5,1,27.3,25.7,46.0,,45.1,0.6,2,1,40,0.0,0,312,4,45.4,17,93.3,291,78.2,244,72.2,31,1,21.2,66,202,109,6.4,11.9,0.69,2017,425.0,40.8,0.22,4.08
Tyler Boyd,10689,WR,CIN,10,6.9,1,71.0,75.0,3,4,0,12.0,3,0.04,14,7,0,49.3,74.9,62.0,,61.5,0.5,1,1,49,0.0,0,219,0,43.5,22,94.5,207,87.2,191,99.5,31,2,12.3,27,225,93,4.2,10.2,1.09,2017,290.7,221.1,0.29,2.83
Kendrick Bourne,12270,WR,SF,11,13.2,2,51.6,40.0,2,5,2,5.9,1,0.19,12,28,0,67.7,73.6,62.6,70.6,63.8,0.5,1,2,54,0.5,1,212,4,50.2,16,95.3,202,22.6,48,52.8,31,0,76.9,163,257,112,7.0,16.1,1.27,2017,459.0,114.7,0.19,2.73
Breshad Perriman,9459,WR,BLT,11,14.8,0,32.3,8.3,1,12,0,28.6,4,-0.2,3,3,0,28.1,71.1,45.1,,43.4,0.0,0,2,14,0.0,0,225,0,40.9,10,95.6,215,11.1,25,14.6,31,0,88.4,199,77,8,0.8,7.7,0.36,2017,485.0,62.2,0.29,3.11
Taywan Taylor,11827,WR,TEN,18,13.1,1,60.0,14.3,1,7,0,5.3,1,-0.26,9,31,0,69.0,76.7,55.9,,56.9,0.0,0,1,53,0.0,0,193,1,38.9,18,95.9,185,60.6,117,82.6,30,1,37.3,72,240,62,3.4,13.3,1.3,2017,209.7,89.6,0.2,2.42
Cody Latimer,8691,WR,DEN,11,12.3,1,70.4,58.3,7,12,0,5.0,1,0.08,15,10,0,71.5,27.8,70.0,,68.1,0.4,1,1,32,0.0,0,246,0,43.7,19,93.9,231,55.7,137,114.3,27,2,43.9,108,287,59,3.1,15.1,1.24,2017,394.0,36.0,0.17,3.27
Curtis Samuel,11795,WR,CAR,9,9.4,1,57.7,42.9,3,7,0,21.1,4,0.0,6,5,0,29.5,79.0,56.9,,53.6,0.0,0,0,23,0.0,0,142,1,43.7,15,95.1,135,33.8,48,68.6,26,0,64.8,92,115,54,3.6,7.7,0.85,2017,292.7,138.8,0.3,2.95
Jeremy Kerley,6305,WR,NYJ,8,8.2,0,88.0,80.0,4,5,0,4.3,1,0.09,13,22,1,72.1,57.1,66.4,,65.7,0.0,0,0,31,0.0,0,191,0,46.2,22,97.4,186,77.0,147,116.2,25,1,22.5,43,217,62,2.8,9.9,1.17,2017,358.0,2.7,0.06,1.35
Josh Reynolds,11872,WR,LA,16,8.6,1,47.8,33.3,1,3,0,8.3,1,-0.05,7,26,0,62.1,71.9,58.4,85.8,56.6,1.2,2,0,28,1.8,3,168,0,41.1,11,92.3,155,34.5,58,75.3,23,1,61.9,104,104,34,3.1,9.5,0.67,2017,326.0,100.0,0.16,3.23
Mike Williams,11762,WR,LAC,10,12.0,0,47.8,60.0,3,5,0,15.4,2,-0.19,7,27,0,45.7,71.9,52.6,,51.8,0.0,0,1,20,0.0,0,145,0,39.3,11,93.1,135,22.1,32,41.0,23,0,77.9,113,95,15,1.4,8.6,0.7,2017,129.0,178.2,0.29,3.56
Brice Butler,7991,WR,DAL,13,18.5,1,68.2,80.0,4,5,0,16.7,3,0.04,10,9,0,39.8,73.3,65.9,,64.8,0.6,1,1,53,0.0,0,160,1,43.6,15,93.1,149,31.9,51,131.6,22,3,66.3,106,317,32,2.1,21.1,2.13,2017,295.5,18.0,0.15,3.0
Tavon Austin,7789,WR,LA,16,2.9,6,61.9,100.0,1,1,0,7.1,1,-0.01,2,26,1,63.2,69.6,63.1,,55.4,0.0,0,0,13,0.0,0,81,0,39.0,13,95.1,77,54.3,44,66.2,21,0,33.3,27,47,81,6.2,3.6,0.61,2017,269.7,39.5,0.34,2.82
Jakeem Grant Sr,10820,WR,MIA,12,10.3,7,61.9,33.3,1,3,0,13.3,2,-0.22,9,17,0,47.7,88.3,70.7,,74.2,0.0,0,0,65,0.0,0,93,1,36.8,13,93.5,87,20.4,19,125.7,21,2,73.1,68,203,150,11.5,15.6,2.33,2017,395.0,60.3,0.21,2.74
