player,player_id,position,team_name_x,player_game_count,avg_depth_of_target,avoided_tackles,caught_percent,contested_catch_rate,contested_receptions,contested_targets,declined_penalties,drop_rate,drops,epa,first_downs,franchise_id,fumbles,grades_hands_drop,grades_hands_fumble,grades_offense,grades_pass_block,grades_pass_route,inline_rate,inline_snaps,interceptions,longest,pass_block_rate,pass_blocks,pass_plays,penalties,positive_epa_percent,receptions,route_rate,routes,slot_rate,slot_snaps,targeted_qb_rating,targets,touchdowns,wide_rate,wide_snaps,yards,yards_after_catch,yards_after_catch_per_reception,yards_per_reception,yprr,year,ADP,UDFS,Josh,Hayden,Team,Rank,Diff,2023 Finish,2022 Finish,Pos Rank,Rank vs. ADP,Finish2024,team_name_y,PosRank,fantasyPts,ptsPerSnap,ptsPerTouch
Justin Jefferson,61398,WR,MIN,18,10.7,11,73.0,55.0,22,40,1,4.9,7,0.02,83,18,0,83.1,86.0,90.2,,90.2,0.0,0,5,64,0.0,0,777,4,47.6,135,93.8,729,29.0,225,107.8,185,8,70.0,544,1856,638,4.7,13.7,2.55,2022,3.2,4.0,4.0,3.0,Minnesota Vikings,,,,,,,,,,365.3,0.34,2.77
Tyreek Hill,10799,WR,MIA,18,12.6,12,69.6,50.0,13,26,1,3.8,5,0.09,81,17,1,89.7,67.1,92.1,,92.0,1.1,7,7,64,0.0,0,614,5,45.3,126,94.3,579,42.3,260,97.8,181,7,54.4,334,1779,524,4.2,14.1,3.07,2022,22.5,26.0,24.0,28.0,Miami Dolphins,,,,,,,,,,341.2,0.43,2.71
Davante Adams,8688,WR,LV,17,12.8,16,59.5,44.1,15,34,0,5.7,6,0.02,65,23,1,76.9,59.2,90.1,66.1,90.5,0.0,0,6,60,0.2,1,657,2,44.7,100,94.1,618,30.0,197,102.2,168,14,69.6,457,1516,502,5.0,15.2,2.45,2022,10.5,8.0,9.0,7.0,Las Vegas Raiders,,,,,,,,,,335.5,0.32,3.26
CeeDee Lamb,61570,WR,DAL,19,10.3,16,72.5,46.7,14,30,1,5.5,7,0.03,75,9,0,78.9,86.0,86.2,,87.0,0.3,2,5,46,0.0,0,678,4,47.5,121,95.3,646,62.7,425,108.5,167,10,36.1,245,1544,555,4.6,12.8,2.39,2022,14.4,15.0,15.0,14.0,Dallas Cowboys,,,,,,,,,,301.6,0.3,2.58
Stefon Diggs,9579,WR,BUF,18,12.6,15,71.7,46.2,12,26,2,7.0,9,0.2,78,4,1,69.7,62.0,89.1,,89.0,0.0,0,1,53,0.0,0,695,5,52.4,119,94.7,658,34.2,238,121.0,166,11,65.8,457,1578,440,3.7,13.3,2.4,2022,8.3,9.0,8.0,11.0,Buffalo Bills,,,,,,,,,,316.6,0.38,2.9
AJ Brown,48327,WR,PHI,20,13.0,20,63.9,46.9,15,32,0,6.5,7,0.08,67,24,2,68.5,34.4,87.7,,88.9,0.0,0,3,78,0.0,0,702,2,45.0,101,94.7,665,25.8,181,116.1,158,12,74.1,520,1642,619,6.1,16.3,2.47,2022,25.1,30.0,30.0,31.0,Philadelphia Eagles,,,,,,,,,,303.6,0.3,3.45
Ja'Marr Chase,84270,WR,CIN,15,9.8,18,69.0,37.5,12,32,0,5.3,6,0.11,69,7,2,79.1,37.9,83.9,,85.2,0.1,1,4,60,0.0,0,692,4,51.2,107,93.1,644,23.7,164,106.5,155,11,75.6,523,1266,509,4.8,11.8,1.97,2022,5.5,5.0,5.0,6.0,Cincinnati Bengals,,,,,,,,,,246.4,0.31,2.68
DeVonta Smith,61100,WR,PHI,20,10.2,15,71.4,41.9,13,31,0,5.2,6,0.1,64,24,1,79.8,84.7,80.4,,81.1,0.0,0,1,45,0.0,0,736,2,45.9,110,94.7,697,25.0,184,113.9,154,8,75.0,552,1393,561,5.1,12.7,2.0,2022,76.7,79.0,74.0,84.0,Philadelphia Eagles,,,,,,,,,,256.6,0.24,2.7
DK Metcalf,47864,WR,SEA,18,12.2,7,65.8,51.1,24,47,1,4.8,5,0.01,54,29,2,81.4,32.2,77.7,,78.7,0.0,0,4,54,0.0,0,653,8,49.0,100,94.0,614,16.5,108,95.9,152,8,83.5,545,1184,276,2.8,11.8,1.93,2022,57.6,48.0,48.0,46.0,Seattle Seahawks,,,,,,,,,,230.8,0.26,2.56
Chris Godwin,11839,WR,TB,16,5.7,11,76.0,57.1,16,28,0,4.2,5,0.0,58,30,2,85.9,38.7,75.2,73.9,76.4,0.1,1,1,44,0.3,2,682,4,48.3,114,93.8,640,73.0,498,100.1,150,3,26.7,182,1108,578,5.1,9.7,1.73,2022,53.3,58.0,65.0,51.0,Tampa Bay Buccaneers,,,,,,,,,,224.8,0.26,2.1
Christian Kirk,47546,WR,JAX,19,9.6,8,66.0,34.8,8,23,0,8.3,9,0.1,62,15,1,65.9,85.2,72.9,62.3,75.3,0.3,2,5,49,0.1,1,744,1,49.1,99,95.0,707,75.5,562,99.8,150,10,23.4,174,1238,431,4.4,12.5,1.75,2022,76.2,80.0,79.0,82.0,Jacksonville Jaguars,,,,,,,,,,243.9,0.25,2.74
Diontae Johnson,33441,WR,PIT,17,10.7,13,61.0,36.4,8,22,1,8.5,8,-0.02,45,25,1,57.6,57.4,69.6,,69.9,0.0,0,6,37,0.0,0,659,6,45.4,86,93.2,614,13.1,86,61.2,141,0,86.9,573,882,243,2.8,10.3,1.44,2022,49.1,49.0,44.0,53.0,Pittsburgh Steelers,,,,,,,,,,176.7,0.17,1.9
Michael Pittman,29049,WR,IND,16,7.7,5,71.2,50.0,15,30,0,4.8,5,-0.17,51,14,2,81.4,34.3,70.6,,70.3,0.1,1,3,28,0.0,0,674,1,43.1,99,95.3,642,27.2,183,89.8,139,4,72.7,490,925,343,3.5,9.3,1.44,2022,27.6,31.0,31.0,30.0,Indianapolis Colts,,,,,,,,,,218.5,0.21,2.14
Amon-Ra St Brown,84470,WR,DET,16,6.7,9,76.3,38.5,5,13,0,3.6,4,0.19,68,11,0,88.1,84.9,90.7,64.9,90.4,0.4,2,1,49,0.2,1,511,0,48.6,106,94.5,483,59.9,306,111.8,139,6,38.7,198,1161,544,5.1,11.0,2.4,2022,52.7,54.0,56.0,54.0,Detroit Lions,,,,,,,,,,267.6,0.32,2.33
Garrett Wilson,97405,WR,NYJ,17,11.0,22,59.7,35.9,14,39,1,2.4,2,-0.14,56,22,1,90.1,28.2,82.7,35.6,85.9,1.3,8,1,60,0.3,2,615,5,38.6,83,96.7,595,36.1,222,91.5,139,4,62.6,385,1103,389,4.7,13.3,1.85,2022,119.0,130.0,121.0,139.0,NY Jets,,,,,,,,,,217.7,0.25,2.5
Zay Jones,11792,WR,JAX,18,9.6,9,69.3,38.9,7,18,0,7.8,8,0.1,49,15,0,59.4,83.6,66.5,75.6,67.1,0.0,0,4,59,0.4,3,706,0,48.5,95,94.5,667,33.9,239,92.1,137,6,66.1,467,980,327,3.4,10.3,1.47,2022,179.4,157.0,155.0,158.0,Jacksonville Jaguars,,,,,,,,,,196.1,0.21,2.28
Mike Evans,8642,WR,TB,16,14.1,7,62.4,64.3,18,28,1,4.6,4,0.04,58,30,0,75.1,82.4,74.2,,75.7,0.0,0,7,63,0.0,0,729,4,48.7,83,94.4,688,25.9,189,85.0,133,6,74.1,540,1207,244,2.9,14.5,1.75,2022,23.1,19.0,16.0,24.0,Tampa Bay Buccaneers,,,,,,,,,,226.3,0.24,2.94
Amari Cooper,9437,WR,CLV,17,13.3,7,61.9,55.6,15,27,0,7.1,6,0.0,61,8,0,67.4,82.1,81.2,,83.6,0.0,0,3,55,0.0,0,603,5,45.8,78,93.2,562,24.9,150,105.9,126,9,75.0,452,1160,296,3.8,14.9,2.06,2022,78.5,70.0,68.0,71.0,Cleveland Browns,,,,,,,,,,248.0,0.25,3.18
Tee Higgins,61211,WR,CIN,19,12.0,9,69.6,57.6,19,33,0,4.4,4,0.13,54,7,0,81.8,82.7,78.4,22.3,78.8,0.3,2,3,59,0.0,0,692,2,51.1,87,94.7,655,17.8,123,110.6,125,8,81.9,567,1177,310,3.6,13.5,1.8,2022,27.5,24.0,26.0,25.0,Cincinnati Bengals,,,,,,,,,,218.9,0.29,2.96
Brandon Aiyuk,84109,WR,SF,20,11.0,16,68.9,39.1,9,23,0,6.7,6,0.2,53,28,1,70.7,54.5,78.7,,79.5,0.0,0,1,54,0.0,0,654,3,50.2,84,94.5,618,24.6,161,116.3,122,8,75.4,493,1124,397,4.7,13.4,1.82,2022,67.4,73.0,67.0,74.0,San Francisco 49ers,,,,,,,,,,229.8,0.23,2.87
Jaylen Waddle,84088,WR,MIA,18,12.7,7,64.5,22.7,5,22,0,10.3,9,0.12,61,17,1,51.1,53.1,82.6,65.7,83.5,0.0,0,2,84,0.2,1,605,1,45.1,78,94.0,569,25.6,155,119.2,121,8,73.2,443,1400,526,6.7,17.9,2.46,2022,38.3,44.0,43.0,48.0,Miami Dolphins,,,,,,,,,,261.2,0.33,3.35
Tyler Lockett,9502,WR,SEA,17,11.1,5,76.9,35.7,5,14,0,3.2,3,0.04,53,29,1,87.7,33.7,77.9,65.3,77.7,0.8,5,6,40,0.2,1,604,1,50.8,90,94.0,568,41.7,252,108.6,117,9,56.8,343,1072,280,3.1,11.9,1.89,2022,100.5,85.0,83.0,90.0,Seattle Seahawks,,,,,,,,,,241.3,0.3,2.87
Terry McLaurin,48229,WR,WAS,17,13.1,11,67.0,65.4,17,26,0,3.8,3,-0.07,56,32,0,82.8,52.7,79.9,,83.0,0.0,0,2,52,0.0,0,621,2,43.6,77,93.9,583,20.9,130,108.3,115,5,78.9,490,1191,396,5.1,15.5,2.04,2022,42.2,40.0,40.0,39.0,Washington Commanders,,,,,,,,,,229.0,0.22,2.73
Chris Olave,84355,WR,NO,15,14.9,2,63.2,33.3,8,24,2,4.0,3,0.0,48,20,2,81.9,27.4,82.5,,83.0,0.2,1,5,53,0.0,0,450,3,49.2,72,95.8,431,33.8,152,86.3,114,4,66.0,297,1044,219,3.0,14.5,2.42,2022,87.0,106.0,107.0,105.0,New Orleans Saints,,,,,,,,,,200.4,0.33,2.78
Drake London,86519,WR,ATL,17,11.2,8,63.2,53.8,14,26,1,2.7,2,-0.03,47,2,3,88.0,23.3,83.2,,85.3,0.0,0,3,40,0.0,0,439,2,45.3,72,95.4,419,21.6,95,87.1,114,4,78.4,344,866,231,3.2,12.0,2.07,2022,73.8,60.0,63.0,62.0,Atlanta Falcons,,,,,,,,,,182.6,0.22,2.54
DJ Moore,48267,WR,CAR,17,14.0,9,57.8,56.5,13,23,1,4.5,3,-0.13,44,5,0,77.9,82.1,73.9,,76.2,0.7,4,5,62,0.0,0,540,5,37.6,63,94.4,510,27.6,149,86.5,109,7,71.5,386,888,191,3.0,14.1,1.74,2022,32.8,34.0,35.0,33.0,Carolina Panthers,,,,,,,,,,199.1,0.2,2.73
JuJu Smith-Schuster,11817,WR,KC,19,7.1,9,80.7,46.7,7,15,0,3.3,3,0.2,54,16,3,86.8,24.7,70.1,71.3,72.1,0.0,0,3,53,0.3,2,641,3,53.8,88,94.9,608,42.1,270,103.4,109,3,57.9,371,1022,487,5.5,11.6,1.68,2022,45.3,45.0,50.0,42.0,Kansas City Chiefs,,,,,,,,,,189.3,0.25,2.43
Adam Thielen,8288,WR,MIN,18,10.8,1,68.2,21.1,4,19,0,1.4,1,0.0,48,18,0,90.4,81.7,65.5,65.0,66.3,0.0,0,3,36,0.5,4,756,1,47.4,73,94.0,711,33.3,252,95.8,107,6,66.7,504,766,165,2.3,10.5,1.08,2022,66.5,75.0,75.0,75.0,Minnesota Vikings,,,,,,,,,,178.0,0.17,2.51
Courtland Sutton,48164,WR,DEN,15,13.3,3,60.4,42.4,14,33,0,8.6,6,-0.11,38,10,0,60.7,81.0,69.3,,69.7,0.2,1,4,51,0.0,0,576,5,37.8,64,93.2,537,11.3,65,75.6,106,2,88.5,510,829,134,2.1,13.0,1.54,2022,33.3,33.0,34.0,32.0,Denver Broncos,,,,,,,,,,159.4,0.18,2.45
Gabe Davis,55410,WR,BUF,17,16.8,2,52.8,30.8,8,26,0,11.1,7,0.17,42,4,1,50.4,42.6,66.4,,66.5,0.4,3,6,98,0.0,0,705,3,51.8,56,94.8,668,10.2,72,86.3,106,8,89.4,630,983,150,2.7,17.6,1.47,2022,39.8,41.0,41.0,41.0,Buffalo Bills,,,,,,,,,,173.6,0.19,3.62
Deebo Samuel,48274,WR,SF,16,5.1,36,65.1,26.7,4,15,0,6.8,5,0.14,32,28,0,68.4,26.7,74.1,78.7,81.6,0.4,2,3,74,1.0,5,484,1,48.7,69,94.2,456,27.1,131,87.1,106,3,60.1,291,843,659,9.6,12.2,1.85,2022,19.6,29.0,25.0,35.0,San Francisco 49ers,,,,,,,,,,172.4,0.26,1.76
Joshua Palmer,62979,WR,LAC,17,9.6,6,71.8,50.0,7,14,0,6.3,5,0.07,41,27,1,71.2,50.1,64.6,64.9,65.6,0.1,1,2,50,0.1,1,689,1,46.5,74,96.5,665,25.4,175,95.9,103,3,74.5,513,800,261,3.5,10.8,1.2,2022,120.4,114.0,109.0,120.0,Los Angeles Chargers,,,,,,,,,,167.3,0.19,2.29
Marquise Brown,61568,WR,ARZ,12,11.7,3,65.0,64.7,11,17,0,4.3,3,-0.15,32,1,1,79.5,47.7,69.2,,69.6,0.0,0,7,47,0.0,0,523,2,40.0,67,94.1,492,35.0,183,66.4,103,3,64.6,338,709,244,3.6,10.6,1.44,2022,42.4,46.0,46.0,47.0,Arizona Cardinals,,,,,,,,,,156.0,0.2,2.29
Jerry Jeudy,61103,WR,DEN,15,12.1,5,68.0,27.3,3,11,0,8.1,6,-0.15,42,10,0,62.8,81.5,78.4,,77.9,0.0,0,2,67,0.0,0,479,1,38.3,68,94.4,452,54.1,259,111.5,100,6,45.9,220,986,417,6.1,14.5,2.18,2022,43.7,47.0,49.0,44.0,Denver Broncos,,,,,,,,,,205.2,0.29,2.89
Allen Lazard,48135,WR,GB,15,12.9,3,61.2,39.1,9,23,0,6.3,4,-0.03,45,12,0,69.7,80.8,69.0,69.8,73.9,3.7,19,5,47,0.2,1,517,4,44.0,60,94.4,488,37.7,195,85.8,98,6,58.6,303,788,266,4.4,13.1,1.61,2022,70.2,77.0,84.0,72.0,Green Bay Packers,,,,,,,,,,174.8,0.2,2.82
Donovan Peoples-Jones,61439,WR,CLV,17,12.9,2,64.2,37.9,11,29,0,4.7,3,-0.03,33,8,1,77.5,61.2,64.9,66.2,67.7,0.0,0,2,42,0.2,1,616,8,44.6,61,93.0,573,29.9,184,94.1,95,3,70.0,431,839,195,3.2,13.8,1.46,2022,204.1,189.0,199.0,179.0,Cleveland Browns,,,,,,,,,,163.1,0.15,2.63
Cooper Kupp,11824,WR,LA,9,7.5,13,78.9,53.8,7,13,0,1.3,1,-0.12,42,26,2,90.4,53.5,86.3,77.6,88.1,0.0,0,4,75,0.9,3,351,0,46.2,75,96.3,338,55.6,195,105.8,95,6,43.3,152,812,419,5.6,10.8,2.4,2022,4.2,2.0,3.0,2.0,Los Angeles Rams,,,,,,,,,,203.4,0.38,2.42
Keenan Allen,7857,WR,LAC,11,8.9,1,76.6,41.7,5,12,0,0.0,0,0.07,43,27,1,91.0,48.0,84.4,72.2,84.4,0.0,0,2,46,0.7,3,418,0,47.8,72,96.4,403,64.6,270,107.3,94,4,34.4,144,813,287,4.0,11.3,2.02,2022,31.1,35.0,36.0,34.0,Los Angeles Chargers,,,,,,,,,,166.0,0.32,2.48
DeAndre Hopkins,7808,WR,ARZ,9,10.7,5,68.8,52.4,11,21,0,1.5,1,-0.16,35,1,2,90.1,25.5,72.9,,73.6,0.0,0,4,33,0.0,0,388,1,39.2,64,93.3,362,27.3,106,84.4,93,3,72.7,282,717,177,2.8,11.2,1.98,2022,75.8,72.0,64.0,76.0,Arizona Cardinals,,,,,,,,,,153.7,0.28,2.4
Jakobi Meyers,47468,WR,NE,14,10.2,2,72.0,56.5,13,23,0,1.5,1,-0.03,38,19,1,90.3,48.3,75.6,,75.8,0.0,0,0,48,0.0,0,453,3,42.6,67,93.4,423,69.5,315,119.6,93,6,29.6,134,804,242,3.6,12.0,1.9,2022,143.7,152.0,165.0,137.0,New England Patriots,,,,,,,,,,182.3,0.26,2.64
Mike Williams,11762,WR,LAC,13,12.7,4,70.0,57.7,15,26,0,1.6,1,0.09,39,27,0,90.0,80.6,78.9,,79.3,0.0,0,2,55,0.0,0,481,0,46.1,63,96.5,464,15.0,72,107.4,90,4,85.0,409,895,321,5.1,14.2,1.93,2022,31.2,32.0,32.0,29.0,Los Angeles Chargers,,,,,,,,,,176.5,0.25,2.8
Marvin Jones,7158,WR,JAX,18,14.6,1,56.8,58.8,10,17,1,10.7,6,0.12,33,15,0,58.1,79.3,59.8,67.4,60.0,0.0,0,3,37,0.2,1,581,1,49.5,50,95.5,555,13.6,79,77.8,88,4,86.4,502,579,111,2.2,11.6,1.04,2022,172.8,186.0,196.0,180.0,Jacksonville Jaguars,,,,,,,,,,116.9,0.17,2.54
KJ Osborn,23503,WR,MIN,18,8.7,6,70.5,38.5,5,13,0,0.0,0,0.05,33,18,1,90.9,46.6,65.2,71.5,65.3,0.0,0,2,66,0.6,4,665,2,47.6,62,93.5,622,58.2,387,105.8,88,6,41.7,277,670,306,4.9,10.8,1.08,2022,144.6,121.0,122.0,121.0,Minnesota Vikings,,,,,,,,,,155.6,0.18,2.47
Brandin Cooks,8655,WR,HST,13,11.9,1,63.6,55.6,10,18,0,9.7,6,-0.14,29,13,0,57.2,80.6,72.3,,71.9,0.2,1,4,44,0.0,0,450,1,37.9,56,94.9,427,24.7,111,80.6,88,3,74.9,337,699,198,3.5,12.5,1.64,2022,50.9,53.0,55.0,52.0,Houston Texans,,,,,,,,,,144.6,0.22,2.49
Curtis Samuel,11795,WR,WAS,17,6.9,7,73.6,44.4,8,18,0,4.5,3,-0.1,36,32,0,79.6,61.0,70.5,69.2,70.2,0.2,1,2,49,0.2,1,546,1,42.4,64,93.6,511,71.2,389,100.5,87,4,25.3,138,655,293,4.6,10.2,1.28,2022,196.4,200.0,214.0,185.0,Washington Commanders,,,,,,,,,,178.2,0.21,1.75
Tyler Boyd,10689,WR,CIN,19,10.2,3,73.6,66.7,12,18,0,1.5,1,0.13,46,7,0,90.1,81.3,70.2,54.6,70.4,0.4,3,5,60,0.6,4,692,0,51.2,64,93.2,645,84.7,586,99.4,87,5,14.9,103,851,260,4.1,13.3,1.32,2022,108.2,92.0,93.0,91.0,Cincinnati Bengals,,,,,,,,,,164.2,0.21,2.83
Marquez Valdes-Scantling,47809,WR,KC,20,15.1,1,56.3,40.0,6,15,0,9.3,5,0.23,39,16,0,57.3,79.4,64.8,,65.6,0.4,3,1,57,0.0,0,682,2,51.6,49,94.3,643,39.7,271,98.3,87,4,59.8,408,809,167,3.4,16.5,1.26,2022,94.8,87.0,85.0,89.0,Kansas City Chiefs,,,,,,,,,,122.4,0.16,2.85
Parris Campbell,47940,WR,IND,17,6.5,13,74.1,33.3,4,12,0,4.5,3,-0.15,32,14,1,71.3,81.3,60.8,,61.2,0.2,1,6,49,0.0,0,635,2,43.9,63,95.1,604,82.0,521,76.7,85,3,17.8,113,623,285,4.5,9.9,1.03,2022,185.2,163.0,174.0,157.0,Indianapolis Colts,,,,,,,,,,149.1,0.15,2.19
George Pickens,99229,WR,PIT,17,15.6,7,61.9,67.9,19,28,0,7.1,4,-0.05,38,25,0,67.8,80.6,68.8,,69.3,0.3,2,0,42,0.0,0,619,3,44.5,52,93.7,580,13.1,81,109.3,84,4,86.6,536,801,110,2.1,15.4,1.38,2022,100.9,107.0,110.0,104.0,Pittsburgh Steelers,,,,,,,,,,164.5,0.19,2.99
Robert Woods,7822,WR,TEN,17,8.7,0,64.6,46.7,7,15,0,7.0,4,-0.06,31,31,0,66.6,57.3,68.0,,66.0,0.4,2,3,41,0.0,0,491,1,43.1,53,94.5,464,26.7,131,75.6,82,2,72.1,354,527,160,3.0,9.9,1.14,2022,97.1,112.0,108.0,119.0,Tennessee Titans,,,,,,,,,,117.7,0.15,2.22
Michael Gallup,26075,WR,DAL,16,12.6,2,55.0,47.6,10,21,0,8.3,4,0.09,29,9,0,60.5,78.5,62.6,,61.9,0.0,0,5,27,0.0,0,514,0,49.2,44,95.7,492,8.0,41,67.2,80,5,92.0,473,470,120,2.7,10.7,0.96,2022,127.3,125.0,132.0,118.0,Dallas Cowboys,,,,,,,,,,105.4,0.14,2.7
Russell Gage,44771,WR,TB,14,5.9,4,67.9,60.0,6,10,0,8.6,5,0.09,31,30,1,61.2,40.0,66.0,,65.1,0.0,0,1,23,0.0,0,424,0,48.5,53,95.3,404,34.0,144,98.0,78,5,66.0,280,436,188,3.5,8.2,1.08,2022,128.0,108.0,100.0,116.0,Tampa Bay Buccaneers,,,,,,,,,,123.6,0.23,2.42
Alec Pierce,78038,WR,IND,16,12.2,3,53.9,42.9,12,28,0,8.9,4,-0.16,28,14,1,51.5,29.9,61.3,,61.1,0.0,0,2,47,0.0,0,501,1,43.5,41,95.4,478,6.8,34,77.4,76,2,93.2,467,593,111,2.7,14.5,1.24,2022,164.1,156.0,156.0,155.0,Indianapolis Colts,,,,,,,,,,112.3,0.16,2.74
Chase Claypool,42312,WR,CHI,15,11.0,3,60.5,47.4,9,19,1,4.2,2,-0.15,24,6,1,77.0,41.9,61.8,69.6,62.7,0.4,2,5,31,0.4,2,454,2,43.2,46,93.2,423,60.6,275,54.2,76,1,39.0,177,451,142,3.1,9.8,1.07,2022,111.4,118.0,111.0,126.0,Pittsburgh Steelers,,,,,,,,,,103.0,0.16,1.87
Noah Brown,11993,WR,DAL,18,11.1,6,63.5,40.9,9,22,0,7.8,4,0.01,27,9,1,63.2,34.5,59.5,77.0,61.2,0.0,0,4,51,1.8,9,512,2,47.2,47,93.0,476,44.5,228,79.4,74,3,55.5,284,594,160,3.4,12.6,1.25,2022,215.6,210.0,202.0,220.0,Dallas Cowboys,,,,,,,,,,116.5,0.14,2.71
Christian Watson,66581,WR,GB,14,14.3,4,63.1,75.0,9,12,0,10.9,5,0.06,28,12,0,50.7,80.1,77.1,,77.8,1.1,3,1,63,0.0,0,282,0,49.3,41,95.7,270,31.6,89,123.3,65,7,67.0,189,611,264,6.4,14.9,2.26,2022,158.2,160.0,166.0,159.0,Green Bay Packers,,,,,,,,,,164.1,0.32,3.42
Romeo Doubs,84329,WR,GB,13,9.8,1,65.6,33.3,5,15,0,10.6,5,-0.15,20,12,2,51.5,23.5,62.6,,62.0,0.0,0,0,26,0.0,0,331,0,43.6,42,94.3,312,22.4,74,100.1,64,3,77.6,257,425,194,4.6,10.1,1.36,2022,121.3,146.0,154.0,140.0,Green Bay Packers,,,,,,,,,,103.6,0.2,2.41
Isaiah McKenzie,11927,WR,BUF,16,7.9,7,68.8,44.4,4,9,0,10.2,5,0.23,27,4,0,53.0,81.8,66.0,,65.9,0.0,0,2,30,0.0,0,417,0,53.2,44,94.7,395,80.3,335,95.4,64,4,19.4,81,433,145,3.3,9.8,1.1,2022,130.0,126.0,128.0,122.0,Buffalo Bills,,,,,,,,,,119.8,0.22,2.35
Nico Collins,61441,WR,HST,10,12.8,3,57.8,75.0,12,16,0,0.0,0,-0.1,21,13,0,90.0,77.6,72.4,,72.0,0.0,0,1,58,0.0,0,305,1,42.0,37,93.8,286,9.8,30,85.5,64,2,90.2,275,481,144,3.9,13.0,1.68,2022,142.9,133.0,130.0,136.0,Houston Texans,,,,,,,,,,97.1,0.22,2.62
Elijah Moore,84302,WR,NYJ,16,12.6,11,62.7,16.7,1,6,1,0.0,0,-0.19,22,22,1,90.0,78.7,57.5,,58.1,0.2,1,1,42,0.0,0,514,2,37.6,37,96.3,495,49.6,255,84.4,59,1,50.2,258,446,96,2.6,12.1,0.9,2022,66.2,67.0,72.0,63.0,NY Jets,,,,,,,,,,88.1,0.12,2.1
Darnell Mooney,48236,WR,CHI,12,12.6,3,69.0,83.3,5,6,0,2.4,1,-0.02,20,6,0,82.2,78.2,69.2,68.2,68.9,0.0,0,2,56,0.6,2,337,0,41.6,40,92.6,312,60.5,204,92.1,58,2,38.0,128,493,170,4.3,12.3,1.58,2022,61.0,68.0,73.0,64.0,Chicago Bears,,,,,,,,,,101.5,0.16,2.48
Corey Davis,11760,WR,NYJ,13,14.5,0,55.2,47.4,9,19,0,8.6,3,-0.1,28,22,0,60.5,77.0,65.9,79.8,67.9,1.4,6,2,66,0.5,2,416,5,37.7,32,95.2,396,18.3,76,83.7,58,2,80.3,334,536,116,3.6,16.8,1.35,2022,182.2,155.0,169.0,138.0,NY Jets,,,,,,,,,,97.6,0.16,3.05
Jahan Dotson,84375,WR,WAS,12,15.4,2,62.5,61.1,11,18,0,7.9,3,-0.03,26,32,0,63.4,78.0,70.5,,74.0,0.0,0,4,61,0.0,0,403,3,44.4,35,93.3,376,26.3,106,102.9,56,7,73.7,297,523,144,4.1,14.9,1.39,2022,127.9,122.0,125.0,123.0,Washington Commanders,,,,,,,,,,128.6,0.2,3.48
Rondale Moore,62890,WR,ARZ,8,5.2,7,74.5,20.0,1,5,1,8.9,4,-0.02,16,1,0,60.4,79.3,63.4,,63.6,0.0,0,0,38,0.0,0,301,1,44.1,41,93.4,281,56.8,171,101.6,55,1,40.9,123,414,291,7.1,10.1,1.47,2022,112.2,129.0,131.0,127.0,Arizona Cardinals,,,,,,,,,,87.9,0.19,1.87
Julio Jones,6158,WR,TB,11,13.9,2,58.5,45.5,5,11,0,0.0,0,-0.06,16,30,0,88.3,78.0,66.0,,65.3,0.0,0,0,48,0.0,0,301,0,47.9,31,93.0,280,26.9,81,99.0,53,3,73.1,220,373,141,4.5,12.0,1.33,2022,115.5,120.0,124.0,117.0,Tampa Bay Buccaneers,,,,,,,,,,70.4,0.2,2.43
Treylon Burks,99218,WR,TEN,11,12.4,4,62.3,58.3,7,12,1,2.9,1,0.0,19,31,0,79.6,78.1,74.1,,73.9,0.4,1,4,51,0.0,0,265,5,46.5,33,95.8,254,20.8,55,70.0,53,2,78.9,209,444,177,5.4,13.5,1.75,2022,103.0,127.0,129.0,128.0,Tennessee Titans,,,,,,,,,,94.1,0.24,2.54
Quez Watkins,61664,WR,PHI,20,11.2,4,64.2,9.1,1,11,0,2.9,1,0.02,13,24,1,70.8,30.7,52.7,66.2,54.2,0.0,0,3,53,0.2,1,477,1,44.6,34,94.8,452,75.5,360,79.3,53,3,24.5,117,362,157,4.6,10.6,0.8,2022,214.7,225.0,225.0,221.0,Philadelphia Eagles,,,,,,,,,,86.4,0.13,2.4
DJ Chark,47702,WR,DET,11,15.9,3,58.8,50.0,8,16,0,9.1,3,0.16,24,11,0,57.8,76.5,69.6,,69.6,0.0,0,1,51,0.0,0,351,0,47.2,30,97.2,341,25.4,89,103.6,51,3,74.6,262,502,138,4.6,16.7,1.47,2022,139.4,123.0,123.0,125.0,Detroit Lions,,,,,,,,,,98.2,0.18,3.27
Nelson Agholor,9453,WR,NE,16,12.1,4,62.0,28.6,2,7,0,11.4,4,-0.22,12,19,2,49.8,20.6,56.4,76.5,57.7,0.0,0,3,44,1.3,4,313,0,38.0,31,94.2,295,30.0,94,72.3,50,2,69.6,218,362,145,4.7,11.7,1.23,2022,213.0,219.0,225.0,216.0,New England Patriots,,,,,,,,,,79.2,0.17,2.55
Hunter Renfrow,47509,WR,LV,10,6.5,7,73.5,75.0,3,4,0,0.0,0,0.02,18,23,3,90.0,21.4,65.6,,64.8,0.0,0,4,27,0.0,0,308,0,43.8,36,94.8,292,86.0,265,71.0,49,2,13.6,42,330,161,4.5,9.2,1.13,2022,82.8,91.0,101.0,83.0,Las Vegas Raiders,,,,,,,,,,81.0,0.21,2.25
Randall Cobb,6216,WR,GB,13,10.2,4,70.8,25.0,2,8,0,5.6,2,-0.13,19,12,1,70.1,79.1,70.1,36.3,71.3,0.0,0,1,40,0.4,1,261,0,42.4,34,95.4,249,80.1,209,95.6,48,1,18.8,49,417,182,5.4,12.3,1.67,2022,210.8,246.0,225.0,244.0,Green Bay Packers,,,,,,,,,,81.7,0.22,2.4
Kendrick Bourne,12270,WR,NE,16,10.6,3,74.5,40.0,2,5,1,7.9,3,-0.05,22,19,2,64.1,23.4,63.6,,67.8,0.0,0,2,41,0.0,0,310,4,42.2,35,95.5,296,27.1,84,92.0,47,1,72.9,226,434,144,4.1,12.4,1.47,2022,210.6,240.0,225.0,238.0,New England Patriots,,,,,,,,,,88.3,0.2,2.15
Devin Duvernay,40006,WR,BLT,14,10.0,2,78.7,60.0,3,5,0,2.6,1,0.0,19,3,0,80.8,89.5,67.2,,66.2,0.3,1,1,31,0.0,0,374,0,44.6,37,94.1,352,33.4,125,115.2,47,3,66.3,248,407,160,4.3,11.0,1.16,2022,202.5,241.0,225.0,239.0,Baltimore Ravens,,,,,,,,,,110.1,0.17,2.25
DeVante Parker,9447,WR,NE,13,16.8,2,66.0,52.6,10,19,0,0.0,0,0.02,25,19,0,88.0,76.6,74.1,48.8,74.0,0.0,0,4,43,0.3,1,339,1,46.7,31,93.2,316,8.6,29,90.6,47,3,91.4,310,539,105,3.4,17.4,1.71,2022,135.2,109.0,113.0,106.0,New England Patriots,,,,,,,,,,102.9,0.19,3.32
AJ Green,6156,WR,ARZ,15,11.7,2,52.2,50.0,7,14,0,7.7,2,-0.14,11,1,0,66.6,76.3,55.6,,55.1,0.0,0,3,77,0.0,0,384,3,43.1,24,94.3,362,13.0,50,54.3,46,2,87.0,334,236,58,2.4,9.8,0.65,2022,193.7,245.0,225.0,243.0,Arizona Cardinals,,,,,,,,,,59.6,0.11,2.48
Nick Westbrook-Ikhine,47861,WR,TEN,17,13.7,2,55.6,30.0,6,20,0,10.7,3,-0.1,18,31,0,55.1,75.9,59.8,38.3,57.9,0.0,0,2,63,0.2,1,443,2,42.6,25,94.6,419,55.3,245,88.8,45,3,44.5,197,397,108,4.3,15.9,0.95,2022,209.1,222.0,225.0,218.0,Tennessee Titans,,,,,,,,,,82.7,0.11,3.31
Van Jefferson,47447,WR,LA,11,16.6,1,54.5,37.5,3,8,0,4.0,1,-0.12,20,26,0,74.9,75.7,68.4,,67.7,0.3,1,3,39,0.0,0,310,0,40.5,24,96.5,299,29.0,90,76.8,44,3,70.6,219,369,34,1.4,15.4,1.23,2022,171.2,147.0,153.0,141.0,Los Angeles Rams,,,,,,,,,,78.9,0.16,3.29
Skyy Moore,97116,WR,KC,18,7.7,7,65.9,33.3,1,3,0,3.6,1,0.07,14,16,0,75.5,84.4,67.7,,67.6,0.9,2,3,30,0.0,0,224,0,53.8,27,92.9,208,48.7,109,61.7,41,1,50.0,112,267,169,6.3,9.9,1.28,2022,91.7,119.0,112.0,129.0,Kansas City Chiefs,,,,,,,,,,49.4,0.16,1.98
Equanimeous St Brown,47967,WR,CHI,16,12.8,0,55.3,28.6,2,7,0,4.5,1,-0.06,14,6,1,71.3,76.5,64.2,80.5,60.9,2.0,6,3,56,2.6,8,306,0,40.5,21,91.5,280,30.7,94,59.4,38,1,67.3,206,323,98,4.7,15.4,1.15,2022,215.9,250.0,225.0,249.0,Chicago Bears,,,,,,,,,,64.7,0.12,2.4
Jarvis Landry,8698,WR,NO,9,9.6,6,67.6,50.0,3,6,0,0.0,0,-0.01,12,20,1,86.5,77.8,67.3,,66.5,0.9,2,2,40,0.0,0,221,1,45.9,25,93.7,207,70.1,155,75.5,37,1,29.0,64,272,62,2.5,10.9,1.31,2022,155.9,190.0,195.0,184.0,New Orleans Saints,,,,,,,,,,58.2,0.19,2.33
Mecole Hardman,42683,WR,KC,9,8.0,2,75.0,66.7,2,3,0,6.9,2,0.33,15,16,0,55.1,81.0,68.2,,66.5,0.4,1,0,36,0.0,0,228,0,49.8,27,91.7,209,51.3,117,137.2,36,4,46.5,106,307,167,6.2,11.4,1.47,2022,136.4,132.0,135.0,130.0,Kansas City Chiefs,,,,,,,,,,93.8,0.31,3.23
Laviska Shenault,61220,WR,CAR,12,-0.8,15,84.4,50.0,1,2,0,3.6,1,0.24,10,5,0,75.5,78.5,85.0,,86.5,8.2,8,0,67,0.0,0,97,1,47.9,27,96.9,94,51.5,50,112.5,32,1,39.2,38,272,335,12.4,10.1,2.89,2022,212.4,249.0,225.0,247.0,Carolina Panthers,,,,,,,,,,72.7,0.35,2.02
David Bell,97989,WR,CLV,16,6.6,2,75.0,44.4,4,9,0,7.7,2,-0.05,7,8,0,63.4,76.0,52.5,69.2,52.1,0.0,0,3,20,0.9,3,327,0,44.3,24,93.3,305,72.2,236,53.4,32,0,27.8,91,214,74,3.1,8.9,0.7,2022,199.8,226.0,225.0,222.0,Cleveland Browns,,,,,,,,,,45.4,0.09,1.89
Braxton Berrios,47961,WR,NYJ,16,6.7,1,58.1,66.7,4,6,0,10.0,2,-0.03,8,22,0,70.7,70.3,62.8,,60.2,0.5,1,1,25,0.0,0,189,0,42.5,18,95.2,180,60.8,115,56.5,31,0,37.0,70,145,95,5.3,8.1,0.81,2022,215.4,242.0,225.0,240.0,NY Jets,,,,,,,,,,53.6,0.18,1.99
Wan'Dale Robinson,101735,WR,NYG,6,6.1,3,76.7,50.0,4,8,0,8.0,2,0.15,13,21,0,50.6,75.8,72.0,,70.9,0.0,0,0,19,0.0,0,140,0,48.8,23,92.1,129,80.7,113,108.6,30,1,19.3,27,227,127,5.5,9.9,1.76,2022,152.5,159.0,167.0,156.0,NY Giants,,,,,,,,,,51.6,0.23,2.06
Sammy Watkins,8639,WR,BLT,13,12.6,1,58.6,40.0,2,5,1,10.5,2,-0.21,12,3,1,54.3,23.2,62.2,,61.9,0.0,0,0,55,0.0,0,239,1,39.1,17,94.1,225,13.4,32,99.4,29,0,86.6,207,337,132,7.8,19.8,1.5,2022,176.0,177.0,200.0,160.0,Green Bay Packers,,,,,,,,,,48.5,0.14,3.03
Kadarius Toney,61245,WR,KC,12,3.5,7,82.1,50.0,1,2,0,8.0,2,0.12,11,16,0,63.2,47.2,78.0,,76.4,1.8,2,0,38,0.0,0,110,1,47.1,23,93.6,103,38.2,42,135.3,28,3,56.4,62,221,154,6.7,9.6,2.15,2022,85.6,76.0,78.0,77.0,NY Giants,,,,,,,,,,59.3,0.41,2.58
Rashod Bateman,84296,WR,BLT,6,13.2,3,53.6,0.0,0,1,0,25.0,5,0.13,7,3,1,28.3,22.4,61.6,,61.1,0.0,0,1,75,0.0,0,127,0,42.5,15,94.5,120,14.2,18,98.1,28,2,85.8,109,285,137,9.1,19.0,2.38,2022,53.1,43.0,45.0,43.0,Baltimore Ravens,,,,,,,,,,55.5,0.29,3.7
Khalil Shakir,84140,WR,BUF,16,14.6,0,65.2,66.7,2,3,0,11.8,2,-0.02,11,4,0,52.8,77.6,65.6,52.8,68.0,0.0,0,0,31,0.0,0,181,0,43.3,15,94.5,171,61.3,111,116.6,23,1,38.7,70,252,84,5.6,16.8,1.47,2022,212.9,224.0,197.0,248.0,Buffalo Bills,,,,,,,,,,32.1,0.12,3.21
Michael Thomas,10681,WR,NO,3,10.5,0,72.7,80.0,8,10,0,5.9,1,-0.16,13,20,0,68.7,73.9,77.3,,77.4,0.0,0,0,21,0.0,0,109,1,42.3,16,95.4,104,20.2,22,134.7,22,3,79.8,87,171,25,1.6,10.7,1.64,2022,58.5,69.0,66.0,73.0,New Orleans Saints,,,,,,,,,,51.1,0.38,3.19
Kenny Golladay,11851,WR,NYG,14,10.4,0,35.3,14.3,1,7,0,25.0,2,-0.06,4,21,0,31.8,69.5,55.6,,54.7,0.0,0,0,25,0.0,0,166,0,41.8,6,92.2,153,19.3,32,71.0,17,1,80.7,134,81,11,1.8,13.5,0.53,2022,164.6,172.0,168.0,181.0,NY Giants,,,,,,,,,,20.1,0.08,3.35
Byron Pringle,42345,WR,CHI,11,15.5,0,66.7,100.0,3,3,0,0.0,0,-0.09,8,6,0,78.0,71.1,62.9,71.6,64.7,1.2,2,1,35,2.5,4,161,3,42.6,10,94.4,152,27.3,44,106.9,15,2,71.4,115,135,15,1.5,13.5,0.89,2022,215.5,248.0,225.0,246.0,Chicago Bears,,,,,,,,,,35.5,0.13,3.55
KJ Hamler,61590,WR,DEN,7,24.9,0,46.7,,0,0,0,0.0,0,0.03,3,10,0,75.6,71.1,57.5,,55.4,0.0,0,1,55,0.0,0,164,1,42.3,7,95.1,156,18.9,31,59.0,15,0,81.1,133,165,23,3.3,23.6,1.06,2022,150.7,176.0,173.0,182.0,Denver Broncos,,,,,,,,,,25.8,0.12,2.87
Kyle Philips,84463,WR,TEN,4,7.8,0,61.5,66.7,2,3,0,11.1,1,-0.08,3,31,0,54.5,76.3,63.7,,63.7,0.0,0,0,21,0.0,0,54,0,43.8,8,88.9,48,61.1,33,78.4,13,0,35.2,19,78,19,2.4,9.8,1.63,2022,211.2,243.0,225.0,241.0,Tennessee Titans,,,,,,,,,,15.8,0.25,1.98
Jamison Crowder,9538,WR,BUF,4,9.9,0,50.0,25.0,1,4,0,14.3,1,0.28,4,4,0,49.2,79.5,53.2,,54.9,0.0,0,1,16,0.0,0,74,0,56.3,6,95.9,71,87.8,65,29.9,12,0,12.2,9,60,30,5.0,10.0,0.85,2022,203.7,220.0,225.0,217.0,Buffalo Bills,,,,,,,,,,12.0,0.13,2.0
Velus Jones,40573,WR,CHI,11,19.2,0,58.3,33.3,1,3,0,12.5,1,-0.29,4,6,0,52.1,44.6,64.9,,62.8,0.0,0,0,44,0.0,0,74,0,40.8,7,95.9,71,18.9,14,115.6,12,1,79.7,59,107,42,6.0,15.3,1.51,2022,214.4,244.0,225.0,242.0,Chicago Bears,,,,,,,,,,40.1,0.25,2.51
Jameson Williams,101701,WR,DET,6,19.3,0,12.5,,0,0,0,66.7,2,0.02,1,11,0,27.3,66.2,63.4,,57.5,0.0,0,0,41,0.0,0,40,0,35.1,1,92.5,37,25.0,10,88.0,8,1,75.0,30,41,5,5.0,41.0,1.11,2022,167.4,193.0,198.0,183.0,Detroit Lions,,,,,,,,,,15.1,0.19,7.55
Bryan Edwards,28486,WR,ATL,7,9.2,0,60.0,0.0,0,1,0,0.0,0,0.03,0,2,0,70.5,65.8,50.7,,50.8,0.0,0,1,10,0.0,0,53,0,42.3,3,98.1,52,20.8,11,25.0,5,0,79.2,42,15,11,3.7,5.0,0.29,2022,214.7,247.0,225.0,245.0,Atlanta Falcons,,,,,,,,,,4.5,0.05,1.5
Jalen Tolbert,61637,WR,DAL,7,15.7,0,66.7,100.0,1,1,0,0.0,0,-0.01,0,9,0,68.3,64.0,48.7,62.3,50.7,0.0,0,0,8,2.3,1,44,1,43.9,2,90.9,40,11.4,5,74.3,3,0,88.6,39,12,0,0.0,6.0,0.3,2022,129.8,192.0,161.0,219.0,Dallas Cowboys,,,,,,,,,,3.2,0.04,1.6
CeeDee Lamb,61570,WR,DAL,18,10.4,19,73.1,36.7,11,30,0,4.0,6,0.21,87,9,3,89.3,50.6,90.9,,91.2,0.3,2,2,92,0.0,0,742,6,51.6,144,93.3,692,58.6,435,118.4,197,12,40.3,299,1859,709,4.9,12.9,2.69,2023,12.0,,,,DAL,21.0,,,19.0,10.0,-9.0,,,,405.2,0.41,2.72
Amon-Ra St Brown,84470,WR,DET,19,8.0,20,74.2,51.7,15,29,0,3.4,5,0.12,93,11,1,88.5,67.4,91.2,39.2,91.3,0.0,0,3,70,0.6,4,725,1,50.0,141,95.3,691,55.3,401,115.9,190,11,43.6,316,1789,802,5.7,12.7,2.59,2023,13.0,,,,DET,22.0,,,23.0,11.0,-9.0,,,,332.9,0.33,2.71
Stefon Diggs,9579,WR,BUF,19,10.6,14,66.9,41.9,13,31,0,6.4,8,0.17,63,4,3,77.7,39.4,79.1,,79.0,0.0,0,4,55,0.0,0,704,3,51.9,117,94.5,665,35.7,251,93.4,175,8,63.1,444,1256,460,3.9,10.7,1.89,2023,9.0,,,,BUF,12.0,,,12.0,6.0,-3.0,,,,273.8,0.29,2.54
Tyreek Hill,10799,WR,MIA,17,11.3,27,70.9,30.4,7,23,0,7.5,10,0.14,84,17,1,63.6,64.4,93.4,,93.8,1.0,5,5,78,0.0,0,521,3,49.4,124,96.0,500,37.4,195,120.2,175,14,60.5,315,1861,689,5.6,15.0,3.72,2023,4.0,,,,MIA,11.0,,,8.0,5.0,-7.0,,,,378.4,0.54,3.03
Davante Adams,8688,WR,LV,17,11.1,8,60.2,35.3,12,34,0,8.0,9,-0.06,59,23,0,67.6,83.6,79.1,,80.0,0.0,0,6,46,0.0,0,605,1,45.9,103,96.2,582,16.9,102,81.1,171,8,82.0,496,1144,337,3.3,11.1,1.97,2023,17.0,,,,LV,6.0,,,7.0,4.0,11.0,,,,265.4,0.28,2.58
Garrett Wilson,97405,WR,NYJ,17,10.6,17,58.3,29.7,11,37,1,5.9,6,-0.31,47,22,2,64.1,32.1,72.9,,73.5,0.0,0,6,68,0.0,0,712,5,36.1,95,94.7,674,31.2,222,68.1,163,3,68.8,490,1042,319,3.4,11.0,1.55,2023,14.0,,,,NYJ,17.0,,,55.0,8.0,-3.0,,,,217.2,0.22,2.19
Puka Nacua,100632,WR,LA,18,9.4,16,69.9,50.0,15,30,0,10.2,13,0.07,74,26,1,51.7,44.2,90.2,72.0,89.3,0.0,0,3,80,1.4,9,659,5,46.9,114,92.1,607,30.3,200,109.6,163,7,69.5,458,1667,731,6.4,14.6,2.75,2023,224.0,,,,LAR,248.0,,,,102.0,-24.0,,,,298.5,0.3,2.55
AJ Brown,48327,WR,PHI,17,12.3,19,69.7,45.2,14,31,0,3.6,4,0.07,70,24,2,88.3,35.4,90.0,80.3,90.4,0.2,1,4,59,0.5,3,607,2,46.4,106,95.1,577,23.9,145,104.5,152,7,75.8,460,1456,484,4.6,13.7,2.52,2023,10.0,,,,PHI,5.0,,,18.0,3.0,5.0,,,,293.6,0.29,2.77
Michael Pittman,29049,WR,IND,16,8.1,5,72.7,53.6,15,28,0,4.4,5,-0.01,53,14,1,89.2,60.4,77.7,75.1,80.0,2.0,12,6,75,0.5,3,606,8,42.4,109,93.2,565,25.6,155,86.9,150,4,72.4,439,1152,518,4.8,10.6,2.04,2023,77.0,,,,IND,75.0,,,75.0,39.0,2.0,,,,248.2,0.25,2.28
Mike Evans,8642,WR,TB,19,15.1,6,61.6,54.5,18,33,0,8.2,8,0.1,61,30,0,62.4,82.9,81.5,,83.0,0.0,0,4,75,0.0,0,663,4,45.7,90,93.8,622,29.4,195,115.4,146,14,70.6,468,1450,371,4.1,16.1,2.33,2023,67.0,,,,TB,68.0,,,42.0,34.0,-1.0,,,,282.5,0.33,3.58
Keenan Allen,7857,WR,LAC,13,9.9,7,74.5,50.0,10,20,0,5.3,6,0.04,56,27,2,79.0,35.7,85.3,77.5,86.4,0.0,0,2,42,0.5,3,561,1,47.7,108,93.9,527,59.0,331,110.2,145,7,40.3,226,1243,395,3.7,11.5,2.36,2023,35.0,,,,LAC,35.0,,,31.0,20.0,0.0,,,,274.9,0.35,2.5
Ja'Marr Chase,84270,WR,CIN,16,9.1,15,71.4,44.0,11,25,1,3.8,4,-0.01,63,7,1,85.7,58.8,85.3,,86.7,0.0,0,2,76,0.0,0,631,2,46.6,100,95.1,600,23.5,148,108.5,140,7,75.9,479,1216,553,5.5,12.2,2.03,2023,2.0,,,,CIN,2.0,,,9.0,2.0,0.0,,,,263.0,0.3,2.55
Chris Olave,84355,WR,NO,16,13.9,4,63.0,40.0,10,25,0,6.5,6,0.02,57,20,0,71.2,82.7,82.5,,82.9,0.0,0,3,51,0.0,0,562,1,43.2,87,96.4,542,39.3,221,91.5,138,5,59.8,336,1123,355,4.1,12.9,2.07,2023,19.0,,,,NO,34.0,,,76.0,19.0,-15.0,,,,229.3,0.28,2.64
Adam Thielen,8288,WR,CAR,17,8.0,3,75.7,50.0,6,12,0,3.7,4,-0.21,56,5,2,86.7,33.0,72.7,46.5,75.3,0.0,0,1,32,0.7,5,683,5,38.9,103,93.3,637,69.1,472,103.0,136,4,30.0,205,1014,350,3.4,9.8,1.59,2023,144.0,,,,CAR,146.0,,,137.0,64.0,-2.0,,,,229.0,0.22,2.2
Chris Godwin,11839,WR,TB,19,10.3,6,67.4,59.3,16,27,1,4.2,4,0.09,57,30,0,83.9,83.5,77.5,73.3,77.9,0.9,6,3,47,0.3,2,687,1,45.4,91,93.2,640,37.4,257,90.6,135,3,61.6,423,1109,413,4.5,12.2,1.73,2023,61.0,,,,TB,56.0,,,66.0,24.0,5.0,,,,207.2,0.23,2.38
DeAndre Hopkins,7808,WR,TEN,17,14.8,5,56.4,22.7,5,22,0,5.1,4,-0.12,48,31,0,77.4,82.1,81.0,62.3,82.3,0.0,0,6,61,0.2,1,543,4,38.8,75,93.0,505,20.3,110,80.9,133,7,79.0,429,1057,238,3.2,14.1,2.09,2023,46.0,,,,TEN,51.0,,,22.0,23.0,-5.0,,,,223.6,0.29,2.9
Calvin Ridley,48262,WR,JAX,17,13.9,4,57.6,36.4,8,22,0,8.4,7,-0.04,49,15,1,62.1,54.8,71.4,,72.2,0.0,0,4,59,0.0,0,688,3,48.1,76,94.0,647,18.6,128,89.7,132,8,81.4,560,1016,202,2.7,13.4,1.57,2023,23.0,,,,JAX,20.0,,,,9.0,3.0,,,,227.9,0.23,2.68
DJ Moore,48267,WR,CHI,17,11.9,16,72.7,53.6,15,28,2,2.0,2,-0.08,64,6,1,90.5,57.4,89.0,,89.5,0.0,0,2,58,0.0,0,615,3,43.3,96,96.1,591,21.6,133,119.6,132,8,78.0,480,1364,550,5.7,14.2,2.31,2023,36.0,,,,CHI,69.0,,,57.0,35.0,-33.0,,,,288.5,0.28,2.88
Rashee Rice,97605,WR,KC,20,5.0,16,80.2,14.3,1,7,0,2.8,3,0.0,59,16,3,90.2,23.6,84.9,71.7,86.1,0.5,3,1,67,0.7,4,579,2,46.9,105,93.6,542,49.7,288,122.0,131,8,49.4,286,1200,853,8.1,11.4,2.21,2023,138.0,,,,KC,196.0,,,,78.0,-58.0,,,,214.5,0.35,2.68
Terry McLaurin,48229,WR,WAS,17,12.2,7,61.7,50.0,13,26,0,4.8,4,-0.14,47,32,0,84.3,82.1,75.1,,74.5,0.1,1,4,48,0.0,0,676,0,44.2,79,95.1,643,15.2,103,83.5,128,4,84.6,572,1002,356,4.5,12.7,1.56,2023,54.0,,,,WAS,67.0,,,65.0,33.0,-13.0,,,,203.2,0.22,2.57
Amari Cooper,9437,WR,CLV,16,14.1,5,59.8,53.3,16,30,0,6.2,5,-0.17,54,8,2,55.4,50.0,79.9,68.1,79.6,0.0,0,6,75,0.2,1,629,1,41.0,76,94.1,592,21.6,136,88.3,127,5,78.1,491,1309,279,3.7,17.2,2.21,2023,32.0,,,,CLE,29.0,,,33.0,14.0,3.0,,,,227.0,0.26,3.15
Nico Collins,61441,WR,HST,17,11.4,21,72.2,47.1,8,17,0,4.2,4,0.09,62,13,1,83.5,83.3,91.4,,91.2,0.2,1,2,75,0.0,0,497,0,47.0,91,94.6,470,20.1,100,127.8,126,9,79.7,396,1461,646,7.1,16.1,3.11,2023,119.0,,,,HOU,122.0,,,206.0,53.0,-3.0,,,,258.4,0.39,3.19
DeVonta Smith,61100,WR,PHI,17,12.6,8,71.8,39.3,11,28,0,5.3,5,0.07,53,24,1,76.7,55.3,75.4,,77.1,0.0,0,3,63,0.0,0,668,1,46.2,89,95.2,636,31.1,208,111.4,124,7,68.3,456,1214,335,3.8,13.6,1.91,2023,22.0,,,,PHI,27.0,,,36.0,12.0,-5.0,,,,229.6,0.22,2.83
Brandon Aiyuk,84109,WR,SF,19,14.6,10,70.0,50.0,9,18,0,2.3,2,0.27,70,28,1,86.1,53.9,91.5,66.8,91.7,0.2,1,3,76,0.3,2,593,4,54.1,84,94.9,563,24.6,146,124.0,120,8,75.2,446,1491,390,4.6,17.8,2.65,2023,49.0,,,,SF,60.0,,,82.0,28.0,-11.0,,,,251.2,0.31,3.35
Tyler Lockett,9502,WR,SEA,17,12.0,2,67.5,36.4,8,22,0,4.8,4,0.02,47,29,0,74.6,82.3,78.1,,77.6,0.2,1,4,37,0.0,0,597,0,47.3,79,93.1,556,35.2,210,90.2,117,5,64.3,384,894,221,2.8,11.3,1.61,2023,58.0,,,,SEA,62.0,,,43.0,29.0,-4.0,,,,198.4,0.24,2.51
Zay Flowers,97268,WR,BLT,18,9.1,21,74.1,54.5,6,11,1,7.5,7,0.03,48,3,1,65.6,57.7,76.3,,75.2,0.0,0,1,75,0.0,0,626,2,49.5,86,93.9,588,31.0,194,113.9,116,6,69.0,432,1014,444,5.2,11.8,1.72,2023,76.0,,,,BAL,104.0,,,,47.0,-28.0,,,,204.4,0.23,2.4
George Pickens,99229,WR,PIT,18,13.6,7,59.6,32.0,8,25,1,4.2,3,-0.1,44,25,4,86.4,20.4,74.1,,74.7,0.0,0,4,86,0.0,0,617,5,42.7,68,94.2,581,16.4,101,95.3,114,5,83.6,516,1190,416,6.1,17.5,2.05,2023,62.0,,,,PIT,63.0,,,108.0,30.0,-1.0,,,,208.8,0.23,3.16
DK Metcalf,47864,WR,SEA,16,14.1,14,58.9,29.0,9,31,3,8.3,6,0.01,52,29,0,56.0,81.0,80.0,,82.3,0.0,0,4,73,0.0,0,585,8,46.2,66,93.2,545,16.1,94,101.6,112,8,83.9,491,1114,370,5.6,16.9,2.04,2023,29.0,,,,SEA,32.0,,,38.0,17.0,-3.0,,,,225.4,0.27,3.42
Jaylen Waddle,84088,WR,MIA,15,10.7,8,67.9,42.9,6,14,0,8.6,7,0.16,49,17,0,60.6,82.2,90.3,,90.6,0.2,1,4,60,0.0,0,430,0,50.6,74,96.5,415,24.7,106,95.5,109,4,74.0,318,1045,423,5.7,14.1,2.52,2023,18.0,,,,MIA,31.0,,,26.0,16.0,-13.0,,,,198.6,0.33,2.65
Deebo Samuel,48274,WR,SF,18,7.5,32,67.0,36.8,7,19,0,5.2,4,0.34,40,28,1,76.9,64.7,85.4,65.9,87.0,0.0,0,3,54,1.0,5,489,2,55.3,73,93.9,459,33.5,164,107.5,109,7,60.5,296,1038,632,8.7,14.2,2.26,2023,33.0,,,,SF,33.0,,,56.0,18.0,0.0,,,,243.7,0.34,2.51
Jakobi Meyers,47468,WR,LV,16,9.8,8,67.0,52.4,11,21,0,5.3,4,-0.1,46,23,0,75.3,82.1,69.9,71.8,71.8,0.0,0,4,33,0.4,2,561,6,44.9,71,94.7,531,28.0,157,99.1,106,8,71.8,403,807,243,3.4,11.4,1.52,2023,128.0,,,,LV,138.0,,,79.0,59.0,-10.0,,,,214.1,0.24,2.85
Drake London,86519,WR,ATL,16,11.7,4,65.1,51.5,17,33,0,4.2,3,-0.07,45,2,0,74.8,81.4,78.9,,78.9,0.0,0,4,45,0.0,0,511,1,44.7,69,94.9,485,26.2,134,82.5,106,2,73.8,377,905,195,2.8,13.1,1.87,2023,45.0,,,,ATL,50.0,,,114.0,22.0,-5.0,,,,171.5,0.2,2.49
Romeo Doubs,84329,WR,GB,19,12.9,3,65.7,53.6,15,28,0,5.5,4,0.13,49,12,1,74.5,47.6,73.6,,74.0,0.0,0,3,46,0.0,0,587,1,46.5,69,94.5,555,15.7,92,109.5,105,9,84.3,495,908,216,3.1,13.2,1.64,2023,108.0,,,,GB,127.0,,,162.0,55.0,-19.0,,,,174.4,0.21,2.96
Jordan Addison,123000,WR,MIN,17,12.5,5,67.3,40.9,9,22,1,4.1,3,0.0,38,18,0,80.3,81.4,68.6,,69.7,0.0,0,7,62,0.0,0,642,1,44.7,70,94.4,606,28.8,185,98.7,104,10,70.7,454,911,267,3.8,13.0,1.5,2023,72.0,,,,MIN,59.0,,,,27.0,13.0,,,,221.3,0.24,3.12
Elijah Moore,84302,WR,CLV,18,11.2,9,60.4,36.4,4,11,0,7.6,5,-0.21,29,8,1,65.6,51.1,58.9,0.0,60.6,0.0,0,3,42,0.2,1,647,1,39.9,61,94.0,608,44.0,285,73.5,101,2,53.5,346,652,206,3.4,10.7,1.07,2023,91.0,,,,CLE,114.0,,,280.0,50.0,-23.0,,,,136.1,0.15,2.0
Cooper Kupp,11824,WR,LA,13,8.6,11,64.0,45.5,5,11,0,7.2,5,0.06,35,26,0,61.3,81.1,71.5,69.5,71.1,0.0,0,3,62,0.6,3,464,2,44.8,64,93.1,432,61.9,287,91.4,100,5,37.5,174,764,336,5.3,11.9,1.77,2023,7.0,,,,LAR,16.0,,,1.0,7.0,-9.0,,,,162.4,0.23,2.71
Justin Jefferson,61398,WR,MIN,10,13.5,10,69.4,40.9,9,22,1,2.9,2,0.0,51,18,1,86.5,48.1,91.1,,91.2,0.0,0,3,52,0.0,0,391,1,45.4,68,94.4,369,30.2,118,109.8,98,5,69.6,272,1074,263,3.9,15.8,2.91,2023,1.0,,,,MIN,1.0,,,6.0,1.0,0.0,,,,204.2,0.37,2.96
Jayden Reed,78171,WR,GB,18,10.0,6,70.1,25.0,3,12,0,4.2,3,0.14,33,12,0,81.1,88.6,73.3,62.4,74.4,0.7,3,1,59,0.2,1,447,3,45.2,68,94.9,424,75.2,336,119.3,97,8,23.5,105,828,366,5.4,12.2,1.95,2023,161.0,,,,GB,164.0,,,,71.0,-3.0,,,,215.2,0.37,2.87
Marquise Brown,61568,WR,ARZ,14,12.7,5,54.3,23.8,5,21,1,5.6,3,-0.2,32,1,0,73.0,79.9,67.1,,68.1,0.0,0,3,41,0.0,0,499,4,41.1,51,92.2,460,20.0,100,73.6,94,4,79.8,398,574,167,3.3,11.3,1.25,2023,74.0,,,,ARI,74.0,,,78.0,38.0,0.0,,,,134.7,0.17,2.54
Diontae Johnson,33441,WR,PIT,14,12.7,7,59.8,33.3,6,18,1,3.5,2,-0.11,42,25,1,81.6,41.5,77.9,,79.1,0.0,0,2,71,0.0,0,433,4,44.2,55,93.1,403,22.4,97,99.2,92,6,77.6,336,765,285,5.2,13.9,1.9,2023,52.0,,,,PIT,43.0,,,210.0,21.0,9.0,,,,152.7,0.26,2.99
Tyler Boyd,10689,WR,CIN,17,7.2,11,73.6,40.0,6,15,0,4.3,3,-0.02,28,7,0,73.8,81.5,59.5,66.2,64.4,0.0,0,4,64,0.2,1,611,2,46.3,67,94.4,577,85.3,521,83.0,91,2,14.6,89,667,287,4.3,10.0,1.16,2023,112.0,,,,CIN,116.0,,,131.0,52.0,-4.0,,,,146.8,0.18,2.13
Jaxon Smith-Njigba,129758,WR,SEA,17,6.4,6,70.0,25.0,3,12,0,11.3,8,-0.04,29,29,0,47.1,80.6,63.3,65.4,63.9,0.0,0,2,35,0.2,1,507,1,43.9,63,94.1,477,69.0,350,95.0,90,4,31.0,157,628,370,5.9,10.0,1.32,2023,68.0,,,,SEA,72.0,,,,36.0,-4.0,,,,149.8,0.22,2.38
Brandin Cooks,8655,WR,DAL,17,13.5,3,67.4,50.0,9,18,1,1.6,1,0.22,42,9,1,83.5,57.3,68.7,,69.8,0.0,0,5,37,0.0,0,635,1,51.7,60,93.5,594,35.9,228,97.8,89,8,64.1,407,704,134,2.2,11.7,1.19,2023,84.0,,,,DAL,76.0,,,129.0,40.0,8.0,,,,171.2,0.21,2.9
Courtland Sutton,48164,WR,DEN,16,13.0,3,67.8,57.1,12,21,0,10.6,7,-0.05,37,10,3,52.3,21.7,75.6,80.7,75.2,1.0,5,2,46,0.6,3,506,6,44.6,59,92.5,468,21.7,110,124.5,87,10,77.3,391,777,166,2.8,13.2,1.66,2023,87.0,,,,DEN,77.0,,,125.0,41.0,10.0,,,,196.7,0.25,3.33
Curtis Samuel,11795,WR,WAS,16,7.1,6,72.9,50.0,9,18,2,6.1,4,-0.22,26,32,0,71.3,81.7,69.7,75.0,70.4,0.9,4,4,37,0.7,3,430,2,41.5,62,93.5,402,70.2,302,89.0,85,4,26.5,114,613,265,4.3,9.9,1.52,2023,175.0,,,,WAS,163.0,,,100.0,70.0,12.0,,,,157.2,0.28,2.28
Jerry Jeudy,61103,WR,DEN,16,13.6,14,64.3,23.1,3,13,0,6.9,4,-0.09,28,10,1,67.2,40.4,67.8,,68.1,0.0,0,3,47,0.0,0,492,0,43.5,54,93.5,460,59.1,291,86.3,84,2,39.8,196,758,317,5.9,14.0,1.65,2023,55.0,,,,DEN,73.0,,,46.0,37.0,-18.0,,,,141.8,0.21,2.63
Jonathan Mingo,97774,WR,CAR,15,10.6,5,51.8,36.4,4,11,0,8.5,4,-0.22,15,5,1,60.7,31.2,54.7,76.4,52.6,0.0,0,2,40,1.0,6,578,2,38.8,43,93.3,539,33.7,195,56.2,83,0,66.1,382,418,161,3.7,9.7,0.78,2023,152.0,,,,CAR,141.0,,,,62.0,11.0,,,,84.8,0.09,1.97
Christian Kirk,47546,WR,JAX,12,10.7,6,71.3,28.6,2,7,1,6.6,4,0.02,34,15,2,68.2,26.7,71.1,75.7,72.7,0.0,0,2,57,0.2,1,408,1,48.3,57,93.1,380,71.3,291,104.5,80,3,27.9,114,787,251,4.4,13.8,2.07,2023,57.0,,,,JAX,65.0,,,34.0,31.0,-8.0,,,,154.3,0.26,2.66
Jahan Dotson,84375,WR,WAS,17,10.0,1,62.0,33.3,4,12,2,7.5,4,-0.14,27,32,0,64.3,79.2,57.7,66.1,58.5,0.0,0,7,33,0.1,1,675,3,43.4,49,94.1,635,42.1,284,61.0,79,4,57.9,391,518,118,2.4,10.6,0.82,2023,64.0,,,,WAS,66.0,,,71.0,32.0,-2.0,,,,124.8,0.14,2.55
Gabe Davis,55410,WR,BUF,17,15.6,7,57.7,50.0,7,14,0,8.2,4,0.17,34,4,1,63.6,36.2,67.9,65.3,68.7,0.5,3,6,57,1.2,7,598,0,51.1,45,92.8,555,16.7,100,87.9,78,7,82.4,493,746,179,4.0,16.6,1.34,2023,69.0,,,,BUF,57.0,,,62.0,25.0,12.0,,,,161.4,0.17,3.51
Darius Slayton,25578,WR,NYG,17,12.5,11,65.8,18.2,2,11,0,5.7,3,-0.08,29,21,0,71.4,79.6,67.5,68.1,68.2,0.2,1,2,80,0.2,1,584,0,42.6,50,95.5,558,33.4,195,105.7,76,4,66.4,388,770,302,6.0,15.4,1.38,2023,194.0,,,,NYG,147.0,,,136.0,65.0,47.0,,,,151.0,0.17,3.02
Robert Woods,7822,WR,HST,16,9.9,1,55.3,38.1,8,21,1,8.7,4,-0.08,27,13,0,59.9,83.7,60.7,39.3,61.0,0.4,2,1,26,0.4,2,479,3,42.4,42,93.5,448,55.5,266,71.3,76,1,42.2,202,443,136,3.2,10.5,0.99,2023,222.0,,,,HOU,199.0,,,241.0,81.0,23.0,,,,89.3,0.13,2.18
Josh Reynolds,11872,WR,DET,20,11.7,11,64.0,57.1,8,14,1,9.4,5,0.15,39,11,1,56.7,35.3,70.1,61.6,69.2,0.0,0,1,33,0.2,1,608,3,50.4,48,95.4,580,34.9,212,117.6,75,6,65.1,396,740,221,4.6,15.4,1.28,2023,238.0,,,,DET,197.0,,,122.0,79.0,41.0,,,,130.8,0.16,3.27
Tank Dell,78874,WR,HST,11,14.4,3,63.5,60.0,6,10,0,7.8,4,0.18,33,13,0,64.5,85.5,83.4,,83.3,0.0,0,2,68,0.0,0,338,1,49.5,47,94.7,320,28.7,97,115.2,74,7,70.1,237,709,145,3.1,15.1,2.22,2023,176.0,,,,HOU,242.0,,,,99.0,-66.0,,,,165.0,0.33,2.84
Tee Higgins,61211,WR,CIN,12,13.1,4,56.8,34.8,8,23,1,12.5,6,-0.07,33,7,0,45.9,78.5,72.1,65.7,70.9,0.2,1,1,80,0.2,1,419,3,44.1,42,94.5,396,17.4,73,103.2,74,5,82.3,345,656,235,5.6,15.6,1.66,2023,25.0,,,,CIN,28.0,,,37.0,13.0,-3.0,,,,137.6,0.24,3.28
KJ Osborn,23503,WR,MIN,16,9.2,1,65.8,25.0,3,12,0,12.7,7,-0.02,28,18,1,35.7,79.0,53.9,73.6,54.3,0.0,0,3,47,0.3,2,594,2,43.6,48,93.9,558,35.4,210,84.3,73,3,64.6,384,540,186,3.9,11.3,0.97,2023,154.0,,,,MIN,198.0,,,109.0,80.0,-44.0,,,,120.0,0.15,2.5
Rashid Shaheed,63707,WR,NO,15,14.6,4,64.8,55.6,5,9,0,4.2,2,0.0,27,20,0,77.0,71.6,69.0,,69.4,0.0,0,3,58,0.0,0,446,3,41.8,46,96.6,431,47.1,210,104.1,71,5,52.2,233,719,155,3.4,15.6,1.67,2023,177.0,,,,NO,200.0,,,150.0,82.0,-23.0,,,,151.6,0.25,2.86
Trey Palmer,99248,WR,TB,19,11.1,3,60.0,33.3,6,18,0,6.7,3,0.08,19,30,3,67.4,19.7,53.3,,54.8,0.2,1,1,56,0.0,0,538,5,44.6,42,92.9,500,55.4,298,93.3,70,4,44.2,238,473,173,4.1,11.3,0.95,2023,240.0,,,,TB,237.0,,,,94.0,3.0,,,,97.7,0.14,2.33
Odell Beckham,8647,WR,BLT,16,15.0,3,56.5,45.5,5,11,0,2.5,1,0.01,29,3,1,82.6,29.7,75.4,,77.0,0.0,0,1,51,0.0,0,361,2,48.5,39,92.0,332,13.0,47,93.8,69,3,87.0,314,599,162,4.2,15.4,1.8,2023,109.0,,,,BAL,103.0,,,,46.0,6.0,,,,109.5,0.24,3.13
Tutu Atwell,77965,WR,LA,17,11.6,1,59.7,45.5,5,11,0,7.0,3,0.05,27,26,0,66.8,79.6,68.3,,66.6,0.0,0,2,44,0.0,0,441,0,46.6,40,92.5,408,43.5,192,91.7,67,4,56.5,249,521,130,3.3,13.0,1.28,2023,242.0,,,,LAR,238.0,,,253.0,95.0,4.0,,,,108.4,0.16,2.46
Quentin Johnston,123085,WR,LAC,17,13.0,5,58.5,31.8,7,22,0,5.0,2,-0.02,20,27,0,64.3,78.6,58.9,,58.7,0.0,0,1,57,0.0,0,514,1,44.9,38,94.9,488,10.7,55,82.3,65,2,89.3,459,431,152,4.0,11.3,0.88,2023,86.0,,,,LAC,128.0,,,,56.0,-42.0,,,,94.0,0.13,2.29
Michael Thomas,10681,WR,NO,10,10.7,4,61.9,47.1,8,17,1,2.5,1,0.05,21,20,0,81.8,77.9,67.4,,67.8,0.0,0,1,31,0.0,0,333,2,45.1,39,97.3,324,28.5,95,82.0,63,1,71.5,238,448,106,2.7,11.5,1.38,2023,95.0,,,,NO,102.0,,,,45.0,-7.0,,,,89.8,0.18,2.3
Alec Pierce,78038,WR,IND,17,15.7,1,50.8,42.9,9,21,0,5.9,2,-0.03,24,14,0,69.5,77.0,58.1,66.3,56.6,0.0,0,1,58,0.2,1,649,2,42.1,32,93.2,605,13.1,85,82.4,63,2,86.9,564,514,94,2.9,16.1,0.85,2023,163.0,,,,IND,184.0,,,194.0,72.0,-21.0,,,,95.4,0.09,2.98
Michael Gallup,26075,WR,DAL,18,11.2,4,64.5,35.0,7,20,0,7.0,3,0.22,23,9,0,65.5,78.0,63.4,,64.5,0.0,0,2,42,0.0,0,474,0,52.1,40,93.5,443,10.3,49,88.2,62,2,89.7,425,521,141,3.5,13.0,1.18,2023,148.0,,,,DAL,160.0,,,192.0,67.0,-12.0,,,,87.8,0.14,2.58
Zay Jones,11792,WR,JAX,9,14.1,0,54.8,35.7,5,14,0,2.9,1,0.0,13,15,0,79.4,77.1,61.2,66.2,61.5,0.0,0,2,36,0.3,1,325,0,49.4,34,94.5,307,28.9,94,66.7,62,2,71.1,231,321,61,1.8,9.4,1.05,2023,122.0,,,,JAX,115.0,,,58.0,51.0,7.0,,,,78.1,0.16,2.3
DJ Chark,47702,WR,CAR,15,15.2,1,56.5,58.8,10,17,0,12.5,5,-0.21,22,5,2,46.1,21.7,60.0,,60.0,0.0,0,0,47,0.0,0,521,0,40.3,35,93.3,486,24.6,128,111.3,62,5,75.4,393,525,92,2.6,15.0,1.08,2023,171.0,,,,CAR,161.0,,,121.0,68.0,10.0,,,,117.5,0.15,3.36
Rondale Moore,62890,WR,ARZ,17,6.3,7,65.6,28.6,2,7,0,11.1,5,-0.16,17,1,1,52.5,51.2,53.6,,50.5,0.0,0,0,48,0.0,0,517,0,39.5,40,92.6,479,68.3,353,86.2,61,1,26.3,136,352,214,5.4,8.8,0.73,2023,166.0,,,,ARI,195.0,,,99.0,77.0,-29.0,,,,105.0,0.14,1.54
Rashod Bateman,84296,WR,BLT,18,14.6,3,59.0,50.0,7,14,1,10.0,4,0.04,22,3,0,55.9,78.0,61.0,,60.1,0.2,1,3,29,0.0,0,409,1,48.8,36,95.1,389,10.3,42,64.1,61,1,89.5,366,408,72,2.0,11.3,1.05,2023,96.0,,,,BAL,91.0,,,103.0,44.0,5.0,,,,76.5,0.13,2.32
Joshua Palmer,62979,WR,LAC,10,12.3,2,63.3,46.7,7,15,0,7.3,3,-0.03,22,27,1,66.3,29.7,69.0,,69.0,0.0,0,1,79,0.0,0,369,1,45.9,38,92.7,342,38.8,143,99.4,60,2,61.0,225,581,188,4.9,15.3,1.7,2023,203.0,,,,LAC,209.0,,,127.0,85.0,-6.0,,,,108.7,0.21,2.79
Michael Wilson,84423,WR,ARZ,13,14.1,6,64.4,47.1,8,17,1,2.6,1,-0.04,29,1,0,81.9,77.9,68.3,68.1,68.7,0.0,0,2,69,0.2,1,444,3,43.3,38,93.5,415,25.9,115,98.5,59,3,74.1,329,565,143,3.8,14.9,1.36,2023,193.0,,,,ARI,217.0,,,,90.0,-24.0,,,,112.5,0.16,2.96
Christian Watson,66581,WR,GB,11,16.2,2,53.6,33.3,6,18,0,6.3,2,0.04,21,12,0,67.3,77.5,68.2,65.5,70.3,2.2,7,6,77,0.3,1,316,2,45.2,30,94.3,298,34.2,108,69.8,56,5,63.6,201,442,122,4.1,14.7,1.48,2023,40.0,,,,GB,58.0,,,47.0,26.0,-18.0,,,,101.3,0.23,3.17
Kendrick Bourne,12270,WR,NE,8,10.5,5,67.3,0.0,0,4,0,0.0,0,-0.28,15,19,1,90.0,29.3,67.2,,69.7,0.0,0,4,36,0.0,0,247,3,40.4,37,95.1,235,30.4,75,82.8,55,4,69.6,172,406,208,5.6,11.0,1.73,2023,237.0,,,,NE,212.0,,,,88.0,25.0,,,,102.0,0.27,2.68
Darnell Mooney,48236,WR,CHI,15,11.3,4,56.4,18.2,2,11,1,13.9,5,-0.1,20,6,0,41.0,77.1,55.2,39.6,58.9,0.6,3,4,41,0.8,4,489,1,43.2,31,95.3,466,65.4,320,56.2,55,1,32.5,159,414,185,6.0,13.4,0.89,2023,133.0,,,,CHI,185.0,,,171.0,73.0,-52.0,,,,78.9,0.1,2.39
DeVante Parker,9447,WR,NE,13,11.3,2,60.0,52.6,10,19,0,8.3,3,-0.39,17,19,0,61.3,77.1,61.2,,62.5,0.0,0,2,30,0.0,0,362,1,37.4,33,96.1,348,16.3,59,66.8,55,0,83.7,303,394,131,4.0,11.9,1.13,2023,180.0,,,,NE,133.0,,,112.0,57.0,47.0,,,,72.4,0.13,2.19
Marquez Valdes-Scantling,47809,WR,KC,20,17.8,2,55.8,42.9,3,7,1,9.4,3,0.1,19,16,1,57.8,27.2,52.1,,52.9,0.0,0,1,46,0.0,0,608,3,49.6,29,93.6,569,32.6,198,88.9,52,2,67.4,410,443,101,3.5,15.3,0.78,2023,141.0,,,,KC,142.0,,,174.0,63.0,-1.0,,,,58.5,0.09,2.79
Jameson Williams,101701,WR,DET,15,16.4,5,58.8,58.3,7,12,0,14.3,5,0.09,19,11,1,41.3,28.6,62.9,61.8,61.8,0.0,0,2,63,0.3,1,342,0,49.5,30,97.1,332,35.4,121,89.7,51,3,64.6,221,433,106,3.5,14.4,1.3,2023,127.0,,,,DET,162.0,,,119.0,69.0,-35.0,,,,80.3,0.18,2.97
Allen Lazard,48135,WR,NYJ,14,12.2,1,47.9,23.5,4,17,0,17.9,5,-0.32,17,22,0,31.7,75.3,52.7,74.9,52.6,0.2,1,1,39,0.4,2,483,5,35.2,23,94.2,455,22.2,107,67.3,48,1,77.6,375,311,57,2.5,13.5,0.68,2023,125.0,,,,NYJ,123.0,,,106.0,54.0,2.0,,,,60.1,0.09,2.61
JuJu Smith-Schuster,11817,WR,NE,11,7.5,0,63.0,61.5,8,13,0,9.4,3,-0.24,13,19,0,57.0,76.3,57.0,,59.0,0.4,1,4,37,0.0,0,256,4,40.7,29,96.1,246,43.4,111,49.2,46,1,56.3,144,260,95,3.3,9.0,1.06,2023,115.0,,,,NE,90.0,,,97.0,43.0,25.0,,,,61.0,0.13,2.1
Kalif Raymond,11028,WR,DET,17,8.8,3,81.4,0.0,0,2,0,2.8,1,0.04,20,11,0,79.9,89.7,75.4,28.2,75.8,0.8,2,0,41,0.4,1,247,2,49.4,35,95.5,236,49.0,121,121.8,43,1,49.0,121,489,214,6.1,14.0,2.07,2023,282.0,,,,DET,240.0,,,,97.0,42.0,,,,97.4,0.28,2.32
Van Jefferson,47447,WR,ATL,17,16.9,0,47.6,37.5,3,8,1,13.0,3,0.0,10,2,0,47.8,75.0,49.6,,51.9,0.0,0,4,46,0.0,0,395,5,46.3,20,95.2,376,39.7,157,22.9,42,0,60.3,238,209,23,1.2,10.5,0.56,2023,143.0,,,,LAR,113.0,,,221.0,49.0,30.0,,,,41.3,0.07,1.97
Jauan Jennings,48027,WR,SF,16,10.4,6,69.0,50.0,4,8,0,3.3,1,0.28,20,28,0,76.7,76.8,74.1,73.0,72.4,0.0,0,1,31,0.9,3,326,3,52.4,29,92.9,303,57.7,188,102.9,42,2,42.3,138,376,130,4.5,13.0,1.24,2023,261.0,,,,SF,247.0,,,293.0,101.0,14.0,,,,51.5,0.14,2.71
Jalin Hyatt,124282,WR,NYG,17,20.7,1,57.5,40.0,4,10,0,14.8,4,-0.09,11,21,1,44.0,26.2,59.7,,58.5,0.0,0,2,58,0.0,0,403,0,41.0,23,96.3,388,11.7,47,68.0,40,0,88.3,356,373,53,2.3,16.2,0.96,2023,158.0,,,,NYG,187.0,,,,75.0,-29.0,,,,60.3,0.11,2.62
Kadarius Toney,61245,WR,KC,13,2.9,10,73.0,0.0,0,2,0,12.9,4,-0.02,12,16,1,37.4,38.3,62.5,,62.9,0.6,1,2,18,0.0,0,161,1,51.0,27,94.4,152,46.0,74,68.4,37,1,47.2,76,169,136,5.0,6.3,1.11,2023,102.0,,,,KC,105.0,,,182.0,48.0,-3.0,,,,53.0,0.23,1.39
Hunter Renfrow,47509,WR,LV,17,5.4,5,67.6,0.0,0,4,0,19.4,6,-0.1,11,23,1,29.7,26.8,48.6,,50.4,0.0,0,0,38,0.0,0,271,0,46.4,25,96.3,261,91.5,248,87.1,37,0,8.1,22,255,152,6.1,10.2,0.98,2023,191.0,,,,LV,188.0,,,183.0,76.0,3.0,,,,50.5,0.14,2.02
Skyy Moore,97116,WR,KC,14,9.3,4,58.3,25.0,1,4,0,4.5,1,0.09,13,16,0,72.8,26.3,54.8,,54.9,1.3,4,3,54,0.0,0,307,0,52.2,21,94.1,289,34.9,107,53.5,36,1,63.2,194,244,111,5.3,11.6,0.84,2023,89.0,,,,KC,134.0,,,300.0,58.0,-45.0,,,,53.7,0.11,2.24
Marvin Mims,122937,WR,DEN,16,15.2,4,68.8,28.6,2,7,0,4.3,1,-0.12,9,10,0,73.7,62.8,63.1,,64.6,0.0,0,1,60,0.0,0,264,1,41.2,22,92.8,245,28.4,75,105.9,32,1,70.8,187,377,156,7.1,17.1,1.54,2023,124.0,,,,DEN,148.0,,,,66.0,-24.0,,,,68.7,0.18,2.22
Isaiah Hodgins,52130,WR,NYG,17,8.9,1,65.6,33.3,4,12,1,4.5,1,-0.26,12,21,1,72.1,25.0,56.4,73.8,56.6,0.0,0,0,24,1.4,4,296,2,39.8,21,92.9,275,17.6,52,118.0,32,3,82.4,244,230,72,3.4,11.0,0.84,2023,168.0,,,,NYG,139.0,,,73.0,60.0,29.0,,,,62.0,0.12,2.95
Treylon Burks,99218,WR,TEN,11,17.7,1,55.2,28.6,2,7,2,20.0,4,-0.11,8,31,0,31.9,75.7,52.4,74.6,52.6,0.0,0,0,70,0.7,2,287,4,36.4,16,92.7,266,31.0,89,79.8,29,0,68.6,197,221,72,4.5,13.8,0.83,2023,98.0,,,,TEN,89.0,,,213.0,42.0,9.0,,,,39.9,0.09,1.9
Mecole Hardman,42683,WR,KC,14,7.9,3,69.0,33.3,1,3,0,9.1,2,-0.2,10,16,1,58.1,22.0,55.2,,60.4,0.6,1,2,52,0.0,0,154,1,36.6,20,92.2,142,55.2,85,69.0,29,1,41.6,64,186,122,6.1,9.3,1.31,2023,205.0,,,,NYJ,210.0,,,70.0,86.0,-5.0,,,,27.7,0.18,1.73
Mack Hollins,11873,WR,ATL,13,13.4,0,64.3,60.0,3,5,0,0.0,0,-0.24,9,2,0,82.7,73.9,64.6,66.1,64.8,0.6,1,0,45,0.6,1,168,1,44.4,18,95.8,161,26.2,44,93.0,28,0,73.2,123,251,59,3.3,13.9,1.56,2023,223.0,,,,ATL,208.0,,,135.0,84.0,15.0,,,,43.1,0.13,2.39
Parris Campbell,47940,WR,NYG,10,3.0,2,74.1,66.7,2,3,0,4.8,1,-0.32,2,21,0,71.3,78.3,51.4,67.1,50.9,1.3,2,2,17,0.7,1,151,0,42.3,20,93.4,141,80.8,122,49.0,27,0,17.2,26,104,68,3.4,5.2,0.74,2023,198.0,,,,NYG,236.0,,,153.0,93.0,-38.0,,,,30.4,0.15,1.52
Quez Watkins,61664,WR,PHI,9,10.4,1,72.0,57.1,4,7,0,0.0,0,-0.15,8,24,0,82.7,74.5,59.2,,59.3,0.0,0,2,19,0.0,0,239,0,41.8,18,94.1,225,61.1,146,67.8,25,1,38.9,93,154,66,3.7,8.6,0.68,2023,248.0,,,,PHI,241.0,,,252.0,98.0,7.0,,,,35.2,0.12,2.35
Mike Williams,11762,WR,LAC,3,12.4,4,76.0,71.4,5,7,0,0.0,0,0.28,9,27,0,83.2,74.5,74.6,,73.5,0.9,1,0,49,0.0,0,113,0,57.0,19,94.7,107,28.3,32,120.3,25,1,70.8,80,249,105,5.5,13.1,2.33,2023,42.0,,,,LAC,30.0,,,49.0,15.0,12.0,,,,50.2,0.3,2.51
Donovan Peoples-Jones,61439,WR,DET,17,11.5,2,54.2,100.0,1,1,0,0.0,0,-0.16,7,11,0,80.0,83.6,52.7,79.4,53.3,0.0,0,2,29,1.7,5,286,2,41.4,13,91.3,261,31.5,90,39.4,24,0,68.5,196,155,34,2.6,11.9,0.59,2023,172.0,,,,CLE,140.0,,,152.0,61.0,32.0,,,,28.5,0.06,2.19
Deonte Harty,91470,WR,BUF,18,9.9,4,73.9,50.0,1,2,0,0.0,0,0.15,10,4,0,82.2,62.8,68.9,,69.7,0.0,0,2,43,0.0,0,136,0,48.8,17,93.4,127,52.9,72,75.8,23,1,42.6,58,187,110,6.5,11.0,1.47,2023,228.0,,,,BUF,201.0,,,300.0,83.0,27.0,,,,36.0,0.23,1.89
Tyquan Thornton,78092,WR,NE,9,10.8,0,59.1,33.3,1,3,0,13.3,2,-0.07,3,19,0,47.7,73.8,57.6,,54.4,0.0,0,0,15,0.0,0,141,0,43.1,13,97.2,137,22.7,32,68.6,22,0,77.3,109,91,48,3.7,7.0,0.66,2023,262.0,,,,NE,249.0,,,175.0,103.0,13.0,,,,27.2,0.12,1.7
Chase Claypool,42312,WR,MIA,11,12.6,2,42.1,0.0,0,5,0,11.1,1,-0.4,4,17,0,54.5,70.1,55.1,70.4,58.1,0.0,0,3,20,1.6,2,123,2,38.7,8,95.1,117,25.2,31,32.0,19,1,74.8,92,77,26,3.3,9.6,0.66,2023,213.0,,,,CHI,186.0,,,170.0,74.0,27.0,,,,21.7,0.11,2.71
Richie James,28991,WR,KC,13,8.1,2,61.1,25.0,1,4,0,15.4,2,0.09,6,16,0,43.5,58.5,56.3,,56.0,0.8,1,0,45,0.0,0,132,0,43.8,11,98.5,130,50.8,67,80.8,18,0,47.0,62,120,63,5.7,10.9,0.92,2023,212.0,,,,KC,216.0,,,140.0,89.0,-4.0,,,,21.4,0.16,2.14
Randall Cobb,6216,WR,NYJ,11,9.2,0,29.4,0.0,0,3,0,28.6,2,-0.39,3,22,0,29.7,70.3,47.6,,50.0,0.0,0,2,15,0.0,0,158,0,31.1,5,95.6,151,74.7,118,19.6,17,1,25.3,40,39,25,5.0,7.8,0.26,2023,239.0,,,,NYJ,218.0,,,,91.0,21.0,,,,14.9,0.07,2.98
Justyn Ross,78021,WR,KC,10,9.4,0,54.5,33.3,1,3,0,25.0,2,0.02,2,16,0,29.8,68.8,48.7,,51.0,0.0,0,0,20,0.0,0,85,1,46.8,6,92.9,79,21.2,18,67.6,11,0,78.8,67,53,14,2.3,8.8,0.67,2023,189.0,,,,KC,235.0,,,,92.0,-46.0,,,,11.3,0.08,1.88
Marvin Jones,7158,WR,DET,6,7.4,0,55.6,,0,0,0,16.7,1,0.27,2,11,1,45.8,16.0,43.8,72.7,44.3,0.0,0,0,16,2.0,2,101,0,55.8,5,92.1,93,26.7,27,64.1,9,0,73.3,74,34,9,1.8,6.8,0.37,2023,246.0,,,,DET,239.0,,,223.0,96.0,7.0,,,,8.4,0.05,1.68
Ja'Marr Chase,84270,WR,CIN,17,9.0,24,74.3,41.7,10,24,0,7.3,10,0.12,75,7,0,55.9,85.3,85.8,,84.9,0.0,0,7,70,0.0,0,758,1,52.8,127,93.5,709,33.6,255,121.7,171,17,64.6,490,1708,797,6.3,13.4,2.41,2024,4.9,,,,Bengals,9.0,-0.84,21.0,9.0,,,,,,403.0,0.38,3.1
Malik Nabers,146759,WR,NYG,15,9.7,18,66.1,46.2,18,39,1,6.8,8,-0.16,55,21,1,71.5,61.8,86.7,,87.1,0.0,0,2,59,0.0,0,602,6,41.3,109,92.4,556,27.1,163,96.6,165,7,72.6,437,1204,475,4.4,11.0,2.17,2024,24.5,,,,Giants,24.0,0.02,,,,,,,,271.6,0.31,2.38
Justin Jefferson,61398,WR,MIN,18,12.1,11,68.4,54.8,17,31,1,5.3,6,0.06,64,18,1,79.8,60.9,86.6,,88.0,0.0,0,6,97,0.0,0,711,3,50.2,108,92.3,656,26.7,190,106.3,158,10,71.7,510,1591,496,4.6,14.7,2.43,2024,6.3,,,,Vikings,4.0,0.37,9.0,6.0,,,,,,316.6,0.3,3.04
Garrett Wilson,97405,WR,NYJ,17,9.4,22,66.4,51.7,15,29,0,5.6,6,-0.01,60,22,2,76.7,32.7,78.9,,79.3,0.0,0,5,42,0.0,0,696,5,44.7,101,93.8,653,30.2,210,89.4,152,7,69.1,481,1104,446,4.4,10.9,1.69,2024,10.0,,,,Jets,10.0,0.0,91.0,55.0,,,,,,253.9,0.25,2.47
Drake London,86519,WR,ATL,17,11.2,16,67.1,57.9,22,38,0,4.8,5,-0.02,67,2,0,80.8,83.6,87.8,75.7,90.1,0.2,1,7,39,1.3,8,595,7,47.9,100,92.1,548,39.0,232,94.1,149,9,60.8,362,1271,328,3.3,12.7,2.32,2024,15.8,,,,Falcons,25.0,-0.58,98.0,114.0,,,,,,280.8,0.27,2.78
Amon-Ra St Brown,84470,WR,DET,18,8.3,13,83.1,67.7,21,31,1,1.6,2,0.25,78,11,1,91.2,64.0,89.3,76.2,90.2,0.0,0,1,66,0.3,2,618,3,53.7,123,96.6,597,52.6,325,130.3,148,12,46.3,286,1400,468,3.8,11.4,2.35,2024,5.6,,,,Lions,8.0,-0.43,8.0,23.0,,,,,,313.9,0.31,2.68
CeeDee Lamb,61570,WR,DAL,15,8.3,20,69.2,58.1,18,31,0,9.8,11,-0.09,54,9,1,50.3,62.4,77.3,67.1,79.9,0.2,1,6,65,0.2,1,574,7,42.4,101,91.6,526,50.3,289,90.4,146,6,48.1,276,1194,544,5.4,11.8,2.27,2024,2.3,,,,Cowboys,2.0,0.13,4.0,19.0,,,,,,263.4,0.32,2.29
Jerry Jeudy,61103,WR,CLV,17,11.3,8,63.4,38.1,8,21,1,10.0,10,-0.24,57,8,0,48.5,83.0,73.5,,74.9,0.4,3,2,89,0.0,0,761,8,40.3,90,93.8,714,35.0,266,94.5,142,4,64.1,488,1229,391,4.3,13.7,1.72,2024,124.0,,,,Browns,122.0,0.02,215.0,46.0,,,,,,236.9,0.22,2.63
Courtland Sutton,48164,WR,DEN,18,14.0,1,61.0,57.1,20,35,0,11.3,11,0.02,61,10,1,41.8,54.6,75.5,62.4,77.0,0.0,0,7,47,0.2,1,651,1,45.0,86,94.5,615,17.5,114,85.3,141,8,82.3,536,1156,198,2.3,13.4,1.88,2024,92.1,,,,Broncos,86.0,0.07,75.0,125.0,,,,,,237.1,0.25,2.93
DJ Moore,48267,WR,CHI,17,7.3,15,71.5,47.6,10,21,0,3.0,3,-0.11,43,6,1,82.5,62.0,73.5,,73.3,0.0,0,3,44,0.0,0,728,5,41.0,98,91.9,669,27.6,201,96.5,137,6,71.6,521,966,596,6.1,9.9,1.44,2024,30.4,,,,Bears,40.0,-0.32,16.0,57.0,,,,,,238.1,0.22,2.13
Terry McLaurin,48229,WR,WAS,20,13.5,10,70.6,65.8,25,38,0,5.0,5,0.18,66,32,0,80.2,57.4,82.1,67.0,84.8,0.0,0,2,86,0.3,2,717,1,51.9,96,93.6,671,15.3,110,134.5,136,16,84.7,607,1323,422,4.4,13.8,1.97,2024,50.0,,,,Commanders,54.0,-0.08,88.0,65.0,,,,,,269.8,0.29,3.21
Davante Adams,8688,WR,NYJ,14,9.1,12,63.0,50.0,13,26,0,10.5,10,-0.08,49,22,0,51.1,82.8,75.8,,76.8,0.0,0,3,71,0.0,0,558,2,44.4,85,93.5,522,46.4,259,97.9,135,8,53.4,298,1063,468,5.5,12.5,2.04,2024,23.6,,,,Raiders,23.0,0.03,33.0,7.0,,,,,,239.3,0.3,2.82
Jaxon Smith-Njigba,129758,WR,SEA,17,9.2,11,75.2,46.2,12,26,1,2.0,2,0.02,55,29,1,90.7,60.2,81.0,,83.5,0.0,0,4,46,0.0,0,671,3,48.6,100,93.1,625,83.6,561,102.6,133,6,15.6,105,1130,482,4.8,11.3,1.81,2024,74.8,,,,Seahawks,67.0,0.1,166.0,,,,,,,251.6,0.27,2.4
Wan'Dale Robinson,101735,WR,NYG,17,5.1,19,70.5,58.6,17,29,1,7.0,7,-0.16,36,21,0,64.2,83.2,63.4,67.8,64.6,0.2,1,2,35,0.2,1,622,4,41.4,93,93.1,579,78.1,486,84.1,132,3,21.1,131,699,374,4.0,7.5,1.21,2024,171.7,,,,Giants,199.0,-0.16,148.0,157.0,,,,,,182.7,0.21,1.9
Brian Thomas,146760,WR,JAX,17,11.9,9,67.4,50.0,8,16,0,6.5,6,-0.06,53,15,0,67.7,83.6,82.0,,83.4,0.0,0,5,85,0.0,0,553,4,44.0,87,94.6,523,28.4,157,109.4,129,10,71.4,395,1282,572,6.6,14.7,2.45,2024,71.6,,,,Jaguars,59.0,0.18,,,,,,,,280.0,0.34,3.01
Jakobi Meyers,47468,WR,LV,15,10.7,5,69.0,66.7,16,24,0,0.0,0,-0.07,52,23,0,90.9,83.2,77.7,70.7,78.5,0.0,0,4,43,0.3,2,628,4,44.1,87,93.0,584,34.1,214,90.9,126,4,65.8,413,1027,298,3.4,11.8,1.76,2024,117.7,,,,Raiders,132.0,-0.12,65.0,79.0,,,,,,216.0,0.24,2.43
Puka Nacua,100632,WR,LA,13,8.3,23,72.6,35.0,7,20,0,5.3,5,0.13,53,26,0,72.1,84.0,92.5,75.5,92.6,2.7,10,1,51,0.8,3,374,2,49.0,90,93.6,350,29.9,112,105.3,124,3,66.3,248,1131,581,6.5,12.6,3.23,2024,11.7,,,,Rams,12.0,-0.03,14.0,,,,,,,206.6,0.43,2.3
Ladd McConkey,124030,WR,LAC,17,10.7,14,73.4,62.5,15,24,0,6.2,6,0.04,60,27,2,73.6,36.7,84.3,,85.0,0.5,3,2,86,0.0,0,554,1,44.3,91,93.7,519,69.3,384,123.3,124,8,30.0,166,1346,477,5.2,14.8,2.59,2024,78.5,,,,Chargers,82.0,-0.04,,,,,,,,238.9,0.33,2.91
Tyreek Hill,10799,WR,MIA,17,11.9,12,66.9,40.0,10,25,2,3.6,3,0.05,54,17,0,85.3,84.1,72.7,,77.3,0.2,1,3,80,0.0,0,584,7,49.5,81,93.7,547,34.6,202,97.1,121,6,64.6,377,959,287,3.5,11.8,1.75,2024,2.9,,,,Dolphins,5.0,-0.72,3.0,8.0,,,,,,218.2,0.24,2.45
AJ Brown,48327,WR,PHI,17,12.8,17,66.9,59.4,19,32,0,2.5,2,0.19,63,24,0,89.8,82.1,90.2,,90.9,0.0,0,3,67,0.0,0,505,3,48.8,79,94.1,475,17.2,87,116.6,118,9,82.8,418,1242,404,5.1,15.7,2.61,2024,9.0,,,,Eagles,7.0,0.22,13.0,18.0,,,,,,216.9,0.28,3.24
Keenan Allen,7857,WR,CHI,15,10.1,4,59.8,59.1,13,22,0,10.3,8,-0.07,43,6,1,53.5,49.6,64.4,67.5,68.2,0.0,0,0,45,0.5,3,598,4,41.2,70,91.3,546,54.0,323,98.4,117,7,45.7,273,744,241,3.4,10.6,1.36,2024,60.0,,,,Bears,76.0,-0.27,7.0,31.0,,,,,,186.4,0.22,2.66
Nico Collins,61441,WR,HST,14,11.9,12,69.6,57.1,12,21,1,4.8,4,0.02,59,13,0,80.1,82.4,92.3,75.8,92.3,0.2,1,5,67,0.4,2,448,3,43.9,80,94.2,422,23.4,105,108.9,115,8,76.1,341,1209,427,5.3,15.1,2.86,2024,17.4,,,,Texans,20.0,-0.15,20.0,206.0,,,,,,210.6,0.42,3.1
Khalil Shakir,84140,WR,BUF,18,5.5,23,81.7,46.7,7,15,1,2.1,2,0.27,42,4,1,88.9,58.4,78.9,61.6,80.1,0.4,2,1,52,0.2,1,498,3,50.9,94,91.0,453,72.1,359,110.7,115,4,26.9,134,995,704,7.5,10.6,2.2,2024,104.7,,,,Bills,121.0,-0.16,178.0,260.0,,,,,,182.5,0.31,2.34
Mike Evans,8642,WR,TB,15,12.5,5,71.1,63.2,12,19,0,4.7,4,0.26,60,30,0,79.1,82.1,90.4,,90.2,0.0,0,5,57,0.0,0,463,0,57.0,81,94.0,435,34.3,159,118.2,114,12,65.7,304,1096,253,3.1,13.5,2.52,2024,27.1,,,,Bucs,29.0,-0.07,12.0,42.0,,,,,,240.4,0.36,3.25
Xavier Worthy,144718,WR,KC,20,9.2,8,68.4,38.5,5,13,0,7.1,6,0.16,49,16,0,67.1,83.8,71.8,,71.6,0.5,3,2,54,0.0,0,655,3,53.1,78,93.7,614,36.3,238,111.9,114,9,61.8,405,925,526,6.7,11.9,1.51,2024,54.5,,,,Chiefs,46.0,0.16,,,,,,,,187.2,0.25,2.37
Marvin Harrison,145056,WR,ARZ,17,14.2,1,54.4,42.1,16,38,0,1.6,1,0.09,43,1,1,78.8,45.4,77.7,,77.2,0.0,0,4,60,0.0,0,579,2,51.0,62,93.8,543,25.9,150,88.5,114,8,74.1,429,885,149,2.4,14.3,1.63,2024,13.1,,,,Cardinals,26.0,-0.98,,,,,,,,198.5,0.23,3.2
Calvin Ridley,48262,WR,TEN,17,16.0,7,56.6,45.8,11,24,1,11.1,8,-0.16,40,31,0,48.9,49.2,73.1,,74.7,0.0,0,4,63,0.0,0,583,2,40.7,64,93.7,546,21.6,126,83.8,113,4,78.2,456,1017,234,3.7,15.9,1.86,2024,56.1,,,,Titans,75.0,-0.34,54.0,,,,,,,201.2,0.23,2.79
Zay Flowers,97268,WR,BLT,17,10.7,17,66.1,50.0,8,16,0,6.3,5,0.29,48,3,0,67.0,83.4,82.1,,83.8,0.0,0,0,53,0.0,0,500,2,52.3,74,94.0,470,38.0,190,108.4,112,4,61.8,309,1059,467,6.3,14.3,2.25,2024,40.0,,,,Ravens,55.0,-0.38,74.0,,,,,,,209.5,0.25,2.52
Jauan Jennings,48027,WR,SF,15,10.5,12,69.4,62.5,20,32,3,4.9,4,0.04,47,28,1,77.1,50.8,83.1,74.8,83.7,0.0,0,3,45,0.4,2,459,6,48.4,77,94.1,432,41.6,191,103.2,111,6,58.4,268,975,239,3.1,12.7,2.26,2024,215.2,,,,49ers,227.0,-0.05,266.0,,,,,,,210.5,0.31,2.73
DK Metcalf,47864,WR,SEA,15,14.3,5,61.1,36.6,15,41,2,4.3,3,-0.01,35,29,2,80.8,27.1,73.9,,74.6,0.3,2,2,71,0.0,0,590,7,48.1,66,93.1,549,13.2,78,99.0,108,5,86.4,510,992,262,4.0,15.0,1.81,2024,29.2,,,,Seahawks,30.0,-0.03,41.0,38.0,,,,,,195.2,0.24,2.96
Michael Pittman,29049,WR,IND,16,10.9,5,65.1,53.6,15,28,0,4.2,3,-0.05,35,14,1,80.3,47.2,72.2,67.0,72.6,0.2,1,4,33,0.4,2,511,4,40.0,69,94.1,481,24.9,127,81.8,106,3,75.0,383,808,261,3.8,11.7,1.68,2024,37.0,,,,Colts,56.0,-0.51,42.0,75.0,,,,,,167.8,0.19,2.43
Cooper Kupp,11824,WR,LA,14,8.7,7,69.5,47.4,9,19,0,2.7,2,0.08,32,26,1,87.3,50.3,71.4,51.0,72.3,0.0,0,0,69,0.4,2,455,0,47.0,73,93.6,426,65.3,297,110.8,105,6,34.7,158,800,278,3.8,11.0,1.88,2024,21.8,,,,Rams,14.0,0.36,46.0,1.0,,,,,,175.0,0.27,2.54
George Pickens,99229,WR,PIT,15,13.9,12,61.0,37.0,10,27,0,12.3,9,0.06,41,25,1,46.0,47.7,78.6,,79.7,0.0,0,2,44,0.0,0,498,6,44.3,64,93.8,467,22.1,110,96.8,105,4,77.9,388,987,257,4.0,15.4,2.11,2024,48.0,,,,Steelers,43.0,0.1,57.0,108.0,,,,,,166.4,0.22,2.73
Tee Higgins,61211,WR,CIN,12,11.2,14,70.2,46.7,14,30,0,2.7,2,0.21,48,7,1,87.3,48.5,88.2,,88.3,0.2,1,1,42,0.0,0,476,3,56.4,73,93.5,445,20.0,95,125.1,104,10,79.8,380,911,224,3.1,12.5,2.05,2024,43.3,,,,Bengals,38.0,0.12,62.0,37.0,,,,,,224.1,0.35,3.07
Josh Downs,122832,WR,IND,14,6.7,7,70.6,46.7,7,15,0,5.3,4,-0.02,40,14,0,76.3,86.2,84.8,64.5,85.1,0.3,1,3,69,0.3,1,386,2,41.5,72,94.6,365,84.5,326,97.8,102,5,14.0,54,803,403,5.6,11.2,2.2,2024,147.6,,,,Colts,149.0,-0.01,146.0,,,,,,,183.5,0.3,2.51
DeVonta Smith,61100,WR,PHI,17,9.7,10,83.2,43.8,7,16,0,4.5,4,0.18,49,24,0,79.8,82.3,81.2,,83.5,0.4,2,3,49,0.0,0,535,4,50.2,84,94.2,504,55.7,298,126.2,101,9,43.9,235,1023,359,4.3,12.2,2.03,2024,27.7,,,,Eagles,31.0,-0.12,48.0,36.0,,,,,,199.4,0.25,2.89
Darnell Mooney,48236,WR,ATL,16,12.8,7,64.0,39.1,9,23,0,7.2,5,0.02,48,2,0,66.0,80.9,74.0,,74.6,0.0,0,3,49,0.0,0,566,2,48.3,64,93.1,527,40.3,228,100.9,100,5,58.1,329,992,268,4.2,15.5,1.88,2024,136.4,,,,Falcons,137.0,0.0,226.0,171.0,,,,,,193.2,0.2,3.02
Jordan Addison,123000,WR,MIN,16,14.1,5,66.0,54.5,12,22,0,5.7,4,0.06,41,18,0,74.0,81.5,72.9,67.4,73.6,0.2,1,3,69,0.2,1,603,4,49.7,66,91.5,552,30.0,181,112.2,100,9,69.3,418,904,223,3.4,13.7,1.64,2024,87.4,,,,Vikings,94.0,-0.08,59.0,,,,,,,212.5,0.26,3.22
Elijah Moore,84302,WR,CLV,17,9.6,3,62.9,50.0,10,20,0,6.2,4,-0.32,25,8,0,71.3,81.1,58.5,65.8,58.5,0.0,0,9,44,0.2,1,631,3,38.0,61,94.1,594,56.1,354,42.4,97,1,42.6,269,538,136,2.2,8.8,0.91,2024,215.1,,,,Browns,263.0,-0.22,179.0,280.0,,,,,,120.9,0.14,1.95
Rome Odunze,73774,WR,CHI,17,14.2,4,56.3,72.2,13,18,0,8.5,5,-0.07,37,6,2,61.7,25.7,63.8,76.6,65.3,0.0,0,1,47,0.4,3,679,1,41.6,54,91.9,624,35.3,240,86.9,96,3,64.4,437,734,261,4.8,13.6,1.18,2024,63.2,,,,Bears,66.0,-0.04,,,,,,,,146.9,0.15,2.58
Quentin Johnston,123085,WR,LAC,16,12.2,13,59.1,30.4,7,23,0,9.8,6,0.08,32,27,0,48.2,80.5,67.4,,68.2,0.0,0,2,66,0.0,0,464,1,45.1,55,93.8,435,11.9,55,102.9,93,8,88.1,409,711,313,5.7,12.9,1.63,2024,182.8,,,,Chargers,260.0,-0.42,240.0,,,,,,,174.7,0.27,3.01
Jameson Williams,101701,WR,DET,16,12.4,3,64.1,46.2,6,13,0,3.3,2,0.23,43,11,0,77.0,82.3,74.5,,75.1,0.0,0,4,82,0.0,0,535,4,52.6,59,96.8,518,35.1,188,109.0,92,7,64.9,347,1020,490,8.3,17.3,1.97,2024,81.6,,,,Lions,106.0,-0.3,193.0,278.0,,,,,,212.2,0.26,3.08
Amari Cooper,9437,WR,BUF,17,12.3,4,55.6,64.7,11,17,0,13.8,8,0.04,25,4,0,39.1,79.5,68.7,,68.9,0.0,0,2,30,0.0,0,451,5,43.8,50,92.7,418,19.7,89,81.2,90,4,80.3,362,588,142,2.8,11.8,1.41,2024,43.4,,,,Browns,37.0,0.15,27.0,33.0,,,,,,122.7,0.21,2.79
DeAndre Hopkins,7808,WR,KC,19,11.6,3,68.6,54.2,13,24,1,4.8,3,0.04,38,16,0,69.7,80.3,77.8,,77.0,0.0,0,3,35,0.0,0,438,1,48.5,59,90.4,396,25.3,111,98.9,86,6,74.7,327,639,114,1.9,10.8,1.61,2024,89.8,,,,Titans,81.0,0.1,64.0,22.0,,,,,,147.0,0.28,2.63
Demario Douglas,104155,WR,NE,17,5.9,7,78.6,40.0,2,5,0,1.5,1,-0.09,31,19,1,90.4,48.6,70.0,67.4,69.5,0.0,0,2,36,0.2,1,480,2,44.9,66,92.1,442,79.0,379,99.5,84,3,20.4,98,621,370,5.6,9.4,1.4,2024,159.3,,,,Patriots,197.0,-0.24,227.0,,,,,,,147.7,0.22,2.14
Jaylen Waddle,84088,WR,MIA,15,9.8,3,69.9,50.0,2,4,0,9.4,6,0.05,38,17,0,57.2,80.8,72.1,,71.5,0.2,1,3,63,0.0,0,514,0,48.6,58,94.6,486,27.8,143,90.6,83,2,71.8,369,744,238,4.1,12.8,1.53,2024,19.5,,,,Dolphins,13.0,0.33,68.0,26.0,,,,,,145.6,0.18,2.35
Xavier Legette,99197,WR,CAR,16,12.6,7,60.5,52.2,12,23,0,14.0,8,-0.14,27,5,0,36.5,81.2,59.1,46.2,59.1,0.0,0,1,35,0.5,2,441,0,40.8,49,94.6,417,30.8,136,89.4,81,4,69.2,305,497,112,2.3,10.1,1.19,2024,152.0,,,,Panthers,139.0,0.09,,,,,,,,125.1,0.18,2.27
Tank Dell,78874,WR,HST,14,13.3,4,63.0,50.0,9,18,0,8.9,5,-0.03,35,13,0,59.8,82.9,73.1,,73.6,0.0,0,3,50,0.0,0,468,2,40.5,51,95.5,447,27.4,128,85.8,81,3,72.4,339,667,163,3.2,13.1,1.49,2024,34.8,,,,Texans,39.0,-0.12,22.0,,,,,,,140.0,0.22,2.33
Deebo Samuel,48274,WR,SF,15,6.9,15,63.8,33.3,5,15,1,8.9,5,0.09,28,28,0,60.6,42.4,70.9,,72.1,0.5,2,1,76,0.0,0,438,4,48.0,51,95.9,420,31.5,138,97.4,80,3,60.5,265,670,417,8.2,13.1,1.6,2024,16.8,,,,49ers,22.0,-0.31,10.0,56.0,,,,,,155.6,0.23,1.67
Dontayvion Wicks,99711,WR,GB,18,12.7,8,51.3,25.0,4,16,0,18.0,9,-0.01,27,12,0,29.1,78.1,65.1,,63.8,1.4,5,3,36,0.0,0,345,2,44.9,41,93.0,321,35.9,124,73.6,80,5,62.6,216,454,151,3.7,11.1,1.41,2024,112.9,,,,Packers,120.0,-0.06,187.0,,,,,,,110.5,0.19,2.83
Jayden Reed,78171,WR,GB,18,8.5,9,74.7,69.2,9,13,0,14.5,10,0.12,32,12,0,33.3,51.7,71.7,66.2,71.6,0.7,3,0,70,0.2,1,443,0,47.3,59,92.8,411,76.3,338,137.3,79,6,20.1,89,903,410,6.9,15.3,2.2,2024,60.9,,,,Packers,84.0,-0.38,53.0,,,,,,,199.0,0.29,2.65
Tre Tucker,101106,WR,LV,17,12.4,4,60.3,53.3,8,15,0,4.1,2,-0.08,24,23,0,78.7,83.7,57.5,66.2,58.0,0.0,0,1,58,0.1,1,683,1,44.6,47,93.7,640,24.7,169,88.6,78,3,75.3,514,539,209,4.4,11.5,0.84,2024,213.7,,,,Raiders,220.0,-0.03,198.0,,,,,,,129.3,0.13,2.31
Rashod Bateman,84296,WR,BLT,19,15.2,9,68.9,33.3,2,6,2,7.3,4,0.29,39,3,0,65.0,79.3,71.8,,72.8,0.0,0,3,59,0.0,0,522,3,51.0,51,94.3,492,9.4,49,129.8,74,11,90.6,473,846,197,3.9,16.6,1.72,2024,164.5,,,,Ravens,167.0,-0.02,300.0,103.0,,,,,,174.6,0.23,3.88
Jalen Tolbert,61637,WR,DAL,17,12.3,3,66.2,52.4,11,21,0,7.5,4,-0.19,29,9,0,65.0,79.6,60.7,,62.8,0.0,0,2,48,0.0,0,597,4,40.3,49,92.6,553,30.0,179,111.9,74,7,70.0,418,610,175,3.6,12.4,1.1,2024,167.3,,,,Cowboys,180.0,-0.08,271.0,350.0,,,,,,152.0,0.17,3.1
Romeo Doubs,84329,WR,GB,14,12.1,4,66.7,66.7,12,18,0,9.4,5,0.13,34,12,0,56.7,79.1,69.7,,71.0,0.0,0,2,39,0.0,0,406,3,49.1,48,93.3,379,13.3,54,100.1,72,4,86.7,352,614,144,3.0,12.8,1.62,2024,98.6,,,,Packers,108.0,-0.1,107.0,162.0,,,,,,130.1,0.2,2.83
Darius Slayton,25578,WR,NYG,16,13.7,6,55.7,60.0,12,20,0,15.2,7,-0.14,30,21,0,29.9,79.3,59.0,74.3,59.9,0.0,0,2,43,0.5,3,575,5,42.7,39,92.3,531,20.7,119,80.2,70,2,79.3,456,573,135,3.5,14.7,1.08,2024,210.7,,,,Giants,219.0,-0.04,137.0,136.0,,,,,,110.0,0.13,2.68
Michael Wilson,84423,WR,ARZ,16,11.7,3,67.1,61.1,11,18,1,4.1,2,0.04,27,1,1,78.2,37.2,62.9,46.8,64.5,0.0,0,3,41,0.2,1,538,5,50.6,47,93.1,501,35.3,190,91.8,70,4,64.7,348,548,138,2.9,11.7,1.09,2024,147.7,,,,Cardinals,166.0,-0.12,133.0,,,,,,,126.5,0.15,2.64
Tyler Lockett,9502,WR,SEA,17,11.7,2,70.0,46.2,6,13,2,5.8,3,0.01,36,29,0,71.5,79.2,65.2,,65.6,0.0,0,4,37,0.0,0,589,3,48.4,49,92.5,545,29.2,172,81.8,70,2,70.8,417,600,132,2.7,12.2,1.1,2024,115.1,,,,Seahawks,133.0,-0.16,94.0,43.0,,,,,,121.0,0.16,2.47
Demarcus Robinson,10760,WR,LA,19,16.8,1,50.7,50.0,8,16,1,5.4,2,0.01,31,26,0,72.0,77.6,65.0,,66.4,0.0,0,4,48,0.0,0,618,1,47.7,35,94.7,585,38.0,235,90.4,69,7,62.0,383,602,87,2.5,17.2,1.03,2024,175.5,,,,Rams,150.0,0.15,135.0,228.0,,,,,,123.5,0.14,3.98
Diontae Johnson,33441,WR,HST,13,11.3,5,50.7,46.7,7,15,0,5.6,2,-0.22,21,13,0,70.1,78.0,65.1,,65.3,0.0,0,5,39,0.0,0,277,1,36.8,34,94.2,261,23.5,65,52.3,67,3,76.5,212,387,102,3.0,11.4,1.48,2024,68.5,,,,Panthers,64.0,0.07,101.0,210.0,,,,,,89.1,0.22,2.55
Alec Pierce,78038,WR,IND,16,22.8,0,56.1,47.6,10,21,0,7.5,3,-0.01,32,14,0,57.8,78.0,74.3,68.1,75.3,0.0,0,5,65,0.2,1,485,1,42.4,37,93.2,452,17.1,83,104.6,66,7,82.9,402,824,118,3.2,22.3,1.82,2024,215.7,,,,Colts,259.0,-0.2,189.0,,,,,,,161.4,0.2,4.36
Keon Coleman,144949,WR,BUF,16,15.4,4,50.0,36.8,7,19,2,13.5,5,0.17,22,4,0,48.3,77.7,68.3,,68.8,0.0,0,2,64,0.0,0,405,5,45.8,32,92.1,373,11.9,48,89.2,64,4,87.9,356,578,226,7.1,18.1,1.55,2024,76.4,,,,Bills,104.0,-0.36,,,,,,,,109.5,0.18,3.65
Joshua Palmer,62979,WR,LAC,15,15.1,1,61.9,45.5,5,11,1,9.3,4,0.1,28,27,0,60.0,78.4,67.0,,68.3,0.0,0,1,45,0.0,0,428,2,43.0,39,91.4,391,32.9,141,91.0,63,1,67.1,287,584,102,2.6,15.0,1.49,2024,101.5,,,,Chargers,83.0,0.18,104.0,127.0,,,,,,103.4,0.17,2.65
Jalen McMillan,131905,WR,TB,14,12.8,1,62.9,25.0,3,12,1,11.4,5,0.18,25,30,0,50.9,80.6,60.8,69.0,62.8,0.0,0,6,33,0.2,1,437,5,56.0,39,94.5,413,26.3,115,88.2,62,8,72.1,315,502,140,3.6,12.9,1.22,2024,173.1,,,,Bucs,181.0,-0.05,,,,,,,,135.4,0.22,3.3
Stefon Diggs,9579,WR,HST,8,8.3,3,75.8,50.0,3,6,0,4.1,2,0.08,31,13,0,85.8,79.7,79.0,,79.7,0.0,0,1,49,0.0,0,288,2,43.8,47,93.8,270,52.8,152,108.0,62,3,45.1,130,496,187,4.0,10.6,1.84,2024,34.6,,,,Texans,48.0,-0.39,32.0,12.0,,,,,,121.4,0.28,2.43
Tutu Atwell,77965,WR,LA,18,12.2,1,69.4,25.0,2,8,0,6.5,3,0.0,30,26,0,67.4,79.1,72.7,,73.9,0.0,0,2,50,0.0,0,277,1,50.4,43,93.5,259,36.1,100,85.4,62,0,63.9,177,580,124,2.9,13.5,2.24,2024,215.9,,,,Rams,268.0,-0.24,155.0,,,,,,,98.9,0.23,2.25
Adam Thielen,8288,WR,CAR,10,11.7,1,78.7,70.0,7,10,0,4.0,2,-0.04,28,5,0,77.8,79.1,76.4,,76.5,0.0,0,4,40,0.0,0,319,1,42.8,48,93.7,299,74.6,238,108.7,61,5,25.4,81,615,156,3.3,12.8,2.06,2024,157.2,,,,Panthers,178.0,-0.13,55.0,137.0,,,,,,139.5,0.33,2.91
Chris Godwin,11839,WR,TB,7,5.6,9,83.3,50.0,4,8,0,0.0,0,0.12,32,30,1,90.5,38.3,86.3,71.5,85.7,0.0,0,1,55,2.6,7,265,0,53.0,50,92.1,244,61.9,164,127.5,60,5,38.1,101,576,347,6.9,11.5,2.36,2024,62.8,,,,Bucs,74.0,-0.18,110.0,66.0,,,,,,137.8,0.35,2.7
Andrei Iosivas,109811,WR,CIN,17,11.7,0,61.0,58.3,7,12,0,10.0,4,0.13,26,7,0,55.1,77.6,52.7,65.7,54.3,0.0,0,1,39,0.2,1,620,2,52.2,36,92.4,573,52.4,325,113.6,59,6,47.6,295,479,75,2.1,13.3,0.84,2024,189.7,,,,Bengals,138.0,0.27,334.0,,,,,,,119.9,0.13,3.33
Calvin Austin III,61418,WR,PIT,18,13.6,2,63.8,63.6,7,11,0,5.1,2,-0.03,19,25,0,72.6,61.9,63.8,,64.6,0.0,0,0,55,0.0,0,423,1,41.9,37,96.0,406,62.6,265,119.4,58,4,37.4,158,573,153,4.1,15.5,1.41,2024,215.9,,,,Steelers,267.0,-0.24,255.0,,,,,,,114.8,0.19,3.19
Mack Hollins,11873,WR,BUF,20,14.6,1,64.3,58.3,7,12,0,2.7,1,0.24,29,4,0,80.5,77.8,61.6,62.4,63.8,5.5,27,0,44,0.2,1,495,3,50.4,36,93.1,461,31.3,155,127.2,56,6,63.2,313,482,108,3.0,13.4,1.05,2024,215.5,,,,Bills,221.0,-0.03,,,,,,,,98.8,0.14,3.19
Dyami Brown,77986,WR,WAS,19,8.7,12,78.6,33.3,3,9,0,4.3,2,0.03,21,32,3,77.3,20.3,66.5,66.3,66.5,0.0,0,0,51,0.3,1,377,4,46.3,44,93.4,352,22.8,86,118.5,56,2,77.2,291,537,321,7.3,12.2,1.53,2024,212.3,,,,Commanders,193.0,0.09,,,,,,,,69.4,0.15,2.1
Tyler Boyd,10689,WR,TEN,16,7.0,4,69.6,54.5,6,11,0,2.5,1,-0.24,20,31,0,81.8,78.3,60.0,39.1,61.0,0.0,0,4,40,0.9,4,464,0,38.5,39,92.5,429,83.8,389,59.4,56,0,16.2,75,390,199,5.1,10.0,0.91,2024,200.3,,,,Titans,242.0,-0.21,168.0,131.0,,,,,,78.3,0.12,1.96
Noah Brown,11993,WR,WAS,11,11.8,2,64.8,42.9,6,14,0,5.4,2,0.21,21,32,0,71.4,77.4,70.7,,70.2,0.0,0,1,52,0.0,0,295,0,54.3,35,94.2,278,19.0,56,89.5,54,1,81.0,239,453,88,2.5,12.9,1.63,2024,215.8,,,,Texans,261.0,-0.21,72.0,,,,,,,86.3,0.18,2.47
Marvin Mims,122937,WR,DEN,18,7.3,7,75.9,25.0,1,4,0,4.7,2,0.23,15,10,1,75.3,70.5,68.6,70.7,72.8,0.4,1,2,93,0.4,1,228,0,48.6,41,95.2,217,36.4,83,126.7,54,6,50.0,114,515,483,11.8,12.6,2.37,2024,183.1,,,,Broncos,182.0,0.01,160.0,,,,,,,129.5,0.44,2.49
Troy Franklin,146567,WR,DEN,17,14.5,3,57.7,16.7,1,6,1,11.8,4,0.03,13,10,0,49.6,77.2,54.3,,55.8,0.0,0,1,43,0.0,0,297,4,44.8,30,93.9,279,33.0,98,86.8,52,3,67.0,199,317,159,5.3,10.6,1.14,2024,213.9,,,,Broncos,266.0,-0.24,,,,,,,,67.1,0.17,2.24
Christian Watson,66581,WR,GB,15,18.7,1,56.9,66.7,10,15,0,6.5,2,0.21,21,12,1,67.3,28.6,70.0,66.2,72.2,0.7,2,2,60,0.3,1,295,2,50.9,29,92.9,274,32.5,96,96.9,51,2,66.8,197,620,155,5.3,21.4,2.26,2024,70.8,,,,Packers,85.0,-0.2,84.0,47.0,,,,,,105.3,0.19,3.19
Curtis Samuel,11795,WR,BUF,17,4.6,3,72.5,42.9,3,7,0,5.1,2,0.06,13,4,0,73.3,78.5,65.5,,65.8,0.0,0,1,55,0.0,0,274,1,46.9,37,95.6,262,47.4,130,101.3,51,3,48.5,133,334,216,5.8,9.0,1.27,2024,93.4,,,,Bills,105.0,-0.12,115.0,100.0,,,,,,63.7,0.17,1.77
Adonai Mitchell,146712,WR,IND,17,14.7,1,45.1,0.0,0,5,0,14.8,4,-0.23,16,14,2,41.4,20.3,57.9,,61.4,0.0,0,0,36,0.0,0,221,1,37.0,23,93.2,206,23.5,52,65.2,51,0,76.5,169,312,104,4.5,13.6,1.51,2024,126.6,,,,Colts,123.0,0.03,,,,,,,,54.8,0.14,2.03
Brandin Cooks,8655,WR,DAL,10,12.3,0,52.0,28.6,4,14,1,0.0,0,-0.09,19,9,0,75.7,76.8,63.2,,63.3,0.0,0,2,29,0.0,0,317,1,43.8,26,91.5,290,23.0,73,70.3,50,3,77.0,244,259,57,2.2,10.0,0.89,2024,122.1,,,,Cowboys,118.0,0.03,85.0,129.0,,,,,,69.6,0.15,2.4
Tim Patrick,12087,WR,DET,17,11.6,5,69.4,25.0,1,4,0,2.9,1,0.34,21,11,0,79.9,77.3,66.8,67.3,65.7,0.0,0,5,42,0.5,2,371,0,56.2,34,97.3,361,22.6,84,76.1,49,3,77.4,287,416,159,4.7,12.2,1.15,2024,206.1,,,,Broncos,228.0,-0.11,,,,,,,,90.4,0.14,2.74
Christian Kirk,47546,WR,JAX,8,13.7,2,57.4,30.0,3,10,0,10.0,3,-0.08,18,15,0,56.1,76.1,67.9,,68.2,0.0,0,2,61,0.0,0,230,0,43.2,27,95.7,220,81.7,188,72.9,47,1,18.3,42,379,114,4.2,14.0,1.72,2024,53.4,,,,Jaguars,77.0,-0.44,86.0,34.0,,,,,,70.9,0.21,2.63
Jalen Nailor,84292,WR,MIN,18,12.8,0,66.0,40.0,2,5,1,11.4,4,0.04,24,18,0,50.8,78.0,59.3,,60.3,0.0,0,0,33,0.0,0,462,3,47.4,31,92.2,426,49.4,228,136.3,47,6,50.6,234,447,108,3.5,14.4,1.05,2024,211.0,,,,Vikings,207.0,0.02,334.0,,,,,,,105.0,0.18,3.39
Greg Dortch,42237,WR,ARZ,17,4.2,13,80.4,57.1,4,7,0,5.1,2,0.06,16,1,1,72.6,24.7,63.9,,65.2,0.0,0,0,39,0.0,0,310,0,50.3,37,93.5,290,66.5,206,119.4,46,3,30.0,93,342,297,8.0,9.2,1.18,2024,179.1,,,,Cardinals,192.0,-0.07,194.0,107.0,,,,,,92.3,0.21,2.2
Cedric Tillman,84434,WR,CLV,11,12.3,9,64.4,71.4,5,7,2,6.5,2,-0.16,15,8,1,68.1,27.8,63.6,70.7,65.8,0.0,0,1,38,1.7,5,302,2,41.0,29,92.1,278,27.2,82,100.1,45,3,72.2,218,339,111,3.8,11.7,1.22,2024,215.8,,,,Browns,210.0,0.03,350.0,,,,,,,80.4,0.19,2.68
Brandon Aiyuk,84109,WR,SF,7,12.5,3,55.6,57.1,4,7,1,10.7,3,0.13,19,28,0,55.1,75.9,74.6,,74.1,0.0,0,2,53,0.0,0,225,1,50.7,25,95.6,215,19.6,44,64.5,45,0,80.4,181,374,104,4.2,15.0,1.74,2024,26.2,,,,49ers,21.0,0.2,28.0,82.0,,,,,,62.4,0.17,2.5
Ricky Pearsall,100660,WR,SF,11,11.3,0,70.5,55.6,5,9,0,3.1,1,0.03,19,28,0,78.5,79.2,63.9,66.2,64.1,0.0,0,3,46,0.3,1,325,2,47.9,31,94.2,306,39.7,129,93.0,44,3,60.0,195,400,110,3.5,12.9,1.31,2024,158.0,,,,49ers,201.0,-0.27,,,,,,,,93.5,0.21,2.75
Chris Olave,84355,WR,NO,8,10.6,0,74.4,66.7,6,9,0,3.0,1,0.0,22,20,1,80.4,28.6,82.4,39.9,83.0,0.0,0,2,39,0.5,1,202,1,45.0,32,93.1,188,28.2,57,91.2,43,1,70.8,143,400,118,3.7,12.5,2.13,2024,21.5,,,,Saints,28.0,-0.3,58.0,76.0,,,,,,78.7,0.25,2.38
Van Jefferson,47447,WR,PIT,18,11.5,4,61.9,60.0,3,5,0,7.1,2,0.03,13,25,0,65.0,75.9,57.2,69.6,57.4,0.2,1,0,43,0.9,4,442,4,44.7,26,92.3,408,23.8,105,108.5,42,3,76.0,336,313,80,3.1,12.0,0.77,2024,215.5,,,,Steelers,208.0,0.03,334.0,,,,,,,63.6,0.09,2.65
Gabe Davis,55410,WR,JAX,10,14.3,1,47.6,22.2,2,9,1,9.1,2,-0.1,13,15,1,58.1,24.3,52.5,55.6,54.6,0.4,1,2,22,0.8,2,264,4,42.5,20,95.5,252,19.3,51,61.5,42,2,80.3,212,239,43,2.2,12.0,0.95,2024,128.6,,,,Jaguars,119.0,0.07,67.0,62.0,,,,,,55.9,0.14,2.79
Rashid Shaheed,63707,WR,NO,6,18.1,0,50.0,0.0,0,7,0,0.0,0,-0.02,12,20,0,83.6,82.6,69.7,,69.2,0.0,0,4,70,0.0,0,182,2,46.2,20,94.0,171,25.3,46,65.5,40,3,74.2,135,349,102,5.1,17.5,2.04,2024,113.0,,,,Saints,112.0,0.01,96.0,150.0,,,,,,75.8,0.27,2.92
Kendrick Bourne,12270,WR,NE,12,9.4,3,75.7,60.0,6,10,0,3.4,1,0.03,13,19,0,77.8,77.1,62.1,70.2,62.7,0.3,1,0,37,0.3,1,317,1,49.5,28,91.2,289,20.2,64,108.5,37,1,79.5,252,305,97,3.5,10.9,1.06,2024,215.7,,,,Patriots,258.0,-0.2,79.0,225.0,,,,,,65.1,0.14,2.24
Malik Washington,97108,WR,MIA,14,5.4,2,72.2,42.9,3,7,1,7.1,2,-0.01,13,17,0,64.1,86.2,57.7,64.9,60.8,0.7,2,0,20,0.4,1,270,2,47.9,26,95.6,258,52.2,141,88.1,36,0,47.0,127,223,123,4.7,8.6,0.86,2024,214.5,,,,Dolphins,231.0,-0.08,,,,,,,,56.8,0.14,1.83
Mike Williams,11762,WR,PIT,19,16.4,0,61.1,70.0,7,10,0,4.3,1,0.01,15,25,0,62.5,75.3,58.8,,59.7,0.0,0,2,37,0.0,0,366,1,41.1,22,95.1,348,22.4,82,77.9,36,1,77.6,284,335,48,2.2,15.2,0.96,2024,133.2,,,,Jets,109.0,0.18,31.0,49.0,,,,,,56.8,0.12,2.7
Jahan Dotson,84375,WR,PHI,21,10.4,4,62.9,20.0,1,5,1,0.0,0,0.11,15,24,0,84.9,77.2,54.8,,55.0,0.4,2,0,36,0.0,0,517,1,46.9,22,94.4,488,32.5,168,96.0,35,1,67.1,347,269,90,4.1,12.2,0.55,2024,144.7,,,,Commanders,206.0,-0.42,147.0,71.0,,,,,,41.9,0.06,2.09
Ja'Lynn Polk,123153,WR,NE,15,12.2,1,38.7,23.1,3,13,0,14.3,2,-0.23,4,19,0,45.7,72.5,43.1,74.3,45.4,0.0,0,1,21,0.7,2,272,4,39.8,12,92.6,252,19.9,54,54.9,31,2,80.1,218,87,11,0.9,7.3,0.35,2024,130.7,,,,Patriots,179.0,-0.37,,,,,,,,32.7,0.08,2.52
Jordan Whittington,97623,WR,LA,10,5.8,2,79.3,33.3,1,3,1,0.0,0,0.04,15,26,0,84.9,81.8,78.3,78.9,78.9,0.7,1,0,50,4.4,6,135,2,53.5,23,91.9,124,34.1,46,110.5,29,0,60.7,82,305,206,9.0,13.3,2.46,2024,200.2,,,,Rams,232.0,-0.16,,,,,,,,52.5,0.19,2.19
Rashee Rice,97605,WR,KC,4,5.2,8,82.8,0.0,0,1,1,4.0,1,-0.03,15,16,0,74.2,75.8,85.1,,85.5,0.0,0,1,44,0.0,0,99,1,50.5,24,91.9,91,50.5,50,116.7,29,2,49.5,49,288,185,7.7,12.0,3.16,2024,41.6,,,,Chiefs,47.0,-0.13,80.0,,,,,,,64.9,0.42,2.6
Cedrick Wilson,48170,WR,NO,15,8.7,2,71.4,0.0,0,4,0,9.1,2,-0.36,8,20,0,61.3,26.2,63.5,74.3,63.7,0.0,0,1,25,1.4,3,220,1,36.2,20,91.8,202,48.2,106,90.0,28,1,51.8,114,211,87,4.4,10.6,1.04,2024,216.0,,,,Saints,257.0,-0.19,,,,,,,,47.1,0.12,2.35
Luke McCaffrey,101634,WR,WAS,20,8.9,2,66.7,33.3,2,6,0,5.3,1,0.22,8,32,0,68.7,79.8,54.3,65.8,54.3,0.0,0,3,30,0.4,1,283,0,50.9,18,94.7,268,72.8,206,44.0,27,0,27.2,77,168,96,5.3,9.3,0.63,2024,204.5,,,,Commanders,194.0,0.05,,,,,,,,34.8,0.08,1.93
Kalif Raymond,11028,WR,DET,13,7.0,2,83.3,50.0,1,2,0,0.0,0,0.02,12,11,0,83.6,87.2,71.1,,70.8,0.0,0,0,38,0.0,0,158,0,47.4,20,97.5,154,43.0,68,138.2,24,2,57.0,90,252,161,8.1,12.6,1.64,2024,213.8,,,,Lions,200.0,0.06,222.0,290.0,,,,,,50.5,0.24,2.66
Josh Reynolds,11872,WR,JAX,9,11.0,0,54.2,37.5,3,8,0,0.0,0,-0.02,8,15,0,80.0,72.3,61.2,,61.2,0.0,0,0,49,0.0,0,220,1,41.2,13,95.9,211,22.3,49,94.8,24,1,77.7,171,194,42,3.2,14.9,0.92,2024,215.2,,,,Broncos,165.0,0.23,139.0,122.0,,,,,,38.4,0.12,2.95
Trey Palmer,99248,WR,TB,15,14.1,0,57.1,33.3,1,3,0,0.0,0,0.07,7,30,0,79.4,84.9,58.2,,60.2,0.0,0,0,27,0.0,0,188,3,49.4,12,94.7,178,25.5,48,99.7,21,1,74.5,140,172,42,3.5,14.3,0.97,2024,215.9,,,,Bucs,264.0,-0.22,251.0,,,,,,,35.2,0.12,2.93
Jalin Hyatt,124282,WR,NYG,16,18.6,0,42.1,60.0,3,5,0,11.1,1,-0.14,3,21,0,54.5,70.1,48.0,,49.5,0.0,0,2,19,0.0,0,230,0,41.0,8,94.3,217,10.4,24,11.2,19,0,89.6,206,62,7,0.9,7.8,0.29,2024,212.1,,,,Giants,211.0,0.01,232.0,,,,,,,14.2,0.04,1.77
Bo Melton,61610,WR,GB,15,18.6,1,47.4,80.0,4,5,0,0.0,0,-0.01,6,12,0,56.7,75.4,63.2,,57.6,0.0,0,2,28,0.0,0,118,2,46.3,9,91.5,108,46.6,55,25.4,19,0,53.4,63,107,9,1.0,11.9,0.99,2024,215.7,,,,Packers,246.0,-0.14,334.0,,,,,,,22.5,0.09,1.41
Odell Beckham,8647,WR,MIA,9,8.1,0,50.0,16.7,1,6,0,10.0,1,0.18,3,17,0,56.7,70.6,48.6,,50.1,0.0,0,1,11,0.0,0,114,0,42.5,9,93.0,106,50.0,57,33.3,18,0,50.0,57,55,15,1.7,6.1,0.52,2024,215.4,,,,Dolphins,226.0,-0.05,145.0,350.0,,,,,,14.5,0.12,1.61
KJ Osborn,23503,WR,WAS,8,6.8,0,41.2,40.0,2,5,0,0.0,0,-0.13,2,32,0,75.6,69.5,52.2,,51.9,0.0,0,0,22,0.0,0,143,3,39.8,7,93.0,133,32.9,47,70.0,17,1,67.1,96,57,15,2.1,8.1,0.43,2024,215.9,,,,Patriots,235.0,-0.09,154.0,,,,,,,18.7,0.07,2.67
Johnny Wilson,76366,WR,PHI,20,9.6,1,31.3,20.0,1,5,0,28.6,2,0.11,3,24,0,29.7,68.8,48.4,80.4,46.6,3.8,7,0,9,2.7,5,183,3,49.4,5,91.3,167,31.7,58,61.5,16,1,62.3,114,38,15,3.0,7.6,0.23,2024,215.5,,,,Eagles,234.0,-0.09,,,,,,,,14.8,0.04,2.96
Jermaine Burton,124017,WR,CIN,13,22.9,0,28.6,20.0,1,5,0,0.0,0,0.08,4,7,0,72.1,77.8,58.4,,59.4,0.0,0,0,47,0.0,0,100,0,47.9,4,96.0,96,10.0,10,58.9,14,0,90.0,90,107,18,4.5,26.8,1.11,2024,183.8,,,,Bengals,209.0,-0.14,,,,,,,,14.7,0.11,3.67
DJ Chark,47702,WR,LAC,7,13.5,1,38.5,25.0,1,4,0,0.0,0,-0.19,1,27,0,73.4,68.0,53.7,,53.4,0.0,0,1,12,0.0,0,79,0,40.3,5,97.5,77,17.7,14,40.9,13,1,82.3,65,41,12,2.4,8.2,0.53,2024,208.1,,,,Chargers,243.0,-0.17,127.0,,,,,,,13.1,0.12,3.27
Xavier Gipson,104136,WR,NYJ,16,10.8,1,60.0,50.0,1,2,0,14.3,1,-0.03,3,22,0,49.2,64.1,48.6,,49.9,0.0,0,0,17,0.0,0,138,0,45.3,6,92.8,128,45.7,63,101.7,10,1,54.3,75,39,22,3.7,6.5,0.3,2024,216.0,,,,Jets,244.0,-0.13,299.0,,,,,,,16.4,0.09,2.34
Treylon Burks,99218,WR,TEN,5,16.5,1,50.0,0.0,0,2,0,20.0,1,-0.22,3,31,0,41.6,70.7,52.2,,53.3,0.0,0,1,13,0.0,0,81,0,36.7,4,97.5,79,21.0,17,21.9,8,0,79.0,64,34,4,1.0,8.5,0.43,2024,214.7,,,,Titans,233.0,-0.09,303.0,213.0,,,,,,7.5,0.05,1.25
Malachi Corley,66272,WR,NYJ,5,9.3,0,50.0,100.0,2,2,0,0.0,0,-0.33,1,22,0,70.5,14.3,52.2,66.1,57.2,0.0,0,0,10,2.0,1,49,0,35.4,3,95.9,47,36.7,18,56.3,6,0,63.3,31,16,4,1.3,5.3,0.34,2024,190.8,,,,Jets,245.0,-0.28,,,,,,,,7.2,0.09,1.44
Javon Baker,123904,WR,NE,7,13.5,0,25.0,0.0,0,1,0,0.0,0,-0.19,1,19,0,64.7,69.5,52.5,,53.8,0.0,0,0,12,0.0,0,46,0,42.5,1,87.0,40,13.0,6,39.6,4,0,87.0,40,12,0,0.0,12.0,0.3,2024,210.6,,,,Patriots,262.0,-0.24,,,,,,,,2.2,0.02,2.2
Devontez Walker,145773,WR,BLT,7,34.0,0,50.0,,0,0,0,0.0,0,0.04,1,3,0,64.7,61.2,64.7,,64.6,0.0,0,0,21,0.0,0,22,0,45.5,1,100.0,22,9.1,2,127.1,2,1,90.9,20,21,0,0.0,21.0,0.95,2024,215.6,,,,Ravens,269.0,-0.25,,,,,,,,9.1,0.16,9.1
Puka Nacua,100632,WR,LA,19,9.9,29,76.5,63.8,30,47,0,3.2,5,0.21,97,26,1,90.7,70.0,96.1,79.7,96.2,2.3,14,1,58,1.6,10,609,1,52.0,153,94.3,574,36.1,220,126.4,200,12,60.4,368,2047,777,5.1,13.4,3.57,2025,11.1,,,,,10.0,0.1,,,,,20.0,LA,6.0,377.0,0.52,2.71
Jaxon Smith-Njigba,129758,WR,SEA,20,11.7,20,74.7,54.8,17,31,1,2.9,4,0.1,90,29,3,90.6,30.7,92.9,,93.2,0.0,0,5,63,0.0,0,614,4,50.3,136,94.8,582,23.9,147,120.5,182,12,73.6,452,1992,596,4.4,14.6,3.42,2025,31.5,,,,,49.0,-0.56,,,,,44.0,SEA,24.0,361.9,0.44,2.87
Ja'Marr Chase,84270,WR,CIN,16,8.9,23,68.7,54.5,18,33,2,4.6,6,-0.04,73,7,1,83.9,63.4,90.1,,90.1,0.0,0,7,64,0.0,0,669,2,46.0,125,94.5,632,32.6,218,90.3,182,8,66.5,445,1412,648,5.2,11.3,2.23,2025,1.1,,,,,1.0,0.09,,,,,2.0,CIN,1.0,315.6,0.32,2.47
Amon-Ra St Brown,84470,WR,DET,17,8.4,16,72.2,41.7,10,24,0,4.1,5,0.13,71,11,1,86.4,69.9,90.7,79.0,90.6,0.0,0,4,52,0.8,5,594,1,47.5,117,95.3,566,55.7,331,110.6,162,11,43.4,258,1401,591,5.1,12.0,2.48,2025,11.2,,,,,9.0,0.2,,,,,9.0,DET,5.0,324.0,0.34,2.7
Chris Olave,84355,WR,NO,16,12.3,6,66.2,47.1,16,34,3,3.8,4,-0.04,53,20,0,86.4,83.7,78.0,,79.7,0.0,0,4,62,0.0,0,625,7,45.9,100,93.9,587,41.9,262,98.2,151,9,58.1,363,1163,292,2.9,11.6,1.98,2025,67.4,,,,,69.0,-0.02,,,,,98.0,NO,40.0,270.0,0.3,2.67
Justin Jefferson,61398,WR,MIN,17,10.7,13,60.0,47.8,11,23,0,5.6,5,-0.19,47,18,0,75.6,82.7,80.5,69.0,80.2,0.0,0,10,50,0.2,1,592,1,43.0,84,93.9,556,27.0,160,58.3,140,2,71.6,424,1048,435,5.2,12.5,1.88,2025,5.8,,,,,8.0,-0.38,,,,,18.0,MIN,4.0,201.5,0.21,2.34
Davante Adams,8688,WR,LA,17,14.0,2,52.6,29.4,10,34,0,11.3,9,0.17,61,26,0,43.2,81.5,84.8,,83.9,0.0,0,2,44,0.0,0,539,1,51.5,71,95.2,513,16.1,87,106.8,135,15,83.9,452,974,161,2.3,13.7,1.9,2025,36.6,,,,,35.0,0.04,,,,,27.0,LA,15.0,222.9,0.35,3.72
Courtland Sutton,48164,WR,DEN,19,13.1,9,60.4,48.6,17,35,1,9.0,8,0.02,56,10,0,59.4,82.5,73.8,,74.2,0.0,0,3,52,0.0,0,749,1,44.7,81,94.8,710,18.8,141,96.8,134,8,81.2,608,1087,220,2.7,13.4,1.53,2025,47.3,,,,,45.0,0.05,,,,,54.0,DEN,20.0,217.7,0.22,2.94
Wan'Dale Robinson,101735,WR,NYG,16,9.0,16,70.2,31.8,7,22,1,3.2,3,-0.02,39,21,1,89.1,32.0,70.2,39.6,69.8,0.0,0,2,50,0.2,1,588,4,43.2,92,92.0,541,67.9,399,96.7,131,4,31.1,183,1014,392,4.3,11.0,1.87,2025,167.8,,,,,209.0,-0.25,,,,,164.0,NYG,82.0,217.9,0.22,2.29
George Pickens,99229,WR,DAL,17,12.0,21,71.0,56.4,22,39,1,5.1,5,0.16,73,9,4,79.5,22.6,85.9,,87.2,0.0,0,3,45,0.0,0,661,8,51.1,93,92.1,609,10.3,68,120.1,131,9,89.7,593,1429,478,5.1,15.4,2.35,2025,42.1,,,,,38.0,0.1,,,,,86.0,DAL,18.0,289.9,0.3,3.12
AJ Brown,48327,WR,PHI,16,12.2,10,63.8,47.2,17,36,1,3.6,3,0.04,48,24,0,85.3,82.5,80.9,,83.4,0.0,0,3,45,0.0,0,555,8,44.8,81,94.4,524,12.4,69,97.5,127,7,87.6,486,1028,268,3.3,12.7,1.96,2025,18.0,,,,,17.0,0.06,,,,,37.0,PHI,10.0,220.3,0.26,2.82
Tetairoa McMillan,158735,WR,CAR,18,12.3,8,59.5,33.3,8,24,0,8.5,7,-0.09,60,5,1,55.4,81.8,79.3,,79.2,0.0,0,6,43,0.0,0,633,1,44.5,75,93.7,593,19.9,126,86.6,126,7,80.1,507,1095,290,3.9,14.6,1.85,2025,38.9,,,,,46.0,-0.18,,,,,,CAR,21.0,213.4,0.23,3.05
Keenan Allen,7857,WR,LAC,18,8.4,10,66.7,48.0,12,25,0,7.7,7,0.0,51,27,2,59.3,29.0,76.0,64.9,76.1,0.0,0,2,31,0.2,1,524,0,47.9,84,94.7,496,41.2,216,88.1,126,4,58.8,308,802,242,2.9,9.5,1.62,2025,121.5,,,,,104.0,0.14,,,,,66.0,LAC,52.0,182.7,0.29,2.26
Emeka Egbuka,145055,WR,TB,17,13.2,7,50.0,29.6,8,27,1,11.3,8,-0.09,34,30,0,49.6,81.3,67.3,65.7,68.5,0.0,0,4,77,0.2,1,583,4,42.8,63,91.9,536,37.0,216,77.4,126,6,62.8,366,938,330,5.2,14.9,1.75,2025,59.5,,,,,48.0,0.19,,,,,,TB,23.0,193.7,0.22,2.98
Nico Collins,61441,WR,HST,16,13.0,6,59.7,55.9,19,34,1,1.3,1,0.0,49,13,1,88.9,51.3,85.9,68.1,85.5,0.0,0,1,57,0.2,1,545,3,43.1,74,92.1,502,20.4,111,102.8,124,6,79.6,434,1138,332,4.5,15.4,2.27,2025,8.6,,,,,7.0,0.19,,,,,21.0,HOU,3.0,226.2,0.29,3.1
Michael Wilson,84423,WR,ARZ,17,12.2,6,62.9,64.7,22,34,0,4.9,4,-0.04,51,1,0,80.2,82.4,76.4,46.8,76.4,0.1,1,5,50,0.1,1,675,1,44.6,78,93.5,631,30.2,204,90.3,124,7,69.5,469,1006,277,3.6,12.9,1.59,2025,195.3,,,,,185.0,0.05,,,,,209.0,ARI,70.0,220.6,0.24,2.83
DeVonta Smith,61100,WR,PHI,18,11.7,7,69.7,40.0,10,25,0,3.4,3,0.03,46,24,0,81.7,82.8,76.9,,78.9,0.0,0,1,79,0.0,0,592,2,44.0,85,94.8,561,56.6,335,104.5,122,4,42.7,253,1078,344,4.0,12.7,1.92,2025,51.5,,,,,55.0,-0.07,,,,,48.0,PHI,29.0,201.8,0.23,2.62
Stefon Diggs,9579,WR,NE,21,8.4,12,82.5,75.0,12,16,0,2.9,3,0.21,55,19,0,90.0,83.6,82.7,75.4,82.6,0.0,0,3,34,0.3,2,576,4,53.4,99,93.9,541,53.0,305,109.1,120,5,46.9,270,1123,408,4.1,11.3,2.08,2025,69.1,,,,,72.0,-0.04,,,,,50.0,NE,43.0,210.3,0.35,2.47
Zay Flowers,97268,WR,BLT,17,10.1,16,73.5,53.8,7,13,2,5.5,5,-0.02,48,3,3,76.0,23.5,79.6,,81.6,0.0,0,2,64,0.0,0,511,5,47.6,86,93.7,479,33.9,173,113.6,117,5,65.9,337,1211,473,5.5,14.1,2.53,2025,57.6,,,,,57.0,0.01,,,,,80.0,BAL,31.0,249.3,0.28,2.6
CeeDee Lamb,61570,WR,DAL,14,12.7,10,65.8,46.7,14,30,2,9.6,8,0.12,43,9,0,55.2,82.2,77.6,,79.0,0.0,0,3,74,0.0,0,498,6,50.3,75,91.4,455,34.7,173,94.1,114,3,64.5,321,1077,320,4.3,14.4,2.37,2025,3.4,,,,,2.0,0.41,,,,,29.0,DAL,2.0,200.9,0.27,2.64
Khalil Shakir,84140,WR,BUF,18,3.5,25,81.3,41.2,7,17,0,5.2,5,0.08,34,4,1,78.6,65.9,74.3,38.8,74.3,2.1,11,2,54,0.6,3,519,2,46.4,91,93.6,486,69.0,358,103.7,112,4,27.2,141,876,665,7.3,9.6,1.8,2025,83.6,,,,,103.0,-0.23,,,,,113.0,BUF,51.0,168.4,0.27,2.31
Jakobi Meyers,47468,WR,JAX,17,9.4,9,68.5,46.2,12,26,1,5.0,4,0.16,44,15,1,76.8,82.3,71.1,36.3,73.2,0.0,0,7,50,0.2,1,595,4,51.3,76,93.6,557,41.7,248,73.7,111,3,58.3,347,847,290,3.8,11.1,1.52,2025,74.6,,,,,71.0,0.05,,,,,69.0,LV,42.0,177.8,0.2,2.22
Michael Pittman,29049,WR,IND,17,8.4,7,72.7,43.8,7,16,2,4.8,4,0.07,47,14,0,75.2,82.4,70.4,69.3,70.8,1.0,6,5,27,0.2,1,575,5,49.6,80,93.4,537,28.9,166,94.7,110,7,69.2,398,784,272,3.4,9.8,1.46,2025,92.3,,,,,93.0,-0.01,,,,,122.0,IND,47.0,200.4,0.22,2.5
Ladd McConkey,124030,WR,LAC,17,10.5,13,65.1,21.4,3,14,1,4.2,3,0.01,37,27,0,74.7,84.0,66.9,38.3,68.0,0.9,6,5,58,0.2,1,636,4,48.4,69,95.3,606,64.8,412,87.8,106,6,34.3,218,821,322,4.7,11.9,1.35,2025,20.7,,,,,23.0,-0.11,,,,,33.0,LAC,12.0,180.9,0.22,2.74
Jerry Jeudy,61103,WR,CLV,17,12.3,3,47.6,34.8,8,23,1,15.3,9,-0.27,31,8,1,32.7,30.0,58.5,,57.9,0.2,1,7,60,0.0,0,628,3,35.5,50,94.1,591,18.6,117,44.2,105,2,81.2,510,602,168,3.4,12.0,1.02,2025,70.7,,,,,65.0,0.08,,,,,55.0,CLE,36.0,122.7,0.13,2.41
Drake London,86519,WR,ATL,12,11.1,4,65.4,43.3,13,30,1,2.9,2,0.0,46,2,1,86.1,46.8,88.0,75.3,89.9,0.0,0,2,43,1.0,4,421,3,45.2,68,93.1,392,33.7,142,107.8,104,7,66.3,279,919,243,3.6,13.5,2.34,2025,14.9,,,,,13.0,0.13,,,,,34.0,ATL,9.0,201.9,0.28,2.97
DK Metcalf,47864,WR,PIT,16,11.4,11,59.2,33.3,8,24,0,9.0,6,-0.05,39,25,0,60.6,81.2,71.1,,73.1,0.0,0,4,80,0.0,0,531,8,43.5,61,94.4,501,19.2,102,90.8,103,6,80.4,427,892,449,7.4,14.6,1.78,2025,49.8,,,,,58.0,-0.16,,,,,82.0,PIT,32.0,187.2,0.24,3.07
Troy Franklin,146567,WR,DEN,18,13.0,9,63.7,52.9,9,17,2,11.0,8,0.05,32,10,1,45.3,48.9,62.3,,63.6,0.0,0,4,48,0.0,0,528,5,45.6,65,94.3,498,45.1,238,87.4,102,6,54.7,289,709,279,4.3,10.9,1.42,2025,190.8,,,,,205.0,-0.07,,,,,,DEN,78.0,173.1,0.26,2.47
Rome Odunze,73774,WR,CHI,14,14.9,4,48.5,35.0,7,20,0,9.4,5,0.02,41,6,0,57.5,37.1,70.3,67.6,71.0,0.0,0,3,37,0.4,2,521,3,43.6,48,93.9,489,38.4,200,81.6,99,6,61.4,320,749,219,4.6,15.6,1.53,2025,63.5,,,,,68.0,-0.07,,,,,145.0,CHI,39.0,146.1,0.2,3.32
Rashid Shaheed,63707,WR,SEA,21,12.8,2,62.6,37.5,6,16,0,0.0,0,-0.09,32,29,1,90.8,60.0,66.4,62.3,67.6,0.0,0,4,87,0.2,1,595,3,46.2,62,94.5,562,32.4,193,76.4,99,2,67.6,402,765,201,3.2,12.3,1.36,2025,105.4,,,,,84.0,0.2,,,,,40.0,NO,46.0,146.6,0.21,2.16
Deebo Samuel,48274,WR,WAS,16,5.5,17,72.7,52.6,10,19,1,6.5,5,0.0,32,32,1,65.7,28.8,69.4,61.8,70.3,0.2,1,3,41,0.2,1,479,5,48.2,72,91.2,437,64.3,308,97.5,99,5,33.6,161,727,471,6.5,10.1,1.66,2025,65.7,,,,,70.0,-0.07,,,,,94.0,WAS,41.0,188.2,0.26,2.11
Jaylen Waddle,84088,WR,MIA,16,13.2,9,64.6,54.5,12,22,2,4.5,3,-0.02,48,17,1,79.1,48.0,84.0,,85.2,0.0,0,7,46,0.0,0,443,2,45.3,64,93.9,416,23.0,102,85.0,99,6,76.5,339,910,231,3.6,14.2,2.19,2025,55.0,,,,,51.0,0.07,,,,,136.0,MIA,26.0,193.8,0.27,2.94
Tee Higgins,61211,WR,CIN,15,13.9,8,60.2,47.4,18,38,1,3.3,2,-0.09,41,7,0,83.2,80.4,80.1,67.5,80.2,0.2,1,2,44,0.2,1,554,1,45.4,59,94.4,523,12.8,71,117.1,98,11,87.0,482,846,164,2.8,14.3,1.62,2025,25.2,,,,,18.0,0.29,,,,,12.0,CIN,11.0,209.6,0.27,3.55
Jameson Williams,101701,WR,DET,17,12.7,12,67.0,62.5,5,8,0,12.2,9,0.13,49,11,0,43.9,81.8,75.6,,76.7,0.0,0,1,64,0.0,0,626,5,47.8,65,96.0,601,23.2,145,125.7,97,7,76.7,480,1117,447,6.9,17.2,1.86,2025,45.8,,,,,64.0,-0.4,,,,,51.0,DET,35.0,219.9,0.22,3.1
Jauan Jennings,48027,WR,SF,17,10.8,11,60.4,54.3,19,35,0,7.9,5,0.07,38,28,1,63.3,43.6,67.1,64.0,68.9,0.0,0,7,45,0.7,4,556,4,50.2,58,94.4,525,29.9,166,84.2,96,9,70.1,390,711,215,3.7,12.3,1.35,2025,75.7,,,,,66.0,0.13,,,,,53.0,SF,37.0,173.3,0.22,3.15
DJ Moore,48267,WR,CHI,19,12.1,5,64.2,57.1,8,14,0,4.7,3,0.04,37,6,1,76.6,82.5,67.8,74.7,67.9,0.1,1,2,46,0.3,2,683,8,44.7,61,94.0,642,32.1,219,109.9,95,8,65.3,446,798,277,4.5,13.1,1.24,2025,48.8,,,,,63.0,-0.29,,,,,70.0,CHI,34.0,168.1,0.17,2.59
Romeo Doubs,84329,WR,GB,17,12.9,4,67.0,43.3,13,30,0,6.0,4,0.19,48,12,1,66.1,58.3,74.6,,77.3,0.0,0,1,48,0.0,0,484,1,51.9,63,94.0,455,18.0,87,115.9,94,7,82.0,397,848,206,3.3,13.5,1.86,2025,151.3,,,,,142.0,0.06,,,,,137.0,GB,61.0,163.4,0.21,2.97
Brian Thomas,146760,WR,JAX,15,14.7,4,55.6,36.7,11,30,0,13.8,8,0.11,35,15,0,39.0,80.0,65.5,,66.6,0.0,0,1,46,0.0,0,532,2,47.7,50,94.2,501,24.1,128,88.6,90,3,75.9,404,728,171,3.4,14.6,1.45,2025,12.5,,,,,11.0,0.12,,,,,25.0,JAX,7.0,138.8,0.19,2.72
Tre Tucker,101106,WR,LV,17,10.7,9,63.3,38.5,5,13,0,8.1,5,-0.19,32,23,0,63.0,84.3,65.9,,65.7,0.8,5,1,61,0.0,0,618,4,41.1,57,94.2,582,17.2,106,101.0,90,5,81.7,505,696,292,5.1,12.2,1.2,2025,211.8,,,,,203.0,0.04,,,,,154.0,LV,76.0,161.7,0.17,2.38
Cooper Kupp,11824,WR,SEA,19,8.6,11,69.7,43.8,7,16,0,6.1,4,0.04,34,29,1,71.7,44.8,73.1,55.1,73.6,0.2,1,3,67,0.6,3,534,1,48.5,62,94.2,503,47.0,251,92.4,89,3,51.1,273,750,322,5.2,12.1,1.49,2025,99.9,,,,,100.0,0.0,,,,,46.0,SEA,50.0,118.3,0.15,2.52
Elic Ayomanor,157263,WR,TEN,16,12.8,4,47.7,56.5,13,23,0,8.9,4,-0.25,30,31,0,58.3,78.1,61.0,,63.4,0.2,1,3,39,0.0,0,533,2,36.0,41,94.7,505,18.6,99,67.7,86,4,81.2,433,515,121,3.0,12.6,1.02,2025,183.7,,,,,210.0,-0.14,,,,,,TEN,83.0,116.5,0.15,2.84
Josh Downs,122832,WR,IND,16,8.4,7,69.0,35.7,5,14,0,4.9,3,-0.03,36,14,0,76.6,83.5,77.1,,77.4,0.0,0,3,34,0.0,0,405,1,45.1,58,93.6,379,78.8,319,88.7,84,4,20.2,82,566,144,2.5,9.8,1.49,2025,85.3,,,,,67.0,0.21,,,,,67.0,IND,38.0,138.4,0.23,2.31
Alec Pierce,78038,WR,IND,15,20.0,2,56.6,43.8,14,32,0,2.1,1,0.03,41,14,0,86.2,79.2,79.3,,81.0,0.0,0,2,66,0.0,0,506,4,47.0,47,94.3,477,13.4,68,113.7,83,6,86.6,438,1003,188,4.0,21.3,2.1,2025,202.1,,,,,206.0,-0.02,,,,,84.0,IND,79.0,183.3,0.23,3.9
Quentin Johnston,123085,WR,LAC,15,12.9,12,65.1,47.8,11,23,0,6.9,4,0.01,26,27,1,67.4,40.9,66.8,,66.9,0.0,0,2,60,0.0,0,550,1,48.0,54,95.5,525,14.5,80,116.3,83,8,85.5,470,755,231,4.3,14.0,1.44,2025,189.0,,,,,188.0,0.01,,,,,76.0,LAC,73.0,173.2,0.24,3.27
Jayden Higgins,150240,WR,HST,19,12.5,3,61.7,41.2,7,17,1,2.0,1,0.0,33,13,0,86.5,79.3,70.0,34.7,71.9,0.2,1,2,75,0.7,3,457,4,43.6,50,93.4,427,20.4,93,100.0,81,6,79.2,362,623,134,2.7,12.5,1.46,2025,92.4,,,,,123.0,-0.33,,,,,,HOU,57.0,129.5,0.19,3.16
Rashee Rice,97605,WR,KC,8,4.9,8,68.8,25.0,4,16,0,10.2,6,-0.01,27,16,1,53.9,25.6,76.4,65.2,77.2,0.0,0,1,47,0.3,1,288,2,44.0,53,92.0,265,44.1,127,106.6,77,5,54.9,158,571,427,8.1,10.8,2.15,2025,55.9,,,,,53.0,0.05,,,,,,KC,27.0,148.1,0.36,2.55
Jordan Addison,123000,WR,MIN,14,14.5,3,56.8,46.2,6,13,0,14.3,7,-0.19,26,18,0,36.9,78.7,64.9,,61.7,0.2,1,4,81,0.0,0,473,0,42.3,42,94.5,447,20.9,99,74.7,74,3,78.4,371,610,135,3.2,14.5,1.36,2025,74.9,,,,,83.0,-0.11,,,,,43.0,MIN,45.0,135.1,0.19,3.07
Xavier Worthy,144718,WR,KC,14,12.5,8,58.3,44.4,4,9,0,4.5,2,0.12,22,16,0,76.3,81.7,67.0,,66.3,0.0,0,1,42,0.0,0,455,1,49.5,42,93.2,424,30.3,138,80.3,72,1,69.0,314,532,207,4.9,12.7,1.25,2025,40.4,,,,,37.0,0.08,,,,,47.0,KC,17.0,109.9,0.17,2.07
Marvin Harrison,145056,WR,ARZ,12,13.9,3,56.9,47.4,9,19,0,10.9,5,0.03,30,1,0,47.7,78.3,68.4,,67.6,0.0,0,2,45,0.0,0,412,0,47.4,41,93.2,384,23.3,96,91.7,72,4,76.7,316,608,118,2.9,14.8,1.58,2025,30.9,,,,,54.0,-0.75,,,,,74.0,ARI,28.0,125.8,0.22,3.07
Adonai Mitchell,146712,WR,NYJ,16,15.2,2,46.5,50.0,5,10,0,15.4,6,-0.27,15,22,1,35.1,26.3,59.7,,59.9,0.0,0,5,75,0.0,0,323,1,40.3,33,96.0,310,18.3,59,47.4,71,2,81.7,264,453,87,2.6,13.7,1.46,2025,208.1,,,,,220.0,-0.06,,,,,289.0,IND,85.0,89.9,0.18,2.64
Darnell Mooney,48236,WR,ATL,15,14.4,2,45.7,20.0,2,10,0,15.8,6,-0.08,25,2,2,33.8,20.8,52.5,,52.4,0.0,0,0,49,0.0,0,486,0,43.8,32,94.4,459,37.2,181,71.3,70,1,62.8,305,443,73,2.3,13.8,0.97,2025,105.7,,,,,82.0,0.22,,,,,71.0,ATL,44.0,82.3,0.11,2.57
Olamide Zaccheaus,44920,WR,CHI,18,7.6,3,61.2,72.7,8,11,0,12.8,6,0.09,16,6,0,35.9,79.0,55.7,76.5,56.3,0.0,0,1,27,1.3,5,385,1,44.5,41,92.7,357,50.6,195,82.3,67,3,49.4,190,330,151,3.7,8.0,0.92,2025,214.9,,,,,241.0,-0.12,,,,,,CHI,95.0,84.8,0.15,1.97
Marvin Mims,122937,WR,DEN,17,9.5,4,75.4,75.0,3,4,0,2.0,1,0.07,21,10,0,86.2,75.1,67.5,,67.6,0.0,0,1,52,0.0,0,357,0,43.8,49,95.2,340,30.0,107,99.3,65,2,66.1,236,477,289,5.9,9.7,1.4,2025,118.6,,,,,118.0,0.01,,,,,107.0,DEN,54.0,89.0,0.24,1.82
Kayshon Boutte,124087,WR,NE,18,17.6,3,64.6,50.0,7,14,0,2.3,1,0.14,33,19,0,83.9,78.5,71.2,74.5,71.7,0.2,1,2,42,0.4,2,523,3,50.4,42,95.0,497,9.8,51,125.1,65,7,90.1,471,719,93,2.2,17.1,1.45,2025,215.5,,,,,245.0,-0.14,,,,,,NE,98.0,124.1,0.2,3.76
Christian Kirk,47546,WR,HST,15,8.0,3,59.4,27.3,3,11,2,9.5,4,-0.04,20,13,0,57.2,77.9,62.1,,61.4,0.0,0,5,47,0.0,0,370,2,42.9,38,93.8,347,73.2,271,60.9,64,3,26.2,97,403,174,4.6,10.6,1.16,2025,117.1,,,,,119.0,-0.02,,,,,151.0,HOU,55.0,57.9,0.13,2.07
Keon Coleman,144949,WR,BUF,15,12.6,2,62.5,35.7,5,14,1,11.1,5,0.27,26,4,1,51.5,33.6,65.6,60.9,64.0,0.8,3,2,37,0.3,1,378,3,54.6,40,94.2,356,16.1,61,96.5,64,5,83.1,314,450,110,2.8,11.3,1.26,2025,88.0,,,,,99.0,-0.13,,,,,169.0,BUF,49.0,102.4,0.18,2.69
Xavier Legette,99197,WR,CAR,16,11.0,6,57.1,42.9,6,14,2,2.7,1,-0.08,18,5,1,80.4,29.5,52.0,,54.0,0.0,0,3,36,0.0,0,452,9,44.6,36,93.8,424,37.4,169,70.3,63,3,62.6,283,371,78,2.2,10.3,0.88,2025,164.5,,,,,147.0,0.11,,,,,179.0,CAR,64.0,89.3,0.14,2.48
Christian Watson,66581,WR,GB,11,17.4,0,61.3,47.8,11,23,0,2.6,1,0.35,30,12,1,81.9,29.6,82.7,65.5,83.9,4.7,14,2,52,0.3,1,297,1,56.1,38,95.6,284,31.0,92,120.8,62,7,64.3,191,647,147,3.9,17.0,2.28,2025,215.4,,,,,265.0,-0.23,,,,,,GB,109.0,132.4,0.32,3.68
Malik Washington,97108,WR,MIA,17,5.4,13,74.2,55.6,5,9,0,2.1,1,-0.05,16,17,0,86.3,72.4,60.9,,62.9,0.5,2,2,28,0.0,0,384,2,43.8,46,95.8,368,48.2,185,87.9,62,3,47.4,182,317,262,5.7,6.9,0.86,2025,206.7,,,,,243.0,-0.18,,,,,,MIA,97.0,112.7,0.2,1.79
Darius Slayton,25578,WR,NYG,14,13.8,6,61.7,27.3,3,11,0,14.0,6,0.0,23,21,1,43.1,29.7,58.0,65.9,59.3,0.0,0,0,52,0.2,1,466,4,44.9,37,92.9,433,16.5,77,96.4,60,1,83.5,389,538,190,5.1,14.5,1.24,2025,191.4,,,,,143.0,0.25,,,,,167.0,NYG,62.0,96.8,0.13,2.62
Mike Evans,8642,WR,TB,8,14.4,1,50.8,48.0,12,25,0,11.8,4,0.12,23,30,0,50.9,76.8,69.8,,71.2,0.0,0,2,45,0.0,0,252,3,48.5,30,90.1,227,25.8,65,73.3,59,3,74.2,187,368,33,1.1,12.3,1.62,2025,33.3,,,,,34.0,-0.02,,,,,17.0,TB,14.0,84.8,0.24,2.83
Terry McLaurin,48229,WR,WAS,10,14.1,3,64.4,53.3,8,15,0,2.6,1,-0.05,33,32,0,81.9,77.9,86.5,,87.0,0.0,0,1,56,0.0,0,284,2,45.0,38,92.3,262,13.7,39,106.7,59,3,86.3,245,582,99,2.6,15.3,2.22,2025,40.3,,,,,40.0,0.01,,,,,23.0,WAS,19.0,114.2,0.26,3.01
Calvin Austin III,61418,WR,PIT,15,11.1,3,58.6,45.5,5,11,0,8.1,3,-0.09,16,25,0,61.2,83.5,54.6,,55.4,0.6,2,3,31,0.0,0,351,2,42.1,34,94.0,330,49.3,173,73.9,58,3,49.9,175,380,132,3.9,11.2,1.15,2025,215.1,,,,,224.0,-0.04,,,,,163.0,PIT,89.0,86.2,0.19,2.78
Andrei Iosivas,109811,WR,CIN,17,9.9,2,58.9,20.0,3,15,0,13.2,5,-0.02,24,7,0,44.3,77.9,53.7,74.8,53.8,0.2,1,1,37,0.5,3,584,1,44.7,33,94.5,552,58.2,340,88.0,56,2,41.4,242,435,103,3.1,13.2,0.79,2025,207.1,,,,,219.0,-0.06,,,,,185.0,CIN,84.0,89.9,0.11,2.5
Demario Douglas,104155,WR,NE,21,9.7,7,70.9,57.1,4,7,0,4.9,2,0.15,20,19,0,75.3,79.8,77.4,,78.6,0.0,0,0,58,0.0,0,311,0,51.2,39,93.6,291,81.7,254,125.6,55,4,16.4,51,531,281,7.2,13.6,1.82,2025,147.9,,,,,154.0,-0.04,,,,,170.0,NE,69.0,95.8,0.33,2.52
Garrett Wilson,97405,WR,NYJ,7,9.8,9,66.7,41.7,5,12,1,7.7,3,-0.14,18,22,1,64.8,29.3,72.5,,72.1,0.0,0,2,33,0.0,0,242,2,43.1,36,93.0,225,38.8,94,97.4,54,4,61.2,148,395,98,2.7,11.0,1.76,2025,35.1,,,,,36.0,-0.03,,,,,57.0,NYJ,16.0,99.5,0.26,2.76
Jalen Coker,143068,WR,CAR,12,10.0,2,77.8,81.8,9,11,0,2.3,1,-0.02,27,5,1,83.6,78.4,75.4,73.1,75.3,0.9,3,2,52,0.9,3,349,1,44.5,42,93.7,327,55.3,193,116.7,54,4,43.0,150,528,149,3.5,12.6,1.61,2025,190.2,,,,,148.0,0.22,,,,,138.0,CAR,65.0,90.4,0.21,2.74
Ricky Pearsall,100660,WR,SF,10,14.0,0,67.9,81.8,9,11,0,2.7,1,0.1,27,28,0,80.4,77.9,71.6,,73.2,0.0,0,4,45,0.0,0,331,1,49.4,36,94.9,314,21.8,72,68.8,53,0,78.2,259,528,78,2.2,14.7,1.68,2025,59.3,,,,,62.0,-0.05,,,,,92.0,SF,33.0,88.6,0.18,2.33
Tyler Lockett,9502,WR,LV,17,7.3,2,61.5,30.0,3,10,0,11.1,4,-0.33,14,23,0,52.1,77.0,52.1,,52.8,0.3,1,1,33,0.0,0,396,1,38.2,32,94.4,374,71.5,283,75.1,52,1,28.3,112,291,84,2.6,9.1,0.78,2025,214.0,,,,,247.0,-0.15,,,,,203.0,TEN,100.0,67.1,0.13,2.1
Pat Bryant,144800,WR,DEN,17,9.6,8,68.6,60.0,9,15,1,7.9,3,0.03,25,10,0,63.9,77.8,63.6,64.9,66.6,0.9,3,3,48,0.3,1,334,5,43.6,35,95.2,318,58.7,196,75.0,51,1,39.8,133,412,165,4.7,11.8,1.3,2025,174.6,,,,,208.0,-0.19,,,,,,DEN,81.0,74.8,0.16,2.41
Jalen Nailor,84292,WR,MIN,17,13.1,3,59.2,75.0,9,12,0,3.3,1,-0.18,23,18,0,78.4,77.8,66.3,66.4,67.1,0.2,1,5,62,1.1,5,451,3,41.7,29,92.9,419,60.1,271,76.8,49,4,39.5,178,444,114,3.9,15.3,1.06,2025,215.4,,,,,240.0,-0.11,,,,,,MIN,94.0,98.7,0.15,3.18
Chris Godwin,11839,WR,TB,9,7.8,10,67.3,46.2,6,13,0,5.7,2,0.02,21,30,0,70.8,77.3,68.9,77.5,68.8,0.0,0,1,59,1.4,4,294,0,45.0,33,90.1,265,54.1,159,93.9,49,2,45.9,135,360,206,6.2,10.9,1.36,2025,100.0,,,,,124.0,-0.24,,,,,13.0,TB,58.0,81.0,0.19,2.45
Matthew Golden,156165,WR,GB,15,13.2,6,71.7,66.7,4,6,0,2.9,1,0.17,20,12,0,78.9,81.6,70.5,66.4,72.7,1.9,6,1,46,0.3,1,310,0,50.0,33,93.9,291,41.6,129,100.4,46,1,56.5,175,445,146,4.4,13.5,1.53,2025,66.5,,,,,56.0,0.16,,,,,,GB,30.0,70.0,0.15,1.79
Dontayvion Wicks,99711,WR,GB,14,11.6,3,68.2,63.6,7,11,1,9.1,3,0.07,21,12,0,58.8,77.0,70.2,79.4,71.2,3.6,9,2,30,1.6,4,253,1,49.2,30,94.1,238,48.6,123,86.6,44,2,47.8,121,332,68,2.3,11.1,1.39,2025,215.6,,,,,252.0,-0.17,,,,,178.0,GB,103.0,75.8,0.19,2.45
Travis Hunter,160766,WR,JAX,7,8.1,9,65.1,50.0,4,8,0,6.7,2,-0.09,12,15,1,66.8,27.3,62.2,,62.7,0.0,0,2,44,0.0,0,238,3,41.3,28,94.5,225,64.7,154,73.6,43,1,33.6,80,298,141,5.0,10.6,1.32,2025,56.8,,,,,47.0,0.17,,,,,,JAX,22.0,63.8,0.2,2.2
Cedric Tillman,84434,WR,CLV,13,11.9,0,53.8,50.0,3,6,0,4.5,1,-0.29,13,8,0,72.1,74.9,55.8,,57.4,0.0,0,2,42,0.0,0,335,2,34.8,21,94.3,316,31.9,107,71.5,39,2,68.1,228,270,61,2.9,12.9,0.85,2025,153.4,,,,,141.0,0.08,,,,,93.0,CLE,60.0,60.0,0.12,2.86
DeAndre Hopkins,7808,WR,BLT,17,14.5,0,57.9,64.7,11,17,0,4.3,1,-0.18,15,3,0,73.5,75.3,81.3,,82.3,0.0,0,1,41,0.0,0,216,0,42.6,22,93.5,202,27.3,59,93.1,38,2,72.7,157,330,67,3.0,15.0,1.63,2025,204.0,,,,,202.0,0.01,,,,,142.0,BAL,75.0,67.0,0.2,3.05
Joshua Palmer,62979,WR,BUF,12,11.1,0,59.5,57.1,4,7,1,4.3,1,0.22,13,4,0,72.3,74.9,58.4,,61.5,1.2,3,2,45,0.0,0,256,5,49.8,22,92.6,237,21.1,54,63.2,37,0,77.7,199,303,54,2.5,13.8,1.28,2025,136.1,,,,,151.0,-0.11,,,,,244.0,BUF,66.0,52.3,0.13,2.38
Dyami Brown,77986,WR,JAX,13,14.4,3,54.1,50.0,4,8,0,16.7,4,-0.13,13,15,0,29.4,27.9,55.5,,58.0,0.0,0,1,39,0.0,0,219,2,42.4,20,93.6,205,26.0,57,70.4,37,1,74.0,162,227,36,1.8,11.4,1.11,2025,189.8,,,,,189.0,0.0,,,,,195.0,JAX,74.0,51.7,0.15,1.99
KaVontae Turpin,47658,WR,DAL,15,9.2,6,70.3,50.0,1,2,1,13.3,4,0.2,16,9,0,45.4,74.7,61.6,67.1,64.7,0.0,0,1,86,0.4,1,267,1,51.9,26,89.9,240,72.7,194,112.0,37,2,25.5,68,396,212,8.2,15.2,1.65,2025,215.2,,,,,250.0,-0.16,,,,,216.0,DAL,101.0,86.5,0.23,2.01
Devaughn Vele,100637,WR,NO,13,12.6,0,69.4,81.8,9,11,0,0.0,0,-0.04,19,20,0,86.5,75.9,72.7,72.3,74.3,3.4,9,0,17,1.9,5,267,1,44.1,25,90.6,242,41.6,111,112.4,36,2,54.7,146,293,32,1.3,11.7,1.21,2025,215.8,,,,,239.0,-0.11,,,,,186.0,NO,93.0,66.3,0.15,2.65
Jaylin Noel,125155,WR,HST,19,9.9,0,74.3,50.0,1,2,0,3.7,1,0.06,13,13,0,74.9,90.7,68.2,,69.0,0.0,0,1,44,0.0,0,221,0,44.5,26,94.6,209,65.6,145,105.9,35,2,33.5,74,292,100,3.8,11.2,1.4,2025,209.0,,,,,204.0,0.02,,,,,,HOU,77.0,68.4,0.23,2.14
Rashod Bateman,84296,WR,BLT,13,12.7,2,54.3,40.0,2,5,0,13.6,3,0.02,12,3,0,46.6,74.4,55.5,,54.6,0.0,0,1,36,0.0,0,335,2,49.2,19,95.2,319,11.3,38,81.1,35,2,88.4,296,224,42,2.2,11.8,0.7,2025,115.1,,,,,117.0,-0.02,,,,,91.0,BAL,53.0,53.4,0.1,2.81
Calvin Ridley,48262,WR,TEN,7,13.5,2,48.6,14.3,1,7,0,15.0,3,-0.24,13,31,0,41.9,73.6,67.8,,66.7,0.0,0,1,47,0.0,0,171,1,35.0,17,93.6,160,24.6,42,66.7,35,0,75.4,129,303,86,5.1,17.8,1.89,2025,51.6,,,,,50.0,0.03,,,,,88.0,TEN,25.0,47.3,0.19,2.78
Jahan Dotson,84375,WR,PHI,18,15.8,0,52.9,50.0,3,6,0,0.0,0,0.02,10,24,0,83.2,81.7,54.1,52.8,53.0,0.2,1,3,51,0.2,1,462,1,45.0,18,94.6,437,41.3,191,51.3,34,1,58.4,270,262,50,2.8,14.6,0.6,2025,215.8,,,,,264.0,-0.22,,,,,268.0,PHI,108.0,50.2,0.08,2.79
Adam Thielen,8288,WR,PIT,17,8.9,2,61.8,50.0,5,10,1,12.5,3,-0.09,12,25,0,49.3,74.9,54.1,62.3,57.3,0.4,1,0,28,0.4,1,278,2,44.1,21,94.2,262,54.7,152,79.4,34,0,44.6,124,211,55,2.6,10.0,0.81,2025,171.8,,,,,152.0,0.12,,,,,59.0,MIN,67.0,37.6,0.1,1.98
Jalen Tolbert,61637,WR,DAL,13,12.4,2,54.5,40.0,4,10,0,5.3,1,0.17,12,9,0,70.5,78.1,60.4,,61.2,0.0,0,1,35,0.0,0,284,1,49.6,18,93.0,264,45.4,129,70.6,33,1,54.6,155,203,49,2.7,11.3,0.77,2025,215.8,,,,,261.0,-0.21,,,,,155.0,DAL,105.0,44.3,0.1,2.46
Marquez Valdes-Scantling,47809,WR,PIT,11,11.8,0,53.1,16.7,1,6,0,5.6,1,0.03,7,25,1,67.7,23.4,49.2,,51.1,0.0,0,0,19,0.0,0,267,1,43.8,17,96.6,258,27.3,73,75.8,32,1,72.7,194,146,36,2.1,8.6,0.57,2025,215.9,,,,,262.0,-0.21,,,,,128.0,SF,106.0,32.0,0.09,2.29
Dont'e Thornton,146547,WR,LV,14,17.9,0,33.3,20.0,3,15,0,16.7,2,-0.3,7,23,0,45.7,71.9,51.7,,52.7,0.0,0,3,36,0.0,0,267,1,36.8,10,94.8,253,31.1,83,9.0,30,0,68.9,184,135,38,3.8,13.5,0.53,2025,156.7,,,,,207.0,-0.32,,,,,,LV,80.0,23.5,0.06,2.35
Malik Nabers,146759,WR,NYG,4,18.2,2,60.0,42.9,3,7,0,10.0,2,-0.09,11,21,0,56.1,73.9,71.9,,71.4,0.0,0,2,48,0.0,0,145,0,42.5,18,92.4,134,24.1,35,84.2,30,2,75.9,110,271,51,2.8,15.1,2.02,2025,9.3,,,,,12.0,-0.29,,,,,28.0,NYG,8.0,57.1,0.26,3.17
Tyreek Hill,10799,WR,MIA,4,13.1,2,72.4,100.0,3,3,0,4.5,1,0.01,17,17,0,72.1,76.1,82.2,,81.1,0.0,0,1,47,0.0,0,112,0,46.2,21,92.9,104,41.1,46,97.6,29,1,58.0,65,265,61,2.9,12.6,2.55,2025,26.7,,,,,28.0,-0.05,,,,,78.0,MIA,13.0,53.5,0.35,2.55
Jayden Reed,78171,WR,GB,8,9.5,4,79.3,25.0,1,4,0,8.0,2,0.24,10,12,0,62.3,77.5,70.2,65.9,70.9,2.6,4,0,31,0.6,1,156,1,52.0,23,96.2,150,70.5,110,125.6,29,2,24.4,38,250,101,4.4,10.9,1.67,2025,82.5,,,,,98.0,-0.19,,,,,83.0,GB,48.0,48.5,0.29,2.2
Jack Bech,146771,WR,LV,15,9.4,1,71.4,55.6,5,9,0,4.8,1,-0.18,11,23,0,70.5,74.4,59.9,72.6,61.2,1.4,3,2,37,1.4,3,210,2,40.8,20,91.9,193,27.6,58,65.2,28,0,71.0,149,224,68,3.4,11.2,1.16,2025,213.0,,,,,242.0,-0.14,,,,,,LV,96.0,42.4,0.12,2.12
Kyle Williams,128374,WR,NE,21,18.7,0,44.4,14.3,1,7,0,14.3,2,0.27,8,19,0,45.7,78.9,59.5,65.7,58.5,0.0,0,1,72,0.4,1,240,1,51.8,12,92.9,223,10.8,26,95.1,27,3,89.2,214,223,78,6.5,18.6,1.0,2025,150.8,,,,,153.0,-0.01,,,,,,NE,68.0,49.2,0.15,4.1
Isaac TeSlaa,172430,WR,DET,17,14.8,1,61.5,55.6,5,9,0,0.0,0,0.1,14,11,0,81.7,73.3,63.1,65.7,63.3,0.3,1,1,29,0.3,1,312,1,47.5,16,94.9,296,28.8,90,115.2,26,6,70.5,220,239,55,3.4,14.9,0.81,2025,177.0,,,,,187.0,-0.06,,,,,,DET,72.0,75.9,0.17,4.74
Tory Horton,128232,WR,SEA,8,16.5,1,59.1,33.3,2,6,0,0.0,0,0.2,7,29,0,81.1,83.7,70.1,62.4,69.1,0.0,0,0,25,0.7,1,149,1,50.4,13,92.6,138,22.1,33,121.4,22,5,77.9,116,161,28,2.2,12.4,1.17,2025,175.2,,,,,186.0,-0.06,,,,,,SEA,71.0,59.1,0.26,4.55
Josh Reynolds,11872,WR,NYJ,5,13.6,3,52.4,25.0,2,8,0,8.3,1,-0.16,4,22,0,63.2,72.3,61.6,,61.8,0.0,0,2,13,0.0,0,172,0,41.9,11,93.0,160,21.5,37,26.2,21,0,78.5,135,101,14,1.3,9.2,0.63,2025,214.7,,,,,226.0,-0.05,,,,,255.0,NYJ,91.0,21.1,0.08,1.92
Roman Wilson,129604,WR,PIT,13,13.8,1,60.0,25.0,1,4,0,0.0,0,0.01,7,25,1,80.0,20.2,59.8,,58.7,0.0,0,0,45,0.0,0,164,0,40.6,12,94.5,155,20.1,33,120.0,20,2,79.9,131,166,67,5.6,13.8,1.07,2025,212.4,,,,,225.0,-0.06,,,,,,PIT,90.0,40.6,0.16,3.38
Nick Westbrook-Ikhine,47861,WR,MIA,14,5.7,2,61.1,50.0,1,2,0,21.4,3,-0.09,8,17,0,31.0,71.9,51.5,70.7,49.4,0.0,0,1,18,1.7,4,235,0,38.9,11,94.5,222,40.4,95,50.5,18,0,59.6,140,89,29,2.6,8.1,0.4,2025,215.8,,,,,266.0,-0.23,,,,,105.0,MIA,110.0,19.9,0.05,1.81
Tutu Atwell,77965,WR,LA,11,20.4,0,40.0,16.7,1,6,1,0.0,0,0.19,4,26,0,74.6,68.8,56.9,,57.3,0.0,0,1,88,0.0,0,169,1,49.0,6,92.9,157,63.9,108,81.9,15,1,36.1,61,192,65,10.8,32.0,1.22,2025,215.4,,,,,246.0,-0.14,,,,,253.0,LA,99.0,31.2,0.17,5.2
Jalen McMillan,131905,WR,TB,4,11.8,1,80.0,100.0,2,2,0,14.3,2,0.07,8,30,0,46.0,72.5,66.3,,67.5,0.0,0,1,33,0.0,0,86,0,50.6,12,96.5,83,19.8,17,88.3,15,0,80.2,69,178,58,4.8,14.8,2.14,2025,210.7,,,,,251.0,-0.19,,,,,79.0,TB,102.0,29.9,0.22,2.3
Ray-Ray McCloud III,47895,WR,NYG,6,6.3,3,53.8,100.0,1,1,0,12.5,1,-0.06,4,21,0,52.1,76.3,49.6,65.1,53.9,0.0,0,1,24,0.7,1,141,2,44.5,7,96.5,136,34.0,48,37.0,13,0,66.0,93,69,43,6.1,9.9,0.51,2025,213.7,,,,,238.0,-0.11,,,,,211.0,ATL,92.0,13.9,0.07,1.99
KeAndre Lambert-Smith,129789,WR,LAC,10,17.6,1,41.7,100.0,1,1,0,16.7,1,-0.13,3,27,0,46.3,79.7,56.0,,58.6,0.0,0,1,18,0.0,0,79,2,46.1,5,96.2,76,12.7,10,47.6,12,1,87.3,69,51,21,4.2,10.2,0.67,2025,212.8,,,,,221.0,-0.04,,,,,,LAC,86.0,16.1,0.13,3.22
Noah Brown,11993,WR,WAS,4,15.2,1,50.0,40.0,2,5,0,16.7,1,-0.45,3,32,0,49.2,68.8,58.8,,61.5,0.0,0,0,28,0.0,0,77,1,35.7,5,90.9,70,19.5,15,78.3,10,0,80.5,62,83,10,2.0,16.6,1.19,2025,215.7,,,,,260.0,-0.21,,,,,,WAS,104.0,13.3,0.13,2.66
Jalen Royals,163442,WR,KC,5,7.0,0,66.7,100.0,1,1,0,0.0,0,-0.6,0,16,0,68.3,66.8,49.9,,52.5,0.0,0,0,2,0.0,0,38,0,25.0,2,94.7,36,31.6,12,70.1,3,0,68.4,26,4,4,2.0,2.0,0.11,2025,214.3,,,,,263.0,-0.23,,,,,,KC,107.0,2.4,0.03,1.2
